"stateabbr","locationname","locationid","measureid","short_question_text","data_value","low_confidence_limit","high_confidence_limit","totalpopulation"
"MN","Aitkin","27001","ACCESS2","Health Insurance","7.4","5.7","9.5","16102"
"MN","Anoka","27003","ACCESS2","Health Insurance","7.5","6.0","9.4","372441"
"MN","Becker","27005","ACCESS2","Health Insurance","7.5","5.8","9.7","35283"
"MN","Beltrami","27007","ACCESS2","Health Insurance","8.2","6.4","10.5","46718"
"MN","Benton","27009","ACCESS2","Health Insurance","8.0","6.1","10.1","41600"
"MN","Big Stone","27011","ACCESS2","Health Insurance","7.9","6.1","10.0","5105"
"MN","Blue Earth","27013","ACCESS2","Health Insurance","7.9","6.1","10.3","70006"
"MN","Brown","27015","ACCESS2","Health Insurance","8.1","6.2","10.2","25628"
"MN","Carlton","27017","ACCESS2","Health Insurance","8.0","6.1","10.2","36825"
"MN","Carver","27019","ACCESS2","Health Insurance","5.8","4.3","7.8","111057"
"MN","Cass","27021","ACCESS2","Health Insurance","7.4","5.8","9.6","31446"
"MN","Chippewa","27023","ACCESS2","Health Insurance","9.9","7.8","12.4","12172"
"MN","Chisago","27025","ACCESS2","Health Insurance","7.0","5.4","9.1","58535"
"MN","Clay","27027","ACCESS2","Health Insurance","7.2","5.6","9.3","66258"
"MN","Clearwater","27029","ACCESS2","Health Insurance","8.9","6.9","11.3","8644"
"MN","Cook","27031","ACCESS2","Health Insurance","6.3","4.8","8.1","5639"
"MN","Cottonwood","27033","ACCESS2","Health Insurance","10.2","8.1","12.5","11319"
"MN","Crow Wing","27035","ACCESS2","Health Insurance","7.0","5.3","9.1","68304"
"MN","Dakota","27037","ACCESS2","Health Insurance","7.1","5.6","8.8","447440"
"MN","Dodge","27039","ACCESS2","Health Insurance","7.1","5.4","9.1","21088"
"MN","Douglas","27041","ACCESS2","Health Insurance","6.9","5.2","8.8","39953"
"MN","Faribault","27043","ACCESS2","Health Insurance","9.3","7.2","11.7","13873"
"MN","Fillmore","27045","ACCESS2","Health Insurance","7.6","5.7","9.9","21522"
"MN","Freeborn","27047","ACCESS2","Health Insurance","9.8","7.8","12.1","30515"
"MN","Goodhue","27049","ACCESS2","Health Insurance","7.7","6.0","10.0","48035"
"MN","Grant","27051","ACCESS2","Health Insurance","8.0","6.1","10.2","6139"
"MN","Hennepin","27053","ACCESS2","Health Insurance","7.5","5.9","9.7","1258713"
"MN","Houston","27055","ACCESS2","Health Insurance","6.8","5.1","8.8","18582"
"MN","Hubbard","27057","ACCESS2","Health Insurance","6.9","5.2","9.0","22132"
"MN","Isanti","27059","ACCESS2","Health Insurance","8.0","6.0","10.3","43182"
"MN","Itasca","27061","ACCESS2","Health Insurance","7.1","5.5","9.1","45365"
"MN","Jackson","27063","ACCESS2","Health Insurance","7.7","5.9","9.8","9919"
"MN","Kanabec","27065","ACCESS2","Health Insurance","8.5","6.7","11.0","16602"
"MN","Kandiyohi","27067","ACCESS2","Health Insurance","10.0","8.0","12.4","43813"
"MN","Kittson","27069","ACCESS2","Health Insurance","7.0","5.3","8.9","4060"
"MN","Koochiching","27071","ACCESS2","Health Insurance","7.3","5.6","9.4","11751"
"MN","Lac qui Parle","27073","ACCESS2","Health Insurance","7.3","5.6","9.2","6630"
"MN","Lake","27075","ACCESS2","Health Insurance","7.2","5.4","9.4","10855"
"MN","Lake of the Woods","27077","ACCESS2","Health Insurance","7.0","5.3","9.0","3778"
"MN","Le Sueur","27079","ACCESS2","Health Insurance","7.7","6.1","9.7","29255"
"MN","Lincoln","27081","ACCESS2","Health Insurance","7.7","5.9","9.9","5521"
"MN","Lyon","27083","ACCESS2","Health Insurance","8.5","6.7","10.7","25427"
"MN","Mahnomen","27087","ACCESS2","Health Insurance","11.4","9.3","13.9","5280"
"MN","Marshall","27089","ACCESS2","Health Insurance","8.2","6.4","10.5","8810"
"MN","Martin","27091","ACCESS2","Health Insurance","8.4","6.6","10.6","19657"
"MN","McLeod","27085","ACCESS2","Health Insurance","8.3","6.6","10.2","36785"
"MN","Meeker","27093","ACCESS2","Health Insurance","7.8","6.1","9.8","23490"
"MN","Mille Lacs","27095","ACCESS2","Health Insurance","8.3","6.5","10.5","27427"
"MN","Morrison","27097","ACCESS2","Health Insurance","7.7","5.8","10.0","34250"
"MN","Mower","27099","ACCESS2","Health Insurance","10.6","8.5","13.1","40058"
"MN","Murray","27101","ACCESS2","Health Insurance","8.3","6.3","10.6","8049"
"MN","Nicollet","27103","ACCESS2","Health Insurance","7.3","5.7","9.3","34242"
"MN","Nobles","27105","ACCESS2","Health Insurance","16.5","13.5","20.1","21727"
"MN","Norman","27107","ACCESS2","Health Insurance","8.3","6.5","10.7","6329"
"MN","Olmsted","27109","ACCESS2","Health Insurance","6.7","5.2","8.6","164784"
"MN","Otter Tail","27111","ACCESS2","Health Insurance","7.5","5.6","9.6","60626"
"MN","Pennington","27113","ACCESS2","Health Insurance","7.9","6.2","10.0","13714"
"MN","Pine","27115","ACCESS2","Health Insurance","8.7","6.7","10.8","30197"
"MN","Pipestone","27117","ACCESS2","Health Insurance","9.1","7.2","11.5","9245"
"MN","Polk","27119","ACCESS2","Health Insurance","8.3","6.4","10.6","30412"
"MN","Pope","27121","ACCESS2","Health Insurance","7.2","5.5","9.4","11400"
"MN","Ramsey","27123","ACCESS2","Health Insurance","7.8","6.2","9.5","536075"
"MN","Red Lake","27125","ACCESS2","Health Insurance","7.6","6.0","9.6","3911"
"MN","Redwood","27127","ACCESS2","Health Insurance","8.5","6.7","10.6","15288"
"MN","Renville","27129","ACCESS2","Health Insurance","9.8","7.7","12.1","14348"
"MN","Rice","27131","ACCESS2","Health Insurance","8.7","7.0","10.9","67948"
"MN","Rock","27133","ACCESS2","Health Insurance","8.0","6.2","10.1","9551"
"MN","Roseau","27135","ACCESS2","Health Insurance","7.8","5.9","10.0","15252"
"MN","Scott","27139","ACCESS2","Health Insurance","6.6","5.2","8.3","155814"
"MN","Sherburne","27141","ACCESS2","Health Insurance","7.1","5.6","9.2","102206"
"MN","Sibley","27143","ACCESS2","Health Insurance","9.0","7.2","11.3","15084"
"MN","Stearns","27145","ACCESS2","Health Insurance","7.9","6.2","9.9","160977"
"MN","Steele","27147","ACCESS2","Health Insurance","8.2","6.5","10.5","37421"
"MN","Stevens","27149","ACCESS2","Health Insurance","9.7","7.6","12.1","9728"
"MN","St. Louis","27137","ACCESS2","Health Insurance","6.8","5.2","8.8","200514"
"MN","Swift","27151","ACCESS2","Health Insurance","9.1","7.2","11.3","9719"
"MN","Todd","27153","ACCESS2","Health Insurance","10.4","8.4","12.7","25667"
"MN","Traverse","27155","ACCESS2","Health Insurance","8.5","6.7","10.7","3136"
"MN","Wabasha","27157","ACCESS2","Health Insurance","7.0","5.4","8.8","21683"
"MN","Wadena","27159","ACCESS2","Health Insurance","8.8","6.7","11.1","14241"
"MN","Waseca","27161","ACCESS2","Health Insurance","8.9","7.1","11.0","18981"
"MN","Washington","27163","ACCESS2","Health Insurance","5.8","4.4","7.4","278936"
"MN","Watonwan","27165","ACCESS2","Health Insurance","13.4","10.8","16.3","11077"
"MN","Wilkin","27167","ACCESS2","Health Insurance","8.0","6.2","10.2","6306"
"MN","Winona","27169","ACCESS2","Health Insurance","7.3","5.6","9.6","49721"
"MN","Wright","27171","ACCESS2","Health Insurance","6.8","5.1","8.8","151150"
"MN","Yellow Medicine","27173","ACCESS2","Health Insurance","8.5","6.8","10.9","9467"
"MN","Aitkin","27001","CHECKUP","Annual Checkup","79.7","76.4","82.8","16102"
"MN","Anoka","27003","CHECKUP","Annual Checkup","73.2","70.4","76.0","372441"
"MN","Becker","27005","CHECKUP","Annual Checkup","77.6","74.4","80.8","35283"
"MN","Beltrami","27007","CHECKUP","Annual Checkup","73.2","69.8","76.6","46718"
"MN","Benton","27009","CHECKUP","Annual Checkup","74.2","70.4","77.6","41600"
"MN","Big Stone","27011","CHECKUP","Annual Checkup","77.2","73.4","80.7","5105"
"MN","Blue Earth","27013","CHECKUP","Annual Checkup","73.0","69.1","76.7","70006"
"MN","Brown","27015","CHECKUP","Annual Checkup","76.8","73.3","80.2","25628"
"MN","Carlton","27017","CHECKUP","Annual Checkup","73.2","69.7","76.6","36825"
"MN","Carver","27019","CHECKUP","Annual Checkup","75.2","71.7","78.5","111057"
"MN","Cass","27021","CHECKUP","Annual Checkup","77.8","74.5","80.9","31446"
"MN","Chippewa","27023","CHECKUP","Annual Checkup","75.0","71.1","78.8","12172"
"MN","Chisago","27025","CHECKUP","Annual Checkup","75.4","71.7","78.8","58535"
"MN","Clay","27027","CHECKUP","Annual Checkup","72.7","68.4","76.7","66258"
"MN","Clearwater","27029","CHECKUP","Annual Checkup","74.1","70.1","77.8","8644"
"MN","Cook","27031","CHECKUP","Annual Checkup","78.8","75.3","82.0","5639"
"MN","Cottonwood","27033","CHECKUP","Annual Checkup","76.0","72.2","79.5","11319"
"MN","Crow Wing","27035","CHECKUP","Annual Checkup","76.6","73.1","79.8","68304"
"MN","Dakota","27037","CHECKUP","Annual Checkup","75.5","72.9","78.0","447440"
"MN","Dodge","27039","CHECKUP","Annual Checkup","73.5","69.3","77.2","21088"
"MN","Douglas","27041","CHECKUP","Annual Checkup","77.1","73.6","80.3","39953"
"MN","Faribault","27043","CHECKUP","Annual Checkup","75.9","72.0","79.3","13873"
"MN","Fillmore","27045","CHECKUP","Annual Checkup","75.9","72.2","79.5","21522"
"MN","Freeborn","27047","CHECKUP","Annual Checkup","75.7","71.8","79.3","30515"
"MN","Goodhue","27049","CHECKUP","Annual Checkup","74.8","71.1","78.1","48035"
"MN","Grant","27051","CHECKUP","Annual Checkup","76.2","72.1","79.7","6139"
"MN","Hennepin","27053","CHECKUP","Annual Checkup","74.7","72.5","76.7","1258713"
"MN","Houston","27055","CHECKUP","Annual Checkup","76.2","72.5","79.6","18582"
"MN","Hubbard","27057","CHECKUP","Annual Checkup","78.6","75.2","81.8","22132"
"MN","Isanti","27059","CHECKUP","Annual Checkup","73.5","69.9","77.1","43182"
"MN","Itasca","27061","CHECKUP","Annual Checkup","76.9","73.4","80.1","45365"
"MN","Jackson","27063","CHECKUP","Annual Checkup","76.3","72.6","79.7","9919"
"MN","Kanabec","27065","CHECKUP","Annual Checkup","74.0","69.9","77.7","16602"
"MN","Kandiyohi","27067","CHECKUP","Annual Checkup","75.8","72.0","79.3","43813"
"MN","Kittson","27069","CHECKUP","Annual Checkup","77.5","73.5","81.1","4060"
"MN","Koochiching","27071","CHECKUP","Annual Checkup","77.4","73.7","81.1","11751"
"MN","Lac qui Parle","27073","CHECKUP","Annual Checkup","77.8","74.2","81.0","6630"
"MN","Lake","27075","CHECKUP","Annual Checkup","76.6","72.8","80.0","10855"
"MN","Lake of the Woods","27077","CHECKUP","Annual Checkup","77.7","74.2","81.1","3778"
"MN","Le Sueur","27079","CHECKUP","Annual Checkup","75.3","71.5","78.9","29255"
"MN","Lincoln","27081","CHECKUP","Annual Checkup","77.3","73.5","80.5","5521"
"MN","Lyon","27083","CHECKUP","Annual Checkup","75.0","71.2","78.7","25427"
"MN","Mahnomen","27087","CHECKUP","Annual Checkup","75.0","71.2","78.6","5280"
"MN","Marshall","27089","CHECKUP","Annual Checkup","76.0","72.2","79.3","8810"
"MN","Martin","27091","CHECKUP","Annual Checkup","76.5","73.1","80.3","19657"
"MN","McLeod","27085","CHECKUP","Annual Checkup","74.4","70.5","78.0","36785"
"MN","Meeker","27093","CHECKUP","Annual Checkup","76.1","72.6","79.4","23490"
"MN","Mille Lacs","27095","CHECKUP","Annual Checkup","74.1","70.3","77.5","27427"
"MN","Morrison","27097","CHECKUP","Annual Checkup","75.8","72.0","79.7","34250"
"MN","Mower","27099","CHECKUP","Annual Checkup","74.3","70.6","77.9","40058"
"MN","Murray","27101","CHECKUP","Annual Checkup","76.5","72.7","80.1","8049"
"MN","Nicollet","27103","CHECKUP","Annual Checkup","73.1","69.0","76.7","34242"
"MN","Nobles","27105","CHECKUP","Annual Checkup","73.4","69.3","77.0","21727"
"MN","Norman","27107","CHECKUP","Annual Checkup","75.4","71.5","79.1","6329"
"MN","Olmsted","27109","CHECKUP","Annual Checkup","73.1","69.5","76.3","164784"
"MN","Otter Tail","27111","CHECKUP","Annual Checkup","76.5","73.0","79.7","60626"
"MN","Pennington","27113","CHECKUP","Annual Checkup","75.1","71.4","78.6","13714"
"MN","Pine","27115","CHECKUP","Annual Checkup","76.3","72.5","79.6","30197"
"MN","Pipestone","27117","CHECKUP","Annual Checkup","76.2","72.3","79.7","9245"
"MN","Polk","27119","CHECKUP","Annual Checkup","74.9","70.9","78.3","30412"
"MN","Pope","27121","CHECKUP","Annual Checkup","77.7","74.2","81.0","11400"
"MN","Ramsey","27123","CHECKUP","Annual Checkup","74.5","72.0","77.0","536075"
"MN","Red Lake","27125","CHECKUP","Annual Checkup","76.6","72.9","80.0","3911"
"MN","Redwood","27127","CHECKUP","Annual Checkup","75.5","71.4","79.1","15288"
"MN","Renville","27129","CHECKUP","Annual Checkup","75.5","71.8","79.1","14348"
"MN","Rice","27131","CHECKUP","Annual Checkup","74.8","71.1","78.1","67948"
"MN","Rock","27133","CHECKUP","Annual Checkup","75.7","72.1","79.2","9551"
"MN","Roseau","27135","CHECKUP","Annual Checkup","75.2","71.4","78.7","15252"
"MN","Scott","27139","CHECKUP","Annual Checkup","74.3","70.8","77.5","155814"
"MN","Sherburne","27141","CHECKUP","Annual Checkup","71.9","67.9","75.5","102206"
"MN","Sibley","27143","CHECKUP","Annual Checkup","74.9","70.9","78.5","15084"
"MN","Stearns","27145","CHECKUP","Annual Checkup","74.3","71.1","77.2","160977"
"MN","Steele","27147","CHECKUP","Annual Checkup","74.5","70.8","78.3","37421"
"MN","Stevens","27149","CHECKUP","Annual Checkup","72.1","67.8","75.9","9728"
"MN","St. Louis","27137","CHECKUP","Annual Checkup","74.9","71.7","77.8","200514"
"MN","Swift","27151","CHECKUP","Annual Checkup","76.3","72.5","79.9","9719"
"MN","Todd","27153","CHECKUP","Annual Checkup","75.3","71.4","78.8","25667"
"MN","Traverse","27155","CHECKUP","Annual Checkup","76.7","72.0","80.8","3136"
"MN","Wabasha","27157","CHECKUP","Annual Checkup","76.9","73.5","80.3","21683"
"MN","Wadena","27159","CHECKUP","Annual Checkup","74.8","70.9","78.4","14241"
"MN","Waseca","27161","CHECKUP","Annual Checkup","75.0","71.1","78.7","18981"
"MN","Washington","27163","CHECKUP","Annual Checkup","76.2","73.3","79.0","278936"
"MN","Watonwan","27165","CHECKUP","Annual Checkup","75.7","72.0","79.2","11077"
"MN","Wilkin","27167","CHECKUP","Annual Checkup","75.2","71.3","78.9","6306"
"MN","Winona","27169","CHECKUP","Annual Checkup","72.8","69.5","76.8","49721"
"MN","Wright","27171","CHECKUP","Annual Checkup","74.9","71.4","78.2","151150"
"MN","Yellow Medicine","27173","CHECKUP","Annual Checkup","75.9","72.1","79.7","9467"
"MN","Aitkin","27001","COGNITION","Cognitive Disability","13.3","11.3","15.4","16102"
"MN","Anoka","27003","COGNITION","Cognitive Disability","13.1","11.2","15.2","372441"
"MN","Becker","27005","COGNITION","Cognitive Disability","13.5","11.3","15.6","35283"
"MN","Beltrami","27007","COGNITION","Cognitive Disability","15.7","13.4","18.1","46718"
"MN","Benton","27009","COGNITION","Cognitive Disability","14.3","12.2","16.9","41600"
"MN","Big Stone","27011","COGNITION","Cognitive Disability","13.2","11.2","15.4","5105"
"MN","Blue Earth","27013","COGNITION","Cognitive Disability","15.3","12.7","18.2","70006"
"MN","Brown","27015","COGNITION","Cognitive Disability","13.4","11.2","15.6","25628"
"MN","Carlton","27017","COGNITION","Cognitive Disability","13.9","11.9","16.0","36825"
"MN","Carver","27019","COGNITION","Cognitive Disability","10.6","8.9","12.6","111057"
"MN","Cass","27021","COGNITION","Cognitive Disability","13.3","11.3","15.5","31446"
"MN","Chippewa","27023","COGNITION","Cognitive Disability","14.3","12.3","16.5","12172"
"MN","Chisago","27025","COGNITION","Cognitive Disability","12.7","10.8","14.7","58535"
"MN","Clay","27027","COGNITION","Cognitive Disability","13.9","11.5","16.6","66258"
"MN","Clearwater","27029","COGNITION","Cognitive Disability","15.3","13.2","17.6","8644"
"MN","Cook","27031","COGNITION","Cognitive Disability","11.2","9.4","13.0","5639"
"MN","Cottonwood","27033","COGNITION","Cognitive Disability","14.2","12.0","16.5","11319"
"MN","Crow Wing","27035","COGNITION","Cognitive Disability","12.6","10.6","14.7","68304"
"MN","Dakota","27037","COGNITION","Cognitive Disability","11.3","9.6","13.3","447440"
"MN","Dodge","27039","COGNITION","Cognitive Disability","12.4","10.4","14.6","21088"
"MN","Douglas","27041","COGNITION","Cognitive Disability","12.3","10.3","14.4","39953"
"MN","Faribault","27043","COGNITION","Cognitive Disability","14.3","12.2","16.5","13873"
"MN","Fillmore","27045","COGNITION","Cognitive Disability","13.4","11.2","15.8","21522"
"MN","Freeborn","27047","COGNITION","Cognitive Disability","14.2","12.2","16.5","30515"
"MN","Goodhue","27049","COGNITION","Cognitive Disability","12.9","11.0","15.2","48035"
"MN","Grant","27051","COGNITION","Cognitive Disability","14.0","11.9","16.3","6139"
"MN","Hennepin","27053","COGNITION","Cognitive Disability","12.4","10.6","14.3","1258713"
"MN","Houston","27055","COGNITION","Cognitive Disability","12.2","10.3","14.3","18582"
"MN","Hubbard","27057","COGNITION","Cognitive Disability","12.4","10.5","14.5","22132"
"MN","Isanti","27059","COGNITION","Cognitive Disability","13.9","11.7","16.2","43182"
"MN","Itasca","27061","COGNITION","Cognitive Disability","13.3","11.2","15.4","45365"
"MN","Jackson","27063","COGNITION","Cognitive Disability","12.7","10.7","14.9","9919"
"MN","Kanabec","27065","COGNITION","Cognitive Disability","14.8","12.7","17.1","16602"
"MN","Kandiyohi","27067","COGNITION","Cognitive Disability","13.5","11.5","15.6","43813"
"MN","Kittson","27069","COGNITION","Cognitive Disability","12.5","10.5","14.7","4060"
"MN","Koochiching","27071","COGNITION","Cognitive Disability","13.3","11.2","15.3","11751"
"MN","Lac qui Parle","27073","COGNITION","Cognitive Disability","12.4","10.5","14.4","6630"
"MN","Lake","27075","COGNITION","Cognitive Disability","12.8","10.9","15.0","10855"
"MN","Lake of the Woods","27077","COGNITION","Cognitive Disability","12.5","10.5","14.5","3778"
"MN","Le Sueur","27079","COGNITION","Cognitive Disability","12.6","10.6","14.7","29255"
"MN","Lincoln","27081","COGNITION","Cognitive Disability","13.2","10.9","15.4","5521"
"MN","Lyon","27083","COGNITION","Cognitive Disability","13.6","11.6","15.9","25427"
"MN","Mahnomen","27087","COGNITION","Cognitive Disability","19.7","17.3","22.2","5280"
"MN","Marshall","27089","COGNITION","Cognitive Disability","13.4","11.4","15.6","8810"
"MN","Martin","27091","COGNITION","Cognitive Disability","13.4","11.4","15.7","19657"
"MN","McLeod","27085","COGNITION","Cognitive Disability","13.5","11.5","15.8","36785"
"MN","Meeker","27093","COGNITION","Cognitive Disability","13.4","11.4","15.5","23490"
"MN","Mille Lacs","27095","COGNITION","Cognitive Disability","14.9","12.7","17.3","27427"
"MN","Morrison","27097","COGNITION","Cognitive Disability","13.7","11.7","16.1","34250"
"MN","Mower","27099","COGNITION","Cognitive Disability","14.5","12.3","16.7","40058"
"MN","Murray","27101","COGNITION","Cognitive Disability","13.1","11.2","15.5","8049"
"MN","Nicollet","27103","COGNITION","Cognitive Disability","13.4","11.1","15.8","34242"
"MN","Nobles","27105","COGNITION","Cognitive Disability","15.6","13.4","17.9","21727"
"MN","Norman","27107","COGNITION","Cognitive Disability","14.0","11.9","16.2","6329"
"MN","Olmsted","27109","COGNITION","Cognitive Disability","11.4","9.6","13.4","164784"
"MN","Otter Tail","27111","COGNITION","Cognitive Disability","12.8","10.9","14.8","60626"
"MN","Pennington","27113","COGNITION","Cognitive Disability","13.9","11.8","16.0","13714"
"MN","Pine","27115","COGNITION","Cognitive Disability","14.6","12.4","16.8","30197"
"MN","Pipestone","27117","COGNITION","Cognitive Disability","14.3","12.2","16.4","9245"
"MN","Polk","27119","COGNITION","Cognitive Disability","13.8","11.6","16.2","30412"
"MN","Pope","27121","COGNITION","Cognitive Disability","12.8","10.9","15.0","11400"
"MN","Ramsey","27123","COGNITION","Cognitive Disability","13.2","11.3","15.3","536075"
"MN","Red Lake","27125","COGNITION","Cognitive Disability","13.3","11.5","15.3","3911"
"MN","Redwood","27127","COGNITION","Cognitive Disability","14.3","12.2","16.6","15288"
"MN","Renville","27129","COGNITION","Cognitive Disability","14.2","12.1","16.4","14348"
"MN","Rice","27131","COGNITION","Cognitive Disability","13.8","11.8","16.0","67948"
"MN","Rock","27133","COGNITION","Cognitive Disability","13.6","11.5","15.9","9551"
"MN","Roseau","27135","COGNITION","Cognitive Disability","13.8","11.7","16.1","15252"
"MN","Scott","27139","COGNITION","Cognitive Disability","11.6","9.7","13.7","155814"
"MN","Sherburne","27141","COGNITION","Cognitive Disability","13.1","11.0","15.3","102206"
"MN","Sibley","27143","COGNITION","Cognitive Disability","13.9","11.9","16.1","15084"
"MN","Stearns","27145","COGNITION","Cognitive Disability","14.4","12.3","16.6","160977"
"MN","Steele","27147","COGNITION","Cognitive Disability","12.9","10.8","15.0","37421"
"MN","Stevens","27149","COGNITION","Cognitive Disability","14.5","12.0","17.1","9728"
"MN","St. Louis","27137","COGNITION","Cognitive Disability","13.7","11.5","16.0","200514"
"MN","Swift","27151","COGNITION","Cognitive Disability","14.1","12.0","16.4","9719"
"MN","Todd","27153","COGNITION","Cognitive Disability","14.7","12.6","17.1","25667"
"MN","Traverse","27155","COGNITION","Cognitive Disability","13.7","11.7","15.9","3136"
"MN","Wabasha","27157","COGNITION","Cognitive Disability","12.3","10.5","14.3","21683"
"MN","Wadena","27159","COGNITION","Cognitive Disability","15.1","12.8","17.4","14241"
"MN","Waseca","27161","COGNITION","Cognitive Disability","14.0","12.0","16.3","18981"
"MN","Washington","27163","COGNITION","Cognitive Disability","10.8","9.0","12.7","278936"
"MN","Watonwan","27165","COGNITION","Cognitive Disability","14.2","12.3","16.5","11077"
"MN","Wilkin","27167","COGNITION","Cognitive Disability","14.0","11.9","16.2","6306"
"MN","Winona","27169","COGNITION","Cognitive Disability","14.1","11.8","17.0","49721"
"MN","Wright","27171","COGNITION","Cognitive Disability","12.3","10.4","14.3","151150"
"MN","Yellow Medicine","27173","COGNITION","Cognitive Disability","14.1","12.1","16.2","9467"
"MN","Aitkin","27001","DEPRESSION","Depression","23.2","19.9","26.7","16102"
"MN","Anoka","27003","DEPRESSION","Depression","24.6","21.8","27.3","372441"
"MN","Becker","27005","DEPRESSION","Depression","23.9","20.7","27.3","35283"
"MN","Beltrami","27007","DEPRESSION","Depression","26.9","23.7","30.1","46718"
"MN","Benton","27009","DEPRESSION","Depression","25.7","22.2","29.6","41600"
"MN","Big Stone","27011","DEPRESSION","Depression","22.2","18.8","25.9","5105"
"MN","Blue Earth","27013","DEPRESSION","Depression","26.6","23.0","30.1","70006"
"MN","Brown","27015","DEPRESSION","Depression","23.6","20.1","27.3","25628"
"MN","Carlton","27017","DEPRESSION","Depression","26.5","23.0","29.9","36825"
"MN","Carver","27019","DEPRESSION","Depression","22.9","19.7","26.1","111057"
"MN","Cass","27021","DEPRESSION","Depression","23.0","19.7","26.3","31446"
"MN","Chippewa","27023","DEPRESSION","Depression","24.0","20.4","27.8","12172"
"MN","Chisago","27025","DEPRESSION","Depression","24.1","20.7","27.6","58535"
"MN","Clay","27027","DEPRESSION","Depression","26.0","22.1","30.3","66258"
"MN","Clearwater","27029","DEPRESSION","Depression","24.8","21.4","28.5","8644"
"MN","Cook","27031","DEPRESSION","Depression","22.4","19.0","26.0","5639"
"MN","Cottonwood","27033","DEPRESSION","Depression","23.4","19.9","27.0","11319"
"MN","Crow Wing","27035","DEPRESSION","Depression","22.8","19.7","26.2","68304"
"MN","Dakota","27037","DEPRESSION","Depression","22.9","20.5","25.6","447440"
"MN","Dodge","27039","DEPRESSION","Depression","24.1","20.6","27.9","21088"
"MN","Douglas","27041","DEPRESSION","Depression","24.4","20.8","27.9","39953"
"MN","Faribault","27043","DEPRESSION","Depression","23.7","20.2","27.2","13873"
"MN","Fillmore","27045","DEPRESSION","Depression","23.7","20.1","27.6","21522"
"MN","Freeborn","27047","DEPRESSION","Depression","22.6","19.3","26.1","30515"
"MN","Goodhue","27049","DEPRESSION","Depression","23.1","20.0","26.5","48035"
"MN","Grant","27051","DEPRESSION","Depression","24.7","21.2","28.4","6139"
"MN","Hennepin","27053","DEPRESSION","Depression","25.5","23.5","27.7","1258713"
"MN","Houston","27055","DEPRESSION","Depression","22.6","19.2","26.1","18582"
"MN","Hubbard","27057","DEPRESSION","Depression","22.0","18.8","25.4","22132"
"MN","Isanti","27059","DEPRESSION","Depression","24.5","21.1","28.0","43182"
"MN","Itasca","27061","DEPRESSION","Depression","23.8","20.5","27.2","45365"
"MN","Jackson","27063","DEPRESSION","Depression","22.6","19.3","26.3","9919"
"MN","Kanabec","27065","DEPRESSION","Depression","25.1","21.4","28.8","16602"
"MN","Kandiyohi","27067","DEPRESSION","Depression","23.2","19.9","26.8","43813"
"MN","Kittson","27069","DEPRESSION","Depression","23.1","19.4","27.0","4060"
"MN","Koochiching","27071","DEPRESSION","Depression","23.4","20.0","27.4","11751"
"MN","Lac qui Parle","27073","DEPRESSION","Depression","22.3","19.0","25.9","6630"
"MN","Lake","27075","DEPRESSION","Depression","22.9","19.5","26.6","10855"
"MN","Lake of the Woods","27077","DEPRESSION","Depression","22.8","19.1","26.5","3778"
"MN","Le Sueur","27079","DEPRESSION","Depression","23.5","20.1","27.2","29255"
"MN","Lincoln","27081","DEPRESSION","Depression","23.1","19.5","26.8","5521"
"MN","Lyon","27083","DEPRESSION","Depression","22.8","19.5","26.3","25427"
"MN","Mahnomen","27087","DEPRESSION","Depression","26.6","22.9","30.5","5280"
"MN","Marshall","27089","DEPRESSION","Depression","23.3","19.9","27.1","8810"
"MN","Martin","27091","DEPRESSION","Depression","23.0","19.9","27.0","19657"
"MN","McLeod","27085","DEPRESSION","Depression","23.3","20.0","26.9","36785"
"MN","Meeker","27093","DEPRESSION","Depression","23.8","20.7","27.2","23490"
"MN","Mille Lacs","27095","DEPRESSION","Depression","24.8","21.3","28.4","27427"
"MN","Morrison","27097","DEPRESSION","Depression","24.2","20.6","28.1","34250"
"MN","Mower","27099","DEPRESSION","Depression","24.3","20.9","27.8","40058"
"MN","Murray","27101","DEPRESSION","Depression","23.7","20.2","27.5","8049"
"MN","Nicollet","27103","DEPRESSION","Depression","24.8","21.4","28.6","34242"
"MN","Nobles","27105","DEPRESSION","Depression","21.4","18.2","24.8","21727"
"MN","Norman","27107","DEPRESSION","Depression","23.9","20.2","27.8","6329"
"MN","Olmsted","27109","DEPRESSION","Depression","24.1","21.2","27.3","164784"
"MN","Otter Tail","27111","DEPRESSION","Depression","23.2","20.0","26.5","60626"
"MN","Pennington","27113","DEPRESSION","Depression","24.9","21.5","28.6","13714"
"MN","Pine","27115","DEPRESSION","Depression","24.9","21.2","28.5","30197"
"MN","Pipestone","27117","DEPRESSION","Depression","24.2","20.7","27.9","9245"
"MN","Polk","27119","DEPRESSION","Depression","24.5","20.8","28.0","30412"
"MN","Pope","27121","DEPRESSION","Depression","23.5","20.1","27.4","11400"
"MN","Ramsey","27123","DEPRESSION","Depression","25.7","23.3","28.3","536075"
"MN","Red Lake","27125","DEPRESSION","Depression","23.9","20.5","27.6","3911"
"MN","Redwood","27127","DEPRESSION","Depression","23.7","20.2","27.3","15288"
"MN","Renville","27129","DEPRESSION","Depression","23.2","19.8","26.8","14348"
"MN","Rice","27131","DEPRESSION","Depression","23.0","19.9","26.2","67948"
"MN","Rock","27133","DEPRESSION","Depression","24.1","20.6","27.8","9551"
"MN","Roseau","27135","DEPRESSION","Depression","23.1","19.8","26.8","15252"
"MN","Scott","27139","DEPRESSION","Depression","22.3","19.4","25.6","155814"
"MN","Sherburne","27141","DEPRESSION","Depression","24.1","20.7","27.5","102206"
"MN","Sibley","27143","DEPRESSION","Depression","23.4","20.0","27.1","15084"
"MN","Stearns","27145","DEPRESSION","Depression","25.1","22.3","28.0","160977"
"MN","Steele","27147","DEPRESSION","Depression","23.1","19.9","26.8","37421"
"MN","Stevens","27149","DEPRESSION","Depression","24.6","21.0","28.5","9728"
"MN","St. Louis","27137","DEPRESSION","Depression","25.0","22.1","28.2","200514"
"MN","Swift","27151","DEPRESSION","Depression","24.7","21.1","28.7","9719"
"MN","Todd","27153","DEPRESSION","Depression","24.1","20.6","27.8","25667"
"MN","Traverse","27155","DEPRESSION","Depression","23.2","19.0","27.7","3136"
"MN","Wabasha","27157","DEPRESSION","Depression","22.4","19.0","25.9","21683"
"MN","Wadena","27159","DEPRESSION","Depression","25.3","21.7","29.1","14241"
"MN","Waseca","27161","DEPRESSION","Depression","24.6","21.2","28.5","18981"
"MN","Washington","27163","DEPRESSION","Depression","22.8","20.1","25.6","278936"
"MN","Watonwan","27165","DEPRESSION","Depression","22.3","19.0","26.0","11077"
"MN","Wilkin","27167","DEPRESSION","Depression","24.7","21.0","28.8","6306"
"MN","Winona","27169","DEPRESSION","Depression","25.0","22.1","29.1","49721"
"MN","Wright","27171","DEPRESSION","Depression","24.4","21.4","27.7","151150"
"MN","Yellow Medicine","27173","DEPRESSION","Depression","24.4","20.8","28.3","9467"
"MN","Aitkin","27001","DISABILITY","Any Disability","34.7","29.9","39.5","16102"
"MN","Anoka","27003","DISABILITY","Any Disability","28.1","24.6","31.9","372441"
"MN","Becker","27005","DISABILITY","Any Disability","30.3","25.7","34.7","35283"
"MN","Beltrami","27007","DISABILITY","Any Disability","32.7","28.7","37.1","46718"
"MN","Benton","27009","DISABILITY","Any Disability","28.4","24.2","33.3","41600"
"MN","Big Stone","27011","DISABILITY","Any Disability","32.0","27.1","37.0","5105"
"MN","Blue Earth","27013","DISABILITY","Any Disability","28.8","24.5","33.3","70006"
"MN","Brown","27015","DISABILITY","Any Disability","30.2","25.8","34.7","25628"
"MN","Carlton","27017","DISABILITY","Any Disability","31.0","26.7","35.3","36825"
"MN","Carver","27019","DISABILITY","Any Disability","23.3","19.6","27.2","111057"
"MN","Cass","27021","DISABILITY","Any Disability","34.1","29.3","39.0","31446"
"MN","Chippewa","27023","DISABILITY","Any Disability","32.6","27.9","37.5","12172"
"MN","Chisago","27025","DISABILITY","Any Disability","28.4","24.3","32.6","58535"
"MN","Clay","27027","DISABILITY","Any Disability","27.4","22.8","32.0","66258"
"MN","Clearwater","27029","DISABILITY","Any Disability","33.2","28.8","38.2","8644"
"MN","Cook","27031","DISABILITY","Any Disability","28.9","24.3","33.8","5639"
"MN","Cottonwood","27033","DISABILITY","Any Disability","32.9","28.1","38.0","11319"
"MN","Crow Wing","27035","DISABILITY","Any Disability","30.7","26.3","35.4","68304"
"MN","Dakota","27037","DISABILITY","Any Disability","25.8","22.5","29.4","447440"
"MN","Dodge","27039","DISABILITY","Any Disability","26.1","21.9","30.9","21088"
"MN","Douglas","27041","DISABILITY","Any Disability","29.6","25.1","34.0","39953"
"MN","Faribault","27043","DISABILITY","Any Disability","34.3","29.6","39.0","13873"
"MN","Fillmore","27045","DISABILITY","Any Disability","31.6","26.8","36.8","21522"
"MN","Freeborn","27047","DISABILITY","Any Disability","32.7","28.0","37.4","30515"
"MN","Goodhue","27049","DISABILITY","Any Disability","28.6","24.3","33.4","48035"
"MN","Grant","27051","DISABILITY","Any Disability","32.3","27.5","37.3","6139"
"MN","Hennepin","27053","DISABILITY","Any Disability","25.0","22.3","28.1","1258713"
"MN","Houston","27055","DISABILITY","Any Disability","28.5","24.1","33.1","18582"
"MN","Hubbard","27057","DISABILITY","Any Disability","30.1","25.5","35.0","22132"
"MN","Isanti","27059","DISABILITY","Any Disability","29.0","24.6","33.8","43182"
"MN","Itasca","27061","DISABILITY","Any Disability","32.7","28.0","37.2","45365"
"MN","Jackson","27063","DISABILITY","Any Disability","30.5","25.8","35.9","9919"
"MN","Kanabec","27065","DISABILITY","Any Disability","33.8","29.1","38.7","16602"
"MN","Kandiyohi","27067","DISABILITY","Any Disability","30.0","25.7","34.5","43813"
"MN","Kittson","27069","DISABILITY","Any Disability","31.0","25.9","36.1","4060"
"MN","Koochiching","27071","DISABILITY","Any Disability","32.7","27.7","37.8","11751"
"MN","Lac qui Parle","27073","DISABILITY","Any Disability","31.4","26.7","36.2","6630"
"MN","Lake","27075","DISABILITY","Any Disability","32.4","27.5","37.7","10855"
"MN","Lake of the Woods","27077","DISABILITY","Any Disability","31.0","25.8","35.8","3778"
"MN","Le Sueur","27079","DISABILITY","Any Disability","27.0","22.5","31.4","29255"
"MN","Lincoln","27081","DISABILITY","Any Disability","32.0","27.0","37.2","5521"
"MN","Lyon","27083","DISABILITY","Any Disability","29.1","24.9","33.6","25427"
"MN","Mahnomen","27087","DISABILITY","Any Disability","42.2","37.3","47.1","5280"
"MN","Marshall","27089","DISABILITY","Any Disability","31.9","27.0","37.1","8810"
"MN","Martin","27091","DISABILITY","Any Disability","31.8","27.2","36.9","19657"
"MN","McLeod","27085","DISABILITY","Any Disability","29.3","25.0","33.9","36785"
"MN","Meeker","27093","DISABILITY","Any Disability","29.1","24.9","33.5","23490"
"MN","Mille Lacs","27095","DISABILITY","Any Disability","32.7","28.3","37.3","27427"
"MN","Morrison","27097","DISABILITY","Any Disability","30.1","25.6","34.9","34250"
"MN","Mower","27099","DISABILITY","Any Disability","30.9","26.6","35.2","40058"
"MN","Murray","27101","DISABILITY","Any Disability","31.7","27.1","36.9","8049"
"MN","Nicollet","27103","DISABILITY","Any Disability","28.3","24.0","33.0","34242"
"MN","Nobles","27105","DISABILITY","Any Disability","33.2","28.6","37.9","21727"
"MN","Norman","27107","DISABILITY","Any Disability","31.7","27.1","36.5","6329"
"MN","Olmsted","27109","DISABILITY","Any Disability","24.9","21.3","28.7","164784"
"MN","Otter Tail","27111","DISABILITY","Any Disability","30.6","26.6","35.1","60626"
"MN","Pennington","27113","DISABILITY","Any Disability","30.7","26.2","35.3","13714"
"MN","Pine","27115","DISABILITY","Any Disability","33.9","28.9","38.7","30197"
"MN","Pipestone","27117","DISABILITY","Any Disability","32.6","27.9","37.2","9245"
"MN","Polk","27119","DISABILITY","Any Disability","29.7","24.9","34.2","30412"
"MN","Pope","27121","DISABILITY","Any Disability","30.1","25.4","35.0","11400"
"MN","Ramsey","27123","DISABILITY","Any Disability","27.9","24.7","31.4","536075"
"MN","Red Lake","27125","DISABILITY","Any Disability","30.9","26.5","35.6","3911"
"MN","Redwood","27127","DISABILITY","Any Disability","31.7","27.1","36.6","15288"
"MN","Renville","27129","DISABILITY","Any Disability","33.2","28.5","38.1","14348"
"MN","Rice","27131","DISABILITY","Any Disability","28.1","24.2","32.3","67948"
"MN","Rock","27133","DISABILITY","Any Disability","30.8","26.0","35.6","9551"
"MN","Roseau","27135","DISABILITY","Any Disability","30.7","26.1","35.8","15252"
"MN","Scott","27139","DISABILITY","Any Disability","23.7","20.1","27.8","155814"
"MN","Sherburne","27141","DISABILITY","Any Disability","27.3","23.2","31.5","102206"
"MN","Sibley","27143","DISABILITY","Any Disability","30.4","25.9","35.1","15084"
"MN","Stearns","27145","DISABILITY","Any Disability","27.6","23.9","31.6","160977"
"MN","Steele","27147","DISABILITY","Any Disability","28.2","24.0","32.8","37421"
"MN","Stevens","27149","DISABILITY","Any Disability","29.5","24.6","34.6","9728"
"MN","St. Louis","27137","DISABILITY","Any Disability","30.8","26.8","35.1","200514"
"MN","Swift","27151","DISABILITY","Any Disability","33.9","28.8","39.0","9719"
"MN","Todd","27153","DISABILITY","Any Disability","34.5","29.7","39.5","25667"
"MN","Traverse","27155","DISABILITY","Any Disability","33.8","28.4","39.3","3136"
"MN","Wabasha","27157","DISABILITY","Any Disability","28.5","24.0","32.9","21683"
"MN","Wadena","27159","DISABILITY","Any Disability","34.4","29.5","39.4","14241"
"MN","Waseca","27161","DISABILITY","Any Disability","30.7","26.0","35.5","18981"
"MN","Washington","27163","DISABILITY","Any Disability","23.5","20.1","27.1","278936"
"MN","Watonwan","27165","DISABILITY","Any Disability","33.0","28.3","38.0","11077"
"MN","Wilkin","27167","DISABILITY","Any Disability","31.3","26.5","36.6","6306"
"MN","Winona","27169","DISABILITY","Any Disability","29.1","25.3","34.0","49721"
"MN","Wright","27171","DISABILITY","Any Disability","26.0","22.2","29.8","151150"
"MN","Yellow Medicine","27173","DISABILITY","Any Disability","31.3","26.7","36.1","9467"
"MN","Aitkin","27001","MHLTH","Frequent Mental Distress","14.0","12.2","16.0","16102"
"MN","Anoka","27003","MHLTH","Frequent Mental Distress","15.5","13.6","17.5","372441"
"MN","Becker","27005","MHLTH","Frequent Mental Distress","15.5","13.5","17.6","35283"
"MN","Beltrami","27007","MHLTH","Frequent Mental Distress","17.6","15.4","19.9","46718"
"MN","Benton","27009","MHLTH","Frequent Mental Distress","16.8","14.6","19.2","41600"
"MN","Big Stone","27011","MHLTH","Frequent Mental Distress","14.6","12.6","16.6","5105"
"MN","Blue Earth","27013","MHLTH","Frequent Mental Distress","17.6","15.1","20.1","70006"
"MN","Brown","27015","MHLTH","Frequent Mental Distress","15.4","13.3","17.5","25628"
"MN","Carlton","27017","MHLTH","Frequent Mental Distress","15.9","13.8","17.9","36825"
"MN","Carver","27019","MHLTH","Frequent Mental Distress","13.5","11.6","15.6","111057"
"MN","Cass","27021","MHLTH","Frequent Mental Distress","15.2","13.3","17.3","31446"
"MN","Chippewa","27023","MHLTH","Frequent Mental Distress","15.8","13.8","17.9","12172"
"MN","Chisago","27025","MHLTH","Frequent Mental Distress","15.2","13.2","17.3","58535"
"MN","Clay","27027","MHLTH","Frequent Mental Distress","16.5","14.0","19.2","66258"
"MN","Clearwater","27029","MHLTH","Frequent Mental Distress","16.7","14.6","18.9","8644"
"MN","Cook","27031","MHLTH","Frequent Mental Distress","13.2","11.4","15.1","5639"
"MN","Cottonwood","27033","MHLTH","Frequent Mental Distress","15.2","13.2","17.3","11319"
"MN","Crow Wing","27035","MHLTH","Frequent Mental Distress","14.4","12.5","16.4","68304"
"MN","Dakota","27037","MHLTH","Frequent Mental Distress","14.1","12.3","16.0","447440"
"MN","Dodge","27039","MHLTH","Frequent Mental Distress","15.2","13.0","17.4","21088"
"MN","Douglas","27041","MHLTH","Frequent Mental Distress","14.5","12.5","16.6","39953"
"MN","Faribault","27043","MHLTH","Frequent Mental Distress","15.6","13.5","17.6","13873"
"MN","Fillmore","27045","MHLTH","Frequent Mental Distress","15.4","13.2","17.6","21522"
"MN","Freeborn","27047","MHLTH","Frequent Mental Distress","15.5","13.5","17.6","30515"
"MN","Goodhue","27049","MHLTH","Frequent Mental Distress","15.3","13.3","17.6","48035"
"MN","Grant","27051","MHLTH","Frequent Mental Distress","15.8","13.8","18.0","6139"
"MN","Hennepin","27053","MHLTH","Frequent Mental Distress","14.5","12.9","16.1","1258713"
"MN","Houston","27055","MHLTH","Frequent Mental Distress","14.2","12.3","16.2","18582"
"MN","Hubbard","27057","MHLTH","Frequent Mental Distress","14.1","12.2","16.1","22132"
"MN","Isanti","27059","MHLTH","Frequent Mental Distress","16.0","13.9","18.3","43182"
"MN","Itasca","27061","MHLTH","Frequent Mental Distress","15.0","13.0","17.0","45365"
"MN","Jackson","27063","MHLTH","Frequent Mental Distress","14.6","12.7","16.9","9919"
"MN","Kanabec","27065","MHLTH","Frequent Mental Distress","16.2","14.1","18.4","16602"
"MN","Kandiyohi","27067","MHLTH","Frequent Mental Distress","14.9","12.9","16.9","43813"
"MN","Kittson","27069","MHLTH","Frequent Mental Distress","14.4","12.4","16.5","4060"
"MN","Koochiching","27071","MHLTH","Frequent Mental Distress","14.8","12.7","16.9","11751"
"MN","Lac qui Parle","27073","MHLTH","Frequent Mental Distress","14.1","12.2","16.1","6630"
"MN","Lake","27075","MHLTH","Frequent Mental Distress","14.4","12.5","16.6","10855"
"MN","Lake of the Woods","27077","MHLTH","Frequent Mental Distress","14.3","12.2","16.3","3778"
"MN","Le Sueur","27079","MHLTH","Frequent Mental Distress","14.8","12.8","17.0","29255"
"MN","Lincoln","27081","MHLTH","Frequent Mental Distress","14.8","12.6","17.0","5521"
"MN","Lyon","27083","MHLTH","Frequent Mental Distress","15.5","13.6","17.6","25427"
"MN","Mahnomen","27087","MHLTH","Frequent Mental Distress","19.8","17.6","22.0","5280"
"MN","Marshall","27089","MHLTH","Frequent Mental Distress","15.0","13.0","17.1","8810"
"MN","Martin","27091","MHLTH","Frequent Mental Distress","15.0","13.1","17.2","19657"
"MN","McLeod","27085","MHLTH","Frequent Mental Distress","15.3","13.4","17.4","36785"
"MN","Meeker","27093","MHLTH","Frequent Mental Distress","15.4","13.5","17.5","23490"
"MN","Mille Lacs","27095","MHLTH","Frequent Mental Distress","16.3","14.2","18.6","27427"
"MN","Morrison","27097","MHLTH","Frequent Mental Distress","15.3","13.3","17.5","34250"
"MN","Mower","27099","MHLTH","Frequent Mental Distress","15.8","13.9","17.9","40058"
"MN","Murray","27101","MHLTH","Frequent Mental Distress","14.6","12.8","16.8","8049"
"MN","Nicollet","27103","MHLTH","Frequent Mental Distress","15.9","13.7","18.1","34242"
"MN","Nobles","27105","MHLTH","Frequent Mental Distress","15.7","13.8","17.8","21727"
"MN","Norman","27107","MHLTH","Frequent Mental Distress","15.5","13.5","17.6","6329"
"MN","Olmsted","27109","MHLTH","Frequent Mental Distress","13.8","12.0","15.8","164784"
"MN","Otter Tail","27111","MHLTH","Frequent Mental Distress","14.7","12.9","16.7","60626"
"MN","Pennington","27113","MHLTH","Frequent Mental Distress","16.3","14.2","18.5","13714"
"MN","Pine","27115","MHLTH","Frequent Mental Distress","16.5","14.3","18.5","30197"
"MN","Pipestone","27117","MHLTH","Frequent Mental Distress","15.7","13.6","17.7","9245"
"MN","Polk","27119","MHLTH","Frequent Mental Distress","15.6","13.4","17.8","30412"
"MN","Pope","27121","MHLTH","Frequent Mental Distress","14.7","12.7","16.9","11400"
"MN","Ramsey","27123","MHLTH","Frequent Mental Distress","15.9","14.1","18.0","536075"
"MN","Red Lake","27125","MHLTH","Frequent Mental Distress","15.3","13.4","17.2","3911"
"MN","Redwood","27127","MHLTH","Frequent Mental Distress","15.9","13.8","18.1","15288"
"MN","Renville","27129","MHLTH","Frequent Mental Distress","15.4","13.3","17.5","14348"
"MN","Rice","27131","MHLTH","Frequent Mental Distress","15.8","13.8","17.8","67948"
"MN","Rock","27133","MHLTH","Frequent Mental Distress","15.6","13.5","17.8","9551"
"MN","Roseau","27135","MHLTH","Frequent Mental Distress","15.4","13.4","17.7","15252"
"MN","Scott","27139","MHLTH","Frequent Mental Distress","14.3","12.4","16.5","155814"
"MN","Sherburne","27141","MHLTH","Frequent Mental Distress","16.0","13.9","18.2","102206"
"MN","Sibley","27143","MHLTH","Frequent Mental Distress","15.6","13.5","17.7","15084"
"MN","Stearns","27145","MHLTH","Frequent Mental Distress","16.6","14.6","18.7","160977"
"MN","Steele","27147","MHLTH","Frequent Mental Distress","15.1","13.0","17.2","37421"
"MN","Stevens","27149","MHLTH","Frequent Mental Distress","16.5","14.1","19.0","9728"
"MN","St. Louis","27137","MHLTH","Frequent Mental Distress","16.5","14.4","18.8","200514"
"MN","Swift","27151","MHLTH","Frequent Mental Distress","15.4","13.3","17.6","9719"
"MN","Todd","27153","MHLTH","Frequent Mental Distress","15.7","13.6","17.8","25667"
"MN","Traverse","27155","MHLTH","Frequent Mental Distress","15.0","12.8","17.2","3136"
"MN","Wabasha","27157","MHLTH","Frequent Mental Distress","14.5","12.6","16.5","21683"
"MN","Wadena","27159","MHLTH","Frequent Mental Distress","16.8","14.7","19.0","14241"
"MN","Waseca","27161","MHLTH","Frequent Mental Distress","16.2","14.1","18.4","18981"
"MN","Washington","27163","MHLTH","Frequent Mental Distress","13.3","11.5","15.2","278936"
"MN","Watonwan","27165","MHLTH","Frequent Mental Distress","15.0","13.2","17.1","11077"
"MN","Wilkin","27167","MHLTH","Frequent Mental Distress","15.9","13.9","18.1","6306"
"MN","Winona","27169","MHLTH","Frequent Mental Distress","16.6","14.3","19.3","49721"
"MN","Wright","27171","MHLTH","Frequent Mental Distress","15.2","13.2","17.2","151150"
"MN","Yellow Medicine","27173","MHLTH","Frequent Mental Distress","15.7","13.8","17.9","9467"
"MN","Aitkin","27001","MOBILITY","Mobility Disability","17.8","14.9","21.1","16102"
"MN","Anoka","27003","MOBILITY","Mobility Disability","11.1","9.3","13.1","372441"
"MN","Becker","27005","MOBILITY","Mobility Disability","14.2","11.6","16.8","35283"
"MN","Beltrami","27007","MOBILITY","Mobility Disability","13.7","11.8","16.0","46718"
"MN","Benton","27009","MOBILITY","Mobility Disability","11.8","9.8","14.2","41600"
"MN","Big Stone","27011","MOBILITY","Mobility Disability","15.7","12.8","18.5","5105"
"MN","Blue Earth","27013","MOBILITY","Mobility Disability","10.5","8.8","12.3","70006"
"MN","Brown","27015","MOBILITY","Mobility Disability","13.8","11.6","16.2","25628"
"MN","Carlton","27017","MOBILITY","Mobility Disability","13.5","11.3","15.9","36825"
"MN","Carver","27019","MOBILITY","Mobility Disability","9.0","7.4","10.9","111057"
"MN","Cass","27021","MOBILITY","Mobility Disability","16.5","13.8","19.6","31446"
"MN","Chippewa","27023","MOBILITY","Mobility Disability","15.7","13.0","18.4","12172"
"MN","Chisago","27025","MOBILITY","Mobility Disability","11.7","9.8","13.9","58535"
"MN","Clay","27027","MOBILITY","Mobility Disability","10.3","8.4","12.2","66258"
"MN","Clearwater","27029","MOBILITY","Mobility Disability","15.9","13.5","18.6","8644"
"MN","Cook","27031","MOBILITY","Mobility Disability","13.8","11.2","16.6","5639"
"MN","Cottonwood","27033","MOBILITY","Mobility Disability","15.6","12.9","18.3","11319"
"MN","Crow Wing","27035","MOBILITY","Mobility Disability","13.9","11.5","16.6","68304"
"MN","Dakota","27037","MOBILITY","Mobility Disability","10.5","8.7","12.5","447440"
"MN","Dodge","27039","MOBILITY","Mobility Disability","10.5","8.7","12.6","21088"
"MN","Douglas","27041","MOBILITY","Mobility Disability","13.2","11.0","15.6","39953"
"MN","Faribault","27043","MOBILITY","Mobility Disability","15.9","13.4","18.6","13873"
"MN","Fillmore","27045","MOBILITY","Mobility Disability","13.7","11.4","16.4","21522"
"MN","Freeborn","27047","MOBILITY","Mobility Disability","15.4","12.8","18.1","30515"
"MN","Goodhue","27049","MOBILITY","Mobility Disability","13.1","10.9","15.7","48035"
"MN","Grant","27051","MOBILITY","Mobility Disability","15.1","12.6","17.7","6139"
"MN","Hennepin","27053","MOBILITY","Mobility Disability","9.6","8.1","11.3","1258713"
"MN","Houston","27055","MOBILITY","Mobility Disability","13.1","10.7","15.6","18582"
"MN","Hubbard","27057","MOBILITY","Mobility Disability","14.6","12.0","17.5","22132"
"MN","Isanti","27059","MOBILITY","Mobility Disability","12.3","10.2","14.7","43182"
"MN","Itasca","27061","MOBILITY","Mobility Disability","15.0","12.5","17.7","45365"
"MN","Jackson","27063","MOBILITY","Mobility Disability","13.8","11.4","16.7","9919"
"MN","Kanabec","27065","MOBILITY","Mobility Disability","15.6","13.1","18.4","16602"
"MN","Kandiyohi","27067","MOBILITY","Mobility Disability","13.4","11.2","15.8","43813"
"MN","Kittson","27069","MOBILITY","Mobility Disability","14.5","11.8","17.2","4060"
"MN","Koochiching","27071","MOBILITY","Mobility Disability","15.2","12.6","18.0","11751"
"MN","Lac qui Parle","27073","MOBILITY","Mobility Disability","14.4","12.0","17.1","6630"
"MN","Lake","27075","MOBILITY","Mobility Disability","14.7","12.1","17.6","10855"
"MN","Lake of the Woods","27077","MOBILITY","Mobility Disability","14.4","11.8","17.0","3778"
"MN","Le Sueur","27079","MOBILITY","Mobility Disability","12.1","9.8","14.3","29255"
"MN","Lincoln","27081","MOBILITY","Mobility Disability","14.5","11.9","17.3","5521"
"MN","Lyon","27083","MOBILITY","Mobility Disability","12.5","10.3","14.8","25427"
"MN","Mahnomen","27087","MOBILITY","Mobility Disability","20.7","17.9","23.4","5280"
"MN","Marshall","27089","MOBILITY","Mobility Disability","14.3","11.8","17.0","8810"
"MN","Martin","27091","MOBILITY","Mobility Disability","15.2","12.6","18.1","19657"
"MN","McLeod","27085","MOBILITY","Mobility Disability","12.8","10.6","15.2","36785"
"MN","Meeker","27093","MOBILITY","Mobility Disability","13.5","11.2","16.0","23490"
"MN","Mille Lacs","27095","MOBILITY","Mobility Disability","14.1","11.8","16.6","27427"
"MN","Morrison","27097","MOBILITY","Mobility Disability","14.1","11.7","16.7","34250"
"MN","Mower","27099","MOBILITY","Mobility Disability","13.5","11.3","15.9","40058"
"MN","Murray","27101","MOBILITY","Mobility Disability","15.1","12.5","18.3","8049"
"MN","Nicollet","27103","MOBILITY","Mobility Disability","11.2","9.1","13.4","34242"
"MN","Nobles","27105","MOBILITY","Mobility Disability","15.9","13.3","18.6","21727"
"MN","Norman","27107","MOBILITY","Mobility Disability","14.9","12.5","17.7","6329"
"MN","Olmsted","27109","MOBILITY","Mobility Disability","10.7","8.9","12.9","164784"
"MN","Otter Tail","27111","MOBILITY","Mobility Disability","14.5","12.0","17.4","60626"
"MN","Pennington","27113","MOBILITY","Mobility Disability","12.8","10.7","15.1","13714"
"MN","Pine","27115","MOBILITY","Mobility Disability","15.5","12.9","18.1","30197"
"MN","Pipestone","27117","MOBILITY","Mobility Disability","15.4","12.8","18.0","9245"
"MN","Polk","27119","MOBILITY","Mobility Disability","13.3","10.9","15.7","30412"
"MN","Pope","27121","MOBILITY","Mobility Disability","14.3","11.7","17.1","11400"
"MN","Ramsey","27123","MOBILITY","Mobility Disability","11.7","10.0","13.8","536075"
"MN","Red Lake","27125","MOBILITY","Mobility Disability","13.9","11.6","16.3","3911"
"MN","Redwood","27127","MOBILITY","Mobility Disability","14.7","12.3","17.2","15288"
"MN","Renville","27129","MOBILITY","Mobility Disability","15.0","12.6","17.7","14348"
"MN","Rice","27131","MOBILITY","Mobility Disability","11.3","9.5","13.4","67948"
"MN","Rock","27133","MOBILITY","Mobility Disability","13.6","11.3","16.3","9551"
"MN","Roseau","27135","MOBILITY","Mobility Disability","13.5","11.2","16.0","15252"
"MN","Scott","27139","MOBILITY","Mobility Disability","9.7","8.0","11.6","155814"
"MN","Sherburne","27141","MOBILITY","Mobility Disability","10.0","8.3","11.8","102206"
"MN","Sibley","27143","MOBILITY","Mobility Disability","13.6","11.4","16.0","15084"
"MN","Stearns","27145","MOBILITY","Mobility Disability","11.4","9.7","13.5","160977"
"MN","Steele","27147","MOBILITY","Mobility Disability","12.5","10.3","15.0","37421"
"MN","Stevens","27149","MOBILITY","Mobility Disability","11.5","9.4","13.8","9728"
"MN","St. Louis","27137","MOBILITY","Mobility Disability","13.3","11.2","15.8","200514"
"MN","Swift","27151","MOBILITY","Mobility Disability","15.9","13.2","18.7","9719"
"MN","Todd","27153","MOBILITY","Mobility Disability","16.4","13.8","19.2","25667"
"MN","Traverse","27155","MOBILITY","Mobility Disability","16.1","13.3","19.0","3136"
"MN","Wabasha","27157","MOBILITY","Mobility Disability","13.2","11.0","15.7","21683"
"MN","Wadena","27159","MOBILITY","Mobility Disability","15.8","13.2","18.5","14241"
"MN","Waseca","27161","MOBILITY","Mobility Disability","13.1","11.0","15.3","18981"
"MN","Washington","27163","MOBILITY","Mobility Disability","9.5","7.7","11.4","278936"
"MN","Watonwan","27165","MOBILITY","Mobility Disability","15.2","12.8","18.0","11077"
"MN","Wilkin","27167","MOBILITY","Mobility Disability","14.3","12.0","17.2","6306"
"MN","Winona","27169","MOBILITY","Mobility Disability","11.7","9.9","13.8","49721"
"MN","Wright","27171","MOBILITY","Mobility Disability","10.1","8.3","11.9","151150"
"MN","Yellow Medicine","27173","MOBILITY","Mobility Disability","14.5","12.1","17.0","9467"
"MN","Aitkin","27001","PHLTH","Frequent Physical Distress","14.9","12.8","17.0","16102"
"MN","Anoka","27003","PHLTH","Frequent Physical Distress","11.3","9.8","13.1","372441"
"MN","Becker","27005","PHLTH","Frequent Physical Distress","13.2","11.1","15.3","35283"
"MN","Beltrami","27007","PHLTH","Frequent Physical Distress","13.1","11.4","15.0","46718"
"MN","Benton","27009","PHLTH","Frequent Physical Distress","12.1","10.4","14.2","41600"
"MN","Big Stone","27011","PHLTH","Frequent Physical Distress","13.8","11.7","16.0","5105"
"MN","Blue Earth","27013","PHLTH","Frequent Physical Distress","11.2","9.6","12.8","70006"
"MN","Brown","27015","PHLTH","Frequent Physical Distress","12.7","10.9","14.6","25628"
"MN","Carlton","27017","PHLTH","Frequent Physical Distress","12.8","10.9","14.6","36825"
"MN","Carver","27019","PHLTH","Frequent Physical Distress","9.9","8.4","11.5","111057"
"MN","Cass","27021","PHLTH","Frequent Physical Distress","14.5","12.4","16.7","31446"
"MN","Chippewa","27023","PHLTH","Frequent Physical Distress","13.9","12.0","16.0","12172"
"MN","Chisago","27025","PHLTH","Frequent Physical Distress","11.8","10.1","13.5","58535"
"MN","Clay","27027","PHLTH","Frequent Physical Distress","10.9","9.2","12.7","66258"
"MN","Clearwater","27029","PHLTH","Frequent Physical Distress","14.6","12.7","16.8","8644"
"MN","Cook","27031","PHLTH","Frequent Physical Distress","12.4","10.5","14.5","5639"
"MN","Cottonwood","27033","PHLTH","Frequent Physical Distress","13.9","11.9","16.0","11319"
"MN","Crow Wing","27035","PHLTH","Frequent Physical Distress","12.5","10.7","14.6","68304"
"MN","Dakota","27037","PHLTH","Frequent Physical Distress","10.8","9.3","12.5","447440"
"MN","Dodge","27039","PHLTH","Frequent Physical Distress","11.2","9.5","13.1","21088"
"MN","Douglas","27041","PHLTH","Frequent Physical Distress","12.1","10.3","13.9","39953"
"MN","Faribault","27043","PHLTH","Frequent Physical Distress","14.0","12.1","16.1","13873"
"MN","Fillmore","27045","PHLTH","Frequent Physical Distress","13.1","11.0","15.2","21522"
"MN","Freeborn","27047","PHLTH","Frequent Physical Distress","13.8","11.8","15.8","30515"
"MN","Goodhue","27049","PHLTH","Frequent Physical Distress","12.6","10.8","14.7","48035"
"MN","Grant","27051","PHLTH","Frequent Physical Distress","13.7","11.7","15.8","6139"
"MN","Hennepin","27053","PHLTH","Frequent Physical Distress","9.8","8.5","11.2","1258713"
"MN","Houston","27055","PHLTH","Frequent Physical Distress","12.5","10.6","14.5","18582"
"MN","Hubbard","27057","PHLTH","Frequent Physical Distress","13.0","11.0","15.2","22132"
"MN","Isanti","27059","PHLTH","Frequent Physical Distress","12.8","10.9","14.8","43182"
"MN","Itasca","27061","PHLTH","Frequent Physical Distress","13.6","11.6","15.6","45365"
"MN","Jackson","27063","PHLTH","Frequent Physical Distress","12.6","10.8","14.8","9919"
"MN","Kanabec","27065","PHLTH","Frequent Physical Distress","14.2","12.3","16.4","16602"
"MN","Kandiyohi","27067","PHLTH","Frequent Physical Distress","12.7","10.9","14.6","43813"
"MN","Kittson","27069","PHLTH","Frequent Physical Distress","13.0","11.0","15.1","4060"
"MN","Koochiching","27071","PHLTH","Frequent Physical Distress","13.8","11.7","15.9","11751"
"MN","Lac qui Parle","27073","PHLTH","Frequent Physical Distress","12.7","11.0","14.7","6630"
"MN","Lake","27075","PHLTH","Frequent Physical Distress","13.4","11.4","15.7","10855"
"MN","Lake of the Woods","27077","PHLTH","Frequent Physical Distress","13.2","11.1","15.2","3778"
"MN","Le Sueur","27079","PHLTH","Frequent Physical Distress","11.9","10.1","13.8","29255"
"MN","Lincoln","27081","PHLTH","Frequent Physical Distress","13.2","11.2","15.4","5521"
"MN","Lyon","27083","PHLTH","Frequent Physical Distress","12.2","10.5","14.2","25427"
"MN","Mahnomen","27087","PHLTH","Frequent Physical Distress","18.0","15.8","20.2","5280"
"MN","Marshall","27089","PHLTH","Frequent Physical Distress","13.1","11.1","15.3","8810"
"MN","Martin","27091","PHLTH","Frequent Physical Distress","13.6","11.7","15.7","19657"
"MN","McLeod","27085","PHLTH","Frequent Physical Distress","12.4","10.7","14.4","36785"
"MN","Meeker","27093","PHLTH","Frequent Physical Distress","12.6","10.8","14.4","23490"
"MN","Mille Lacs","27095","PHLTH","Frequent Physical Distress","13.3","11.4","15.3","27427"
"MN","Morrison","27097","PHLTH","Frequent Physical Distress","13.5","11.6","15.6","34250"
"MN","Mower","27099","PHLTH","Frequent Physical Distress","12.8","11.1","14.8","40058"
"MN","Murray","27101","PHLTH","Frequent Physical Distress","13.3","11.4","15.6","8049"
"MN","Nicollet","27103","PHLTH","Frequent Physical Distress","11.4","9.7","13.2","34242"
"MN","Nobles","27105","PHLTH","Frequent Physical Distress","14.4","12.4","16.5","21727"
"MN","Norman","27107","PHLTH","Frequent Physical Distress","13.5","11.6","15.6","6329"
"MN","Olmsted","27109","PHLTH","Frequent Physical Distress","10.4","8.8","12.1","164784"
"MN","Otter Tail","27111","PHLTH","Frequent Physical Distress","13.2","11.4","15.3","60626"
"MN","Pennington","27113","PHLTH","Frequent Physical Distress","12.7","10.9","14.6","13714"
"MN","Pine","27115","PHLTH","Frequent Physical Distress","14.4","12.4","16.6","30197"
"MN","Pipestone","27117","PHLTH","Frequent Physical Distress","13.8","11.8","15.7","9245"
"MN","Polk","27119","PHLTH","Frequent Physical Distress","12.8","10.9","14.7","30412"
"MN","Pope","27121","PHLTH","Frequent Physical Distress","13.2","11.3","15.4","11400"
"MN","Ramsey","27123","PHLTH","Frequent Physical Distress","11.7","10.2","13.4","536075"
"MN","Red Lake","27125","PHLTH","Frequent Physical Distress","13.1","11.3","15.0","3911"
"MN","Redwood","27127","PHLTH","Frequent Physical Distress","13.6","11.7","15.7","15288"
"MN","Renville","27129","PHLTH","Frequent Physical Distress","14.0","12.0","16.0","14348"
"MN","Rice","27131","PHLTH","Frequent Physical Distress","11.8","10.1","13.5","67948"
"MN","Rock","27133","PHLTH","Frequent Physical Distress","12.7","10.8","14.7","9551"
"MN","Roseau","27135","PHLTH","Frequent Physical Distress","12.9","11.0","15.0","15252"
"MN","Scott","27139","PHLTH","Frequent Physical Distress","10.5","9.0","12.2","155814"
"MN","Sherburne","27141","PHLTH","Frequent Physical Distress","11.0","9.4","12.7","102206"
"MN","Sibley","27143","PHLTH","Frequent Physical Distress","13.1","11.3","15.0","15084"
"MN","Stearns","27145","PHLTH","Frequent Physical Distress","11.9","10.3","13.7","160977"
"MN","Steele","27147","PHLTH","Frequent Physical Distress","12.3","10.5","14.3","37421"
"MN","Stevens","27149","PHLTH","Frequent Physical Distress","11.6","9.8","13.5","9728"
"MN","St. Louis","27137","PHLTH","Frequent Physical Distress","12.8","11.0","14.8","200514"
"MN","Swift","27151","PHLTH","Frequent Physical Distress","13.8","11.8","16.0","9719"
"MN","Todd","27153","PHLTH","Frequent Physical Distress","14.5","12.5","16.6","25667"
"MN","Traverse","27155","PHLTH","Frequent Physical Distress","14.0","11.8","16.2","3136"
"MN","Wabasha","27157","PHLTH","Frequent Physical Distress","12.4","10.6","14.3","21683"
"MN","Wadena","27159","PHLTH","Frequent Physical Distress","14.1","12.1","16.2","14241"
"MN","Waseca","27161","PHLTH","Frequent Physical Distress","12.7","10.9","14.6","18981"
"MN","Washington","27163","PHLTH","Frequent Physical Distress","10.0","8.4","11.6","278936"
"MN","Watonwan","27165","PHLTH","Frequent Physical Distress","13.8","11.9","15.9","11077"
"MN","Wilkin","27167","PHLTH","Frequent Physical Distress","13.6","11.7","15.9","6306"
"MN","Winona","27169","PHLTH","Frequent Physical Distress","11.5","10.0","13.3","49721"
"MN","Wright","27171","PHLTH","Frequent Physical Distress","10.7","9.1","12.2","151150"
"MN","Yellow Medicine","27173","PHLTH","Frequent Physical Distress","13.4","11.6","15.4","9467"
