isd,district,county,lat,lon,nearest_neurology_miles,neurology_within_30mi,neurology_within_60mi,nearest_child_neurology_miles,child_neurology_within_30mi,child_neurology_within_60mi,nearest_epilepsy_miles,epilepsy_within_30mi,epilepsy_within_60mi,nearest_naec_center_miles,nearest_naec_center,classification,locale,enrollment,ems_p90_min,nurse_risk_tier,combined_risk_score,nearest_pharmacy_miles,pharmacies_within_15mi
2171,KITTSON CENTRAL SCHOOL DISTRICT,Kittson County,48.78022,-96.94761,63.4,0,0,130.2,0,0,132.5,0,0,316.2,"University of Minnesota Medical Center / MINCEP, Minneapolis",FOUND_MED_POLICY_ONLY,Rural,241.0,28.2,HIGH_RISK_SMALL,10,2.4,2
356,LANCASTER PUBLIC SCHOOL DISTRICT,Kittson County,48.855612,-96.803372,69.8,0,0,129.0,0,0,137.8,0,0,316.8,"University of Minnesota Medical Center / MINCEP, Minneapolis",NOT_VERIFIABLE,Rural,202.0,28.2,HIGH_RISK_SMALL,10,9.9,2
2856,STEPHEN-ARGYLE CENTRAL SCHOOLS,Marshall County,48.450923,-96.87864,41.8,0,4,110.2,0,0,109.7,0,0,295.9,"University of Minnesota Medical Center / MINCEP, Minneapolis",FOUND_MED_POLICY_ONLY,Rural,276.0,16.0,HIGH_RISK_SMALL,11,19.0,0
2903,ORTONVILLE PUBLIC SCHOOLS,Big Stone County,45.308693,-96.441969,69.6,0,0,108.5,0,0,109.9,0,0,156.9,"Minnesota Epilepsy Group with Children's Minnesota, St. Paul and Minneapolis",FOUND_SEIZURE_SPECIFIC,Rural,497.0,22.0,ELEVATED_RISK_MID,6,4.1,4
2358,TRI-COUNTY SCHOOL DISTRICT,Kittson County,48.573782,-96.524519,56.2,0,4,106.4,0,0,119.7,0,0,293.5,"University of Minnesota Medical Center / MINCEP, Minneapolis",NOT_FOUND,Rural,176.0,28.2,HIGH_RISK_SMALL,10,1.7,1
166,COOK COUNTY PUBLIC SCHOOLS,Cook County,47.756856,-90.334284,87.0,0,0,105.7,0,0,209.6,0,0,236.9,"University of Minnesota Medical Center / MINCEP, Minneapolis",FOUND_MED_POLICY_ONLY,Rural,457.0,32.0,HIGH_RISK_SMALL,9,17.6,0
676,BADGER PUBLIC SCHOOL DISTRICT,Roseau County,48.781126,-96.016019,81.4,0,0,102.7,0,0,139.2,0,0,294.1,"University of Minnesota Medical Center / MINCEP, Minneapolis",FOUND_MED_POLICY_ONLY,Rural,222.0,23.0,HIGH_RISK_SMALL,10,10.1,4
2683,Greenbush Middle River Schools,Roseau County,48.695981,-96.183615,72.0,0,0,102.1,0,0,131.3,0,0,292.6,"University of Minnesota Medical Center / MINCEP, Minneapolis",FOUND_MED_POLICY_ONLY,Rural,226.0,23.0,HIGH_RISK_SMALL,10,4.1,2
682,ROSEAU PUBLIC SCHOOL DISTRICT,Roseau County,48.848729,-95.756028,92.8,0,0,101.2,0,0,147.6,0,0,293.1,"University of Minnesota Medical Center / MINCEP, Minneapolis",NOT_FOUND,Rural,1120.0,23.0,LOW_RISK_LARGE,7,2.8,2
2448,MARTIN COUNTY WEST SCHOOL DISTRICT,Martin County,43.65849,-94.726345,13.2,1,5,101.0,0,0,99.1,0,0,115.0,"Minnesota Epilepsy Group with Children's Minnesota, St. Paul and Minneapolis",FOUND_MED_POLICY_ONLY,Rural,630.0,16.0,ELEVATED_RISK_MID,10,13.2,13
378,DAWSON-BOYD PUBLIC SCHOOL DISTRICT,Lac qui Parle County,44.930218,-96.058279,51.0,0,2,100.2,0,0,97.1,0,0,136.7,"Minnesota Epilepsy Group with Children's Minnesota, St. Paul and Minneapolis",FOUND_SEIZURE_SPECIFIC,Rural,566.0,21.0,ELEVATED_RISK_MID,6,1.0,4
361,INTERNATIONAL FALLS SCHOOL DISTRICT,Koochiching County,48.594326,-93.42678,99.8,0,0,99.8,0,0,202.0,0,0,250.5,"University of Minnesota Medical Center / MINCEP, Minneapolis",FOUND_MED_POLICY_ONLY,Town,888.0,29.0,ELEVATED_RISK_MID,9,14.1,3
690,WARROAD PUBLIC SCHOOL DISTRICT,Roseau County,48.910843,-95.329776,99.0,0,0,99.0,0,0,159.8,0,0,289.6,"University of Minnesota Medical Center / MINCEP, Minneapolis",FOUND_MED_POLICY_ONLY,Rural,1053.0,23.0,LOW_RISK_LARGE,7,7.1,3
2888,CLINTON-GRACEVILLE-BEARDSLEY,Big Stone County,45.462321,-96.440716,72.4,0,0,98.0,0,0,99.6,0,0,158.6,"Minnesota Epilepsy Group with Children's Minnesota, St. Paul and Minneapolis",FOUND_MED_POLICY_ONLY,Rural,328.0,22.0,HIGH_RISK_SMALL,10,7.2,4
2752,FAIRMONT AREA SCHOOL DISTRICT,Martin County,43.646304,-94.452678,1.8,1,5,97.5,0,0,100.1,0,0,102.3,"Mayo Clinic, Rochester (adult and pediatric)",FOUND_MED_POLICY_ONLY,Town,1818.0,16.0,LOW_RISK_LARGE,8,1.8,8
2853,Lac qui Parle Valley Schools,Lac qui Parle County,45.072812,-96.060095,49.7,0,2,96.3,0,0,106.4,0,0,136.8,"Minnesota Epilepsy Group with Children's Minnesota, St. Paul and Minneapolis",FOUND_MED_POLICY_ONLY,Rural,834.0,21.0,ELEVATED_RISK_MID,9,7.5,5
640,WABASSO PUBLIC SCHOOL DISTRICT,Redwood County,44.405508,-95.254208,49.2,0,2,95.5,0,0,91.0,0,0,104.8,"Minnesota Epilepsy Group with Children's Minnesota, St. Paul and Minneapolis",FOUND_SEIZURE_SPECIFIC,Rural,418.0,18.0,HIGH_RISK_SMALL,8,10.4,4
173,MOUNTAIN LAKE PUBLIC SCHOOLS,Cottonwood County,43.941578,-94.927152,31.8,0,5,94.8,0,0,91.8,0,0,107.7,"Minnesota Epilepsy Group with Children's Minnesota, St. Paul and Minneapolis",FOUND_MED_POLICY_ONLY,Rural,509.0,14.0,HIGH_RISK_SMALL,11,0.3,5
771,Chokio-Alberta Public Schools,Stevens County,45.572957,-96.176078,64.0,0,0,93.9,0,0,96.2,0,0,148.0,"Minnesota Epilepsy Group with Children's Minnesota, St. Paul and Minneapolis",FOUND_MED_POLICY_ONLY,Rural,140.0,17.0,HIGH_RISK_SMALL,10,11.9,5
836,Butterfield-Odin Public Schools,Watonwan County,43.959367,-94.791331,28.4,1,5,93.8,0,0,95.7,0,0,101.9,"Minnesota Epilepsy Group with Children's Minnesota, St. Paul and Minneapolis",FOUND_MED_POLICY_ONLY,Rural,210.0,19.0,HIGH_RISK_SMALL,12,7.1,5
81,COMFREY PUBLIC SCHOOL DISTRICT,Brown County,44.109207,-94.908073,40.2,0,5,92.8,0,0,93.8,0,0,99.8,"Minnesota Epilepsy Group with Children's Minnesota, St. Paul and Minneapolis",FOUND_MED_POLICY_ONLY,Rural,105.0,16.0,HIGH_RISK_SMALL,11,0.8,3
2167,LAKEVIEW SCHOOL DISTRICT,Lyon County,44.621822,-95.667675,45.1,0,2,92.7,0,0,87.2,0,0,120.1,"Minnesota Epilepsy Group with Children's Minnesota, St. Paul and Minneapolis",FOUND_SEIZURE_SPECIFIC,Rural,724.0,14.0,ELEVATED_RISK_MID,6,12.2,8
2176,WARREN-ALVARADO-OSLO SCHOOL DIST.,Marshall County,48.194275,-96.767447,28.2,4,4,92.5,0,0,92.3,0,0,278.8,"University of Minnesota Medical Center / MINCEP, Minneapolis",FOUND_MED_POLICY_ONLY,Rural,580.0,16.0,ELEVATED_RISK_MID,10,2.2,1
85,SPRINGFIELD PUBLIC SCHOOL DISTRICT,Brown County,44.237898,-94.982398,49.7,0,7,92.0,0,0,92.2,0,0,97.9,"Minnesota Epilepsy Group with Children's Minnesota, St. Paul and Minneapolis",FOUND_SEIZURE_SPECIFIC,Rural,599.0,16.0,ELEVATED_RISK_MID,7,0.4,4
707,NETT LAKE PUBLIC SCHOOL DISTRICT,St. Louis County,48.109661,-93.095592,79.5,0,0,91.6,0,0,198.7,0,0,216.9,"University of Minnesota Medical Center / MINCEP, Minneapolis",FOUND_MED_POLICY_ONLY,Rural,48.0,17.0,HIGH_RISK_SMALL,10,21.2,0
2536,Granada Huntley East Chain,Martin County,43.697871,-94.345687,8.0,1,5,91.5,0,0,94.0,0,0,96.3,"Mayo Clinic, Rochester (adult and pediatric)",FOUND_MED_POLICY_ONLY,Rural,303.0,16.0,HIGH_RISK_SMALL,11,8.0,10
441,MARSHALL COUNTY CENTRAL SCHOOLS,Marshall County,48.35737,-96.332897,50.2,0,4,89.9,0,0,106.9,0,0,276.2,"University of Minnesota Medical Center / MINCEP, Minneapolis",NOT_VERIFIABLE,Rural,459.0,16.0,HIGH_RISK_SMALL,11,16.7,0
2884,RED ROCK CENTRAL SCHOOL DISTRICT,Redwood County,44.226853,-95.262444,57.5,0,1,88.1,0,0,83.8,0,0,110.4,"Minnesota Epilepsy Group with Children's Minnesota, St. Paul and Minneapolis",FOUND_MED_POLICY_ONLY,Rural,406.0,18.0,HIGH_RISK_SMALL,11,0.6,2
801,Browns Valley Public School Dist,Traverse County,45.592616,-96.830192,83.0,0,0,87.3,0,0,87.9,0,0,179.0,"Minnesota Epilepsy Group with Children's Minnesota, St. Paul and Minneapolis",NOT_FOUND,Rural,197.0,15.7,HIGH_RISK_SMALL,11,0.7,3
2895,JACKSON COUNTY CENTRAL SCHOOL DIST.,Jackson County,43.625289,-94.998795,26.6,1,1,87.2,0,0,85.5,0,0,125.6,"Minnesota Epilepsy Group with Children's Minnesota, St. Paul and Minneapolis",FOUND_MED_POLICY_ONLY,Rural,1104.0,16.0,LOW_RISK_LARGE,7,0.5,11
458,TRUMAN PUBLIC SCHOOL DISTRICT,Martin County,43.826145,-94.431582,14.2,1,5,87.1,0,0,90.4,0,0,96.8,"Minnesota Epilepsy Group with Children's Minnesota, St. Paul and Minneapolis",FOUND_MED_POLICY_ONLY,Rural,241.0,16.0,HIGH_RISK_SMALL,11,14.2,8
840,ST. JAMES PUBLIC SCHOOL DISTRICT,Watonwan County,43.979049,-94.627666,25.9,1,5,86.6,0,0,88.8,0,0,95.1,"Minnesota Epilepsy Group with Children's Minnesota, St. Paul and Minneapolis",NOT_FOUND,Rural,1150.0,19.0,LOW_RISK_LARGE,9,0.8,5
362,LITTLEFORK-BIG FALLS SCHOOL DIST.,Koochiching County,48.399292,-93.553996,86.0,0,0,86.0,0,0,189.7,0,0,237.3,"University of Minnesota Medical Center / MINCEP, Minneapolis",NOT_VERIFIABLE,Rural,369.0,29.0,HIGH_RISK_SMALL,10,9.9,1
891,CANBY PUBLIC SCHOOL DISTRICT,Yellow Medicine County,44.710984,-96.279096,66.3,0,0,85.3,0,0,79.3,0,0,148.7,"Minnesota Epilepsy Group with Children's Minnesota, St. Paul and Minneapolis",NOT_VERIFIABLE,Rural,590.0,18.0,ELEVATED_RISK_MID,10,1.6,1
635,MILROY PUBLIC SCHOOL DISTRICT,Redwood County,44.415851,-95.555595,53.7,0,2,85.2,0,0,80.1,0,0,118.5,"Minnesota Epilepsy Group with Children's Minnesota, St. Paul and Minneapolis",FOUND_SEIZURE_SPECIFIC,Rural,20.0,18.0,ZERO_SUPPORT_STAFF,9,10.3,8
129,MONTEVIDEO PUBLIC SCHOOL DISTRICT,Chippewa County,44.939163,-95.702863,34.2,0,2,84.8,0,0,104.7,0,0,119.3,"Minnesota Epilepsy Group with Children's Minnesota, St. Paul and Minneapolis",FOUND_SEIZURE_SPECIFIC,Town,1396.0,17.0,LOW_RISK_LARGE,5,4.6,6
2754,CEDAR MOUNTAIN SCHOOL DISTRICT,Redwood County,44.416026,-94.922626,47.7,0,7,84.2,0,0,84.2,0,0,89.5,"Minnesota Epilepsy Group with Children's Minnesota, St. Paul and Minneapolis",FOUND_MED_POLICY_ONLY,Rural,396.0,18.0,HIGH_RISK_SMALL,11,12.4,5
177,WINDOM PUBLIC SCHOOL DISTRICT,Cottonwood County,43.875982,-95.130756,37.5,0,1,83.8,0,0,80.9,0,0,118.4,"Minnesota Epilepsy Group with Children's Minnesota, St. Paul and Minneapolis",NOT_FOUND,Rural,1150.0,14.0,LOW_RISK_LARGE,8,0.6,4
2190,YELLOW MEDICINE EAST,Yellow Medicine County,44.810735,-95.545307,31.8,0,2,83.7,0,0,101.3,0,0,112.1,"Minnesota Epilepsy Group with Children's Minnesota, St. Paul and Minneapolis",FOUND_SEIZURE_SPECIFIC,Rural,603.0,18.0,ELEVATED_RISK_MID,7,1.9,4
2897,REDWOOD AREA SCHOOL DISTRICT,Redwood County,44.536273,-95.091357,39.1,0,2,83.6,0,0,89.4,0,0,94.2,"Minnesota Epilepsy Group with Children's Minnesota, St. Paul and Minneapolis",FOUND_MED_POLICY_ONLY,Town,1132.0,18.0,LOW_RISK_LARGE,8,2.5,3
2860,Blue Earth Area School District,Faribault County,43.639013,-94.098517,18.5,1,8,83.5,0,0,83.5,0,0,85.5,"Mayo Clinic, Rochester (adult and pediatric)",FOUND_MED_POLICY_ONLY,Rural,1075.0,17.0,LOW_RISK_LARGE,8,1.2,2
390,LAKE OF THE WOODS SCHOOL DISTRICT,Lake of the Woods County,48.709501,-94.635916,83.3,0,0,83.3,0,0,166.2,0,0,266.6,"University of Minnesota Medical Center / MINCEP, Minneapolis",FOUND_MED_POLICY_ONLY,Rural,458.0,37.0,HIGH_RISK_SMALL,10,8.1,2
2769,MORRIS AREA PUBLIC SCHOOLS,Stevens County,45.581904,-95.9,53.3,0,2,81.7,0,0,101.3,0,0,135.4,"Minnesota Epilepsy Group with Children's Minnesota, St. Paul and Minneapolis",FOUND_SEIZURE_SPECIFIC,Rural,1096.0,17.0,LOW_RISK_LARGE,4,1.5,3
414,MINNEOTA PUBLIC SCHOOL DISTRICT,Lyon County,44.562928,-95.981117,59.2,0,2,81.2,0,0,75.4,0,0,136.0,"Minnesota Epilepsy Group with Children's Minnesota, St. Paul and Minneapolis",FOUND_MED_POLICY_ONLY,Rural,552.0,14.0,ELEVATED_RISK_MID,9,13.6,6
264,HERMAN-NORCROSS SCHOOL DISTRICT,Grant County,45.811633,-96.13828,72.3,0,0,79.2,0,0,81.9,0,0,151.6,"Minnesota Epilepsy Group with Children's Minnesota, St. Paul and Minneapolis",FOUND_MED_POLICY_ONLY,Rural,103.0,25.0,HIGH_RISK_SMALL,11,1.1,2
413,MARSHALL PUBLIC SCHOOL DISTRICT,Lyon County,44.439261,-95.783757,58.5,0,2,79.2,0,0,73.7,0,0,128.7,"Minnesota Epilepsy Group with Children's Minnesota, St. Paul and Minneapolis",FOUND_MED_POLICY_ONLY,Town,2705.0,14.0,LOW_RISK_LARGE,7,1.2,8
2342,WEST CENTRAL AREA,Grant County,45.907525,-95.897529,69.4,0,0,79.0,0,0,82.4,0,0,143.8,"Minnesota Epilepsy Group with Children's Minnesota, St. Paul and Minneapolis",FOUND_MED_POLICY_ONLY,Rural,750.0,25.0,ELEVATED_RISK_MID,10,7.0,2
84,SLEEPY EYE PUBLIC SCHOOL DISTRICT,Brown County,44.292756,-94.72806,38.8,0,7,79.0,0,0,79.4,0,0,85.2,"Minnesota Epilepsy Group with Children's Minnesota, St. Paul and Minneapolis",FOUND_MED_POLICY_ONLY,Rural,596.0,16.0,ELEVATED_RISK_MID,10,0.4,9
696,ELY PUBLIC SCHOOL DISTRICT,St. Louis County,47.900398,-91.859577,75.9,0,0,76.8,0,0,208.8,0,0,212.7,"University of Minnesota Medical Center / MINCEP, Minneapolis",FOUND_MED_POLICY_ONLY,Rural,536.0,17.0,ELEVATED_RISK_MID,9,11.0,4
768,HANCOCK PUBLIC SCHOOL DISTRICT,Stevens County,45.497349,-95.789929,45.5,0,2,76.6,0,0,109.0,0,0,128.6,"Minnesota Epilepsy Group with Children's Minnesota, St. Paul and Minneapolis",FOUND_SEIZURE_SPECIFIC,Rural,434.0,17.0,HIGH_RISK_SMALL,7,9.1,4
595,East Grand Forks Public Schools,Polk County,47.939387,-97.023263,7.2,4,4,75.4,0,0,74.5,0,0,273.0,"University of Minnesota Medical Center / MINCEP, Minneapolis",FOUND_SEIZURE_SPECIFIC,Suburb,1942.0,17.0,LOW_RISK_LARGE,4,4.4,14
837,MADELIA PUBLIC SCHOOL DISTRICT,Watonwan County,44.047277,-94.411764,22.4,5,7,75.4,0,0,78.0,0,0,84.3,"Minnesota Epilepsy Group with Children's Minnesota, St. Paul and Minneapolis",FOUND_MED_POLICY_ONLY,Rural,633.0,19.0,ELEVATED_RISK_MID,11,0.2,6
545,HENNING PUBLIC SCHOOL DISTRICT,Otter Tail County,46.319324,-95.447267,63.6,0,0,75.1,0,0,79.8,0,0,141.6,"Minnesota Epilepsy Group with Children's Minnesota, St. Paul and Minneapolis",FOUND_SEIZURE_SPECIFIC,Rural,383.0,22.0,HIGH_RISK_SMALL,7,0.1,4
2155,WADENA-DEER CREEK SCHOOL DISTRICT,Wadena County,46.443006,-95.147628,49.9,0,4,75.0,0,0,89.4,0,0,137.3,"University of Minnesota Medical Center / MINCEP, Minneapolis",FOUND_MED_POLICY_ONLY,Town,1112.0,21.0,LOW_RISK_LARGE,8,1.6,10
2898,WESTBROOK-WALNUT GROVE SCHOOLS,Cottonwood County,44.044527,-95.429579,56.1,0,1,74.5,0,0,70.6,0,0,123.8,"Minnesota Epilepsy Group with Children's Minnesota, St. Paul and Minneapolis",FOUND_MED_POLICY_ONLY,Rural,499.0,14.0,HIGH_RISK_SMALL,11,1.0,4
803,WHEATON AREA PUBLIC SCHOOL DISTRICT,Traverse County,45.800629,-96.506909,70.4,0,0,74.5,0,0,76.1,0,0,168.0,"Minnesota Epilepsy Group with Children's Minnesota, St. Paul and Minneapolis",FOUND_MED_POLICY_ONLY,Rural,368.0,15.7,HIGH_RISK_SMALL,11,2.7,2
564,THIEF RIVER FALLS SCHOOL DISTRICT,Pennington County,48.114372,-96.180371,47.5,0,4,74.2,0,0,93.3,0,0,258.3,"University of Minnesota Medical Center / MINCEP, Minneapolis",FOUND_SEIZURE_SPECIFIC,Town,1811.0,13.0,LOW_RISK_LARGE,4,0.8,5
2904,TRACY AREA PUBLIC SCHOOL DISTRICT,Lyon County,44.225138,-95.630957,67.1,0,0,73.5,0,0,68.6,0,0,126.8,"Minnesota Epilepsy Group with Children's Minnesota, St. Paul and Minneapolis",FOUND_MED_POLICY_ONLY,Rural,688.0,14.0,ELEVATED_RISK_MID,9,2.1,3
415,LYND PUBLIC SCHOOL DISTRICT,Lyon County,44.38595,-95.893701,64.7,0,0,73.0,0,0,67.5,0,0,135.0,"Minnesota Epilepsy Group with Children's Minnesota, St. Paul and Minneapolis",FOUND_MED_POLICY_ONLY,Rural,160.0,14.0,ZERO_SUPPORT_STAFF,11,7.7,7
2890,Renville County West Schools,Renville County,44.791298,-95.207957,22.9,2,2,72.7,0,0,92.0,0,0,95.8,"Minnesota Epilepsy Group with Children's Minnesota, St. Paul and Minneapolis",FOUND_SEIZURE_SPECIFIC,Rural,561.0,21.0,ELEVATED_RISK_MID,7,0.5,4
330,HERON LAKE-OKABENA SCHOOL DISTRICT,Jackson County,43.74118,-95.316682,43.2,0,1,72.6,0,0,70.1,0,0,131.5,"Minnesota Epilepsy Group with Children's Minnesota, St. Paul and Minneapolis",FOUND_MED_POLICY_ONLY,Rural,290.0,16.0,HIGH_RISK_SMALL,10,9.0,5
2908,BRANDON-EVANSVILLE PUBLIC SCHOOLS,Douglas County,45.96729,-95.599708,65.6,0,0,72.2,0,0,88.6,0,0,133.2,"Minnesota Epilepsy Group with Children's Minnesota, St. Paul and Minneapolis",FOUND_MED_POLICY_ONLY,Rural,556.0,18.0,ELEVATED_RISK_MID,8,11.9,10
553,NEW YORK MILLS PUBLIC SCHOOL DIST.,Otter Tail County,46.522709,-95.378248,61.8,0,0,72.2,0,0,77.3,0,0,148.9,"Minnesota Epilepsy Group with Children's Minnesota, St. Paul and Minneapolis",FOUND_MED_POLICY_ONLY,Rural,802.0,22.0,ELEVATED_RISK_MID,9,1.7,14
261,ASHBY PUBLIC SCHOOL DISTRICT,Grant County,46.092598,-95.821177,68.5,0,0,71.1,0,0,75.0,0,0,146.7,"Minnesota Epilepsy Group with Children's Minnesota, St. Paul and Minneapolis",FOUND_MED_POLICY_ONLY,Rural,320.0,25.0,HIGH_RISK_SMALL,11,10.7,2
2180,MACCRAY School District,Chippewa County,44.957235,-95.374559,19.1,2,2,70.8,0,0,100.0,0,0,103.2,"Minnesota Epilepsy Group with Children's Minnesota, St. Paul and Minneapolis",FOUND_MED_POLICY_ONLY,Rural,758.0,17.0,ELEVATED_RISK_MID,10,2.0,4
630,RED LAKE FALLS PUBLIC SCHOOL DIST.,Red Lake County,47.879663,-96.276854,40.1,0,4,70.7,0,0,76.6,0,0,247.7,"University of Minnesota Medical Center / MINCEP, Minneapolis",NOT_FOUND,Rural,389.0,22.0,HIGH_RISK_SMALL,10,1.4,1
1,AITKIN PUBLIC SCHOOL DISTRICT,Aitkin County,46.533886,-93.711346,13.2,4,5,70.5,0,0,108.4,0,0,110.4,"University of Minnesota Medical Center / MINCEP, Minneapolis",FOUND_MED_POLICY_ONLY,Rural,995.0,26.0,LOW_RISK_LARGE,7,4.9,10
402,HENDRICKS PUBLIC SCHOOL DISTRICT,Lincoln County,44.506475,-96.422138,63.9,0,0,69.9,0,0,63.9,0,0,158.1,"Minnesota Epilepsy Group with Children's Minnesota, St. Paul and Minneapolis",FOUND_MED_POLICY_ONLY,Rural,231.0,19.0,HIGH_RISK_SMALL,10,9.7,1
777,BENSON PUBLIC SCHOOL DISTRICT,Swift County,45.320107,-95.597945,31.0,0,2,69.5,0,0,114.6,0,0,116.6,"Minnesota Epilepsy Group with Children's Minnesota, St. Paul and Minneapolis",FOUND_MED_POLICY_ONLY,Rural,774.0,19.0,ELEVATED_RISK_MID,10,1.4,4
403,IVANHOE PUBLIC SCHOOL DISTRICT,Lincoln County,44.46424,-96.252408,63.5,0,0,69.5,0,0,63.5,0,0,150.6,"Minnesota Epilepsy Group with Children's Minnesota, St. Paul and Minneapolis",FOUND_MED_POLICY_ONLY,Rural,68.0,19.0,HIGH_RISK_SMALL,10,1.1,3
2,HILL CITY PUBLIC SCHOOL DISTRICT,Aitkin County,46.992636,-93.604952,31.5,0,5,68.8,0,0,138.5,0,0,140.8,"University of Minnesota Medical Center / MINCEP, Minneapolis",FOUND_MED_POLICY_ONLY,Rural,242.0,26.0,HIGH_RISK_SMALL,10,17.3,0
818,VERNDALE PUBLIC SCHOOL DISTRICT,Wadena County,46.394162,-95.01829,43.4,0,4,68.6,0,0,96.4,0,0,130.7,"University of Minnesota Medical Center / MINCEP, Minneapolis",FOUND_MED_POLICY_ONLY,Rural,509.0,21.0,HIGH_RISK_SMALL,11,7.7,14
316,GREENWAY PUBLIC SCHOOL DISTRICT,Itasca County,47.285494,-93.431074,32.1,0,2,68.5,0,0,157.6,0,0,160.1,"University of Minnesota Medical Center / MINCEP, Minneapolis",FOUND_MED_POLICY_ONLY,Rural,1032.0,22.0,ELEVATED_RISK_MID,9,5.1,9
2135,MAPLE RIVER SCHOOL DISTRICT,Blue Earth County,43.91824,-93.956238,14.8,4,7,68.2,0,0,71.7,0,0,74.4,"Mayo Clinic, Rochester (adult and pediatric)",FOUND_MED_POLICY_ONLY,Rural,944.0,15.0,ELEVATED_RISK_MID,8,14.8,15
186,PEQUOT LAKES PUBLIC SCHOOLS,Crow Wing County,46.600147,-94.317002,16.0,4,4,68.0,0,0,123.1,0,0,124.0,"University of Minnesota Medical Center / MINCEP, Minneapolis",FOUND_SEIZURE_SPECIFIC,Rural,1807.0,19.0,LOW_RISK_LARGE,4,2.6,8
2534,BIRD ISLAND-OLIVIA-LAKE LILLIAN,Renville County,44.769703,-94.988565,23.1,2,3,67.3,0,0,81.4,0,0,85.4,"Minnesota Epilepsy Group with Children's Minnesota, St. Paul and Minneapolis",FOUND_MED_POLICY_ONLY,Rural,619.0,21.0,ELEVATED_RISK_MID,10,0.4,4
88,NEW ULM PUBLIC SCHOOL DISTRICT,Brown County,44.304002,-94.464152,26.9,4,8,67.1,0,0,68.1,0,0,74.1,"Minnesota Epilepsy Group with Children's Minnesota, St. Paul and Minneapolis",FOUND_SEIZURE_SPECIFIC,Town,2135.0,16.0,LOW_RISK_LARGE,5,0.2,7
547,PARKERS PRAIRIE PUBLIC SCHOOL DIST.,Otter Tail County,46.1497,-95.328116,59.2,0,3,66.8,0,0,90.8,0,0,129.7,"Minnesota Epilepsy Group with Children's Minnesota, St. Paul and Minneapolis",FOUND_MED_POLICY_ONLY,Rural,535.0,22.0,ELEVATED_RISK_MID,9,0.8,3
2071,LAKE CRYSTAL-WELLCOME MEMORIAL,Blue Earth County,44.099764,-94.230684,12.8,4,8,66.4,0,0,69.3,0,0,75.7,"Minnesota Epilepsy Group with Children's Minnesota, St. Paul and Minneapolis",FOUND_SEIZURE_SPECIFIC,Rural,961.0,15.0,ELEVATED_RISK_MID,5,2.1,20
542,BATTLE LAKE PUBLIC SCHOOL DISTRICT,Otter Tail County,46.283695,-95.720491,63.8,0,0,65.6,0,0,70.1,0,0,150.2,"Minnesota Epilepsy Group with Children's Minnesota, St. Paul and Minneapolis",FOUND_MED_POLICY_ONLY,Rural,403.0,22.0,HIGH_RISK_SMALL,10,0.7,3
593,CROOKSTON PUBLIC SCHOOL DISTRICT,Polk County,47.79032,-96.6023,25.6,4,4,65.4,0,0,65.9,0,0,252.4,"University of Minnesota Medical Center / MINCEP, Minneapolis",FOUND_MED_POLICY_ONLY,Town,1162.0,17.0,LOW_RISK_LARGE,7,3.9,5
600,FISHER PUBLIC SCHOOL DISTRICT,Polk County,47.797712,-96.796659,16.8,4,4,65.1,0,0,64.9,0,0,258.7,"University of Minnesota Medical Center / MINCEP, Minneapolis",FOUND_MED_POLICY_ONLY,Rural,233.0,17.0,HIGH_RISK_SMALL,10,11.9,8
447,GRYGLA PUBLIC SCHOOL DISTRICT,Marshall County,48.302646,-95.619838,65.0,0,0,65.0,0,0,116.7,0,0,256.5,"University of Minnesota Medical Center / MINCEP, Minneapolis",NOT_FOUND,Rural,125.0,16.0,HIGH_RISK_SMALL,11,29.2,0
815,PRINSBURG PUBLIC SCHOOL DISTRICT,Kandiyohi County,44.935779,-95.189638,13.5,2,3,64.9,0,0,90.9,0,0,94.2,"Minnesota Epilepsy Group with Children's Minnesota, St. Paul and Minneapolis",NOT_VERIFIABLE,Rural,,15.0,ZERO_SUPPORT_STAFF,12,9.0,11
318,GRAND RAPIDS PUBLIC SCHOOL DISTRICT,Itasca County,47.225261,-93.538356,33.5,0,2,64.8,0,0,153.9,0,0,156.4,"University of Minnesota Medical Center / MINCEP, Minneapolis",FOUND_SEIZURE_SPECIFIC,Rural,4024.0,22.0,LOW_RISK_LARGE,4,1.4,9
2907,ROUND LAKE-BREWSTER PUBLIC SCHOOLS,Nobles County,43.697158,-95.466022,50.2,0,1,64.7,0,0,62.4,0,0,139.2,"Minnesota Epilepsy Group with Children's Minnesota, St. Paul and Minneapolis",NOT_FOUND,Rural,490.0,18.0,HIGH_RISK_SMALL,13,7.7,11
2134,United South Central Schools,Faribault County,43.73399,-93.735299,30.0,0,9,64.2,0,0,64.2,0,0,66.3,"Mayo Clinic, Rochester (adult and pediatric)",FOUND_MED_POLICY_ONLY,Rural,797.0,17.0,ELEVATED_RISK_MID,10,1.2,2
319,NASHWAUK-KEEWATIN SCHOOL DISTRICT,Itasca County,47.375605,-93.166524,30.4,0,1,64.2,0,0,163.2,0,0,166.1,"University of Minnesota Medical Center / MINCEP, Minneapolis",NOT_VERIFIABLE,Rural,583.0,22.0,ELEVATED_RISK_MID,9,7.6,8
182,CROSBY-IRONTON PUBLIC SCHOOL DIST.,Crow Wing County,46.478347,-93.966511,6.4,4,5,63.6,0,0,108.5,0,0,109.9,"University of Minnesota Medical Center / MINCEP, Minneapolis",FOUND_MED_POLICY_ONLY,Rural,991.0,19.0,ELEVATED_RISK_MID,9,6.0,11
786,BERTHA-HEWITT PUBLIC SCHOOL DIST.,Todd County,46.263877,-95.062093,45.4,0,5,62.8,0,0,98.0,0,0,125.6,"Minnesota Epilepsy Group with Children's Minnesota, St. Paul and Minneapolis",FOUND_MED_POLICY_ONLY,Rural,518.0,20.0,ELEVATED_RISK_MID,10,1.0,11
2365,GFW Public Schools,Sibley County,44.534488,-94.52184,38.7,0,8,62.8,0,0,62.8,0,0,68.2,"Minnesota Epilepsy Group with Children's Minnesota, St. Paul and Minneapolis",FOUND_MED_POLICY_ONLY,Rural,611.0,16.0,ELEVATED_RISK_MID,10,7.7,1
2159,Buffalo Lake-Hector-Stewart,Renville County,44.743566,-94.718852,29.4,2,9,62.5,0,0,68.4,0,0,72.7,"Minnesota Epilepsy Group with Children's Minnesota, St. Paul and Minneapolis",FOUND_MED_POLICY_ONLY,Rural,446.0,21.0,HIGH_RISK_SMALL,11,13.6,3
561,GOODRIDGE PUBLIC SCHOOL DISTRICT,Pennington County,48.145855,-95.808807,62.2,0,0,62.2,0,0,103.0,0,0,251.1,"University of Minnesota Medical Center / MINCEP, Minneapolis",FOUND_MED_POLICY_ONLY,Rural,264.0,13.0,HIGH_RISK_SMALL,10,17.8,0
820,SEBEKA PUBLIC SCHOOL DISTRICT,Wadena County,46.631369,-95.091016,51.2,0,4,61.9,0,0,88.6,0,0,145.4,"University of Minnesota Medical Center / MINCEP, Minneapolis",FOUND_SEIZURE_SPECIFIC,Rural,482.0,21.0,HIGH_RISK_SMALL,8,9.1,11
2165,HINCKLEY-FINLAYSON SCHOOL DISTRICT,Pine County,46.016096,-92.939777,34.5,0,1,61.8,0,0,70.1,0,0,73.5,"University of Minnesota Medical Center / MINCEP, Minneapolis",FOUND_MED_POLICY_ONLY,Rural,946.0,24.0,ELEVATED_RISK_MID,10,7.9,5
505,FULDA PUBLIC SCHOOL DISTRICT,Murray County,43.873959,-95.605002,58.1,0,19,61.5,0,0,58.1,0,2,137.5,"Minnesota Epilepsy Group with Children's Minnesota, St. Paul and Minneapolis",FOUND_MED_POLICY_ONLY,Rural,364.0,19.0,HIGH_RISK_SMALL,11,1.7,8
549,PERHAM-DENT PUBLIC SCHOOL DISTRICT,Otter Tail County,46.587059,-95.585273,61.1,0,0,61.5,0,0,66.5,0,0,159.0,"Minnesota Epilepsy Group with Children's Minnesota, St. Paul and Minneapolis",FOUND_MED_POLICY_ONLY,Rural,1687.0,22.0,LOW_RISK_LARGE,7,2.5,6
2170,STAPLES-MOTLEY SCHOOL DISTRICT,Todd County,46.363617,-94.795087,32.6,0,5,61.3,0,0,107.1,0,0,122.2,"University of Minnesota Medical Center / MINCEP, Minneapolis",FOUND_SEIZURE_SPECIFIC,Rural,888.0,20.0,ELEVATED_RISK_MID,7,5.3,9
2149,MINNEWASKA SCHOOL DISTRICT,Pope County,45.624899,-95.455288,41.4,0,4,60.2,0,0,110.9,0,0,116.2,"Minnesota Epilepsy Group with Children's Minnesota, St. Paul and Minneapolis",FOUND_SEIZURE_SPECIFIC,Rural,1345.0,14.0,LOW_RISK_LARGE,4,6.0,3
695,CHISHOLM PUBLIC SCHOOL DISTRICT,St. Louis County,47.486074,-92.883771,36.2,0,1,60.1,0,0,171.4,0,0,174.5,"University of Minnesota Medical Center / MINCEP, Minneapolis",FOUND_MED_POLICY_ONLY,Town,658.0,17.0,ELEVATED_RISK_MID,9,4.8,11
550,UNDERWOOD PUBLIC SCHOOL DISTRICT,Otter Tail County,46.281998,-95.871336,58.0,0,1,60.1,0,0,64.4,0,0,155.9,"Minnesota Epilepsy Group with Children's Minnesota, St. Paul and Minneapolis",NOT_FOUND,Rural,571.0,22.0,ELEVATED_RISK_MID,9,7.8,7
2902,RTR PUBLIC SCHOOLS,Lincoln County,44.274639,-96.141479,54.2,0,35,59.9,0,6,54.2,0,2,149.1,"Minnesota Epilepsy Group with Children's Minnesota, St. Paul and Minneapolis",FOUND_MED_POLICY_ONLY,Rural,637.0,19.0,ELEVATED_RISK_MID,9,0.9,3
775,KERKHOVEN-MURDOCK-SUNBURG,Swift County,45.195109,-95.322247,15.1,2,18,59.9,0,1,99.6,0,0,101.8,"Minnesota Epilepsy Group with Children's Minnesota, St. Paul and Minneapolis",FOUND_SEIZURE_SPECIFIC,Rural,797.0,19.0,ELEVATED_RISK_MID,7,14.6,5
206,ALEXANDRIA PUBLIC SCHOOL DISTRICT,Douglas County,45.876579,-95.355352,52.6,0,17,59.0,0,1,101.4,0,0,119.9,"Minnesota Epilepsy Group with Children's Minnesota, St. Paul and Minneapolis",FOUND_SEIZURE_SPECIFIC,Town,4021.0,18.0,LOW_RISK_LARGE,3,1.5,10
4,MCGREGOR PUBLIC SCHOOL DISTRICT,Aitkin County,46.606258,-93.305219,30.2,0,15,58.9,0,2,110.3,0,0,113.0,"University of Minnesota Medical Center / MINCEP, Minneapolis",FOUND_MED_POLICY_ONLY,Rural,428.0,26.0,HIGH_RISK_SMALL,10,3.8,4
242,ALDEN-CONGER PUBLIC SCHOOL DISTRICT,Freeborn County,43.672519,-93.574279,31.9,0,325,58.6,0,25,58.6,0,19,60.3,"Mayo Clinic, Rochester (adult and pediatric)",FOUND_MED_POLICY_ONLY,Rural,457.0,15.0,HIGH_RISK_SMALL,11,7.9,8
2169,Murray County Central Schools,Murray County,43.98495,-95.757187,54.2,0,39,58.4,0,6,54.2,0,2,139.9,"Minnesota Epilepsy Group with Children's Minnesota, St. Paul and Minneapolis",NOT_FOUND,Rural,701.0,19.0,ELEVATED_RISK_MID,10,1.8,6
701,HIBBING PUBLIC SCHOOL DISTRICT,St. Louis County,47.425609,-92.932516,31.9,0,11,58.4,0,2,167.0,0,0,170.2,"University of Minnesota Medical Center / MINCEP, Minneapolis",NOT_FOUND,Town,2197.0,17.0,LOW_RISK_LARGE,7,4.5,11
2174,PINE RIVER-BACKUS SCHOOL DISTRICT,Cass County,46.726739,-94.405929,22.8,1,5,58.3,0,1,119.8,0,0,133.7,"University of Minnesota Medical Center / MINCEP, Minneapolis",FOUND_MED_POLICY_ONLY,Rural,879.0,24.0,ELEVATED_RISK_MID,9,0.5,6
518,WORTHINGTON PUBLIC SCHOOL DISTRICT,Nobles County,43.629136,-95.598726,55.5,0,40,57.4,0,6,55.5,0,2,147.3,"Minnesota Epilepsy Group with Children's Minnesota, St. Paul and Minneapolis",NOT_VERIFIABLE,Town,3914.0,18.0,LOW_RISK_LARGE,10,0.9,7
507,NICOLLET PUBLIC SCHOOL DISTRICT,Nicollet County,44.281209,-94.186703,14.6,4,60,56.5,0,9,58.6,0,2,64.9,"Minnesota Epilepsy Group with Children's Minnesota, St. Paul and Minneapolis",FOUND_MED_POLICY_ONLY,Rural,338.0,14.0,HIGH_RISK_SMALL,9,6.8,27
852,Campbell-Tintah Public Schools,Wilkin County,46.095847,-96.405122,52.4,0,25,56.2,0,1,58.6,0,1,171.4,"Minnesota Epilepsy Group with Children's Minnesota, St. Paul and Minneapolis",FOUND_MED_POLICY_ONLY,Rural,128.0,21.0,HIGH_RISK_SMALL,11,13.9,2
75,ST. CLAIR PUBLIC SCHOOL DISTRICT,Blue Earth County,44.081772,-93.859297,6.8,4,17,56.0,0,1,60.5,0,0,66.9,"Minnesota Epilepsy Group with Children's Minnesota, St. Paul and Minneapolis",FOUND_MED_POLICY_ONLY,Rural,820.0,15.0,ELEVATED_RISK_MID,8,6.8,17
404,LAKE BENTON PUBLIC SCHOOL DISTRICT,Lincoln County,44.260392,-96.283687,50.0,0,39,55.8,0,6,50.0,0,2,156.0,"Minnesota Epilepsy Group with Children's Minnesota, St. Paul and Minneapolis",FOUND_MED_POLICY_ONLY,Rural,113.0,19.0,HIGH_RISK_SMALL,10,7.7,8
2580,EAST CENTRAL SCHOOL DISTRICT,Pine County,46.181863,-92.841227,46.9,0,13,55.6,0,2,82.2,0,0,85.7,"University of Minnesota Medical Center / MINCEP, Minneapolis",FOUND_MED_POLICY_ONLY,Rural,765.0,24.0,ELEVATED_RISK_MID,10,11.0,4
77,MANKATO PUBLIC SCHOOL DISTRICT,Blue Earth County,44.165087,-94.005497,2.7,4,60,55.5,0,9,59.1,0,2,65.5,"Minnesota Epilepsy Group with Children's Minnesota, St. Paul and Minneapolis",FOUND_SEIZURE_SPECIFIC,City,8276.0,15.0,LOW_RISK_LARGE,3,2.7,21
2142,ST. LOUIS COUNTY SCHOOL DISTRICT,St. Louis County,47.538137,-92.547048,43.7,0,12,55.2,0,2,176.9,0,0,180.3,"University of Minnesota Medical Center / MINCEP, Minneapolis",FOUND_MED_POLICY_ONLY,Rural,1947.0,17.0,LOW_RISK_LARGE,7,5.1,8
712,MOUNTAIN IRON-BUHL SCHOOL DISTRICT,St. Louis County,47.518553,-92.594917,41.6,0,12,54.9,0,2,175.2,0,0,178.6,"University of Minnesota Medical Center / MINCEP, Minneapolis",FOUND_MED_POLICY_ONLY,Town,591.0,17.0,ELEVATED_RISK_MID,9,4.8,10
118,NORTHLAND COMMUNITY SCHOOLS,Cass County,47.058081,-93.910786,33.9,0,6,54.3,0,1,143.1,0,0,147.8,"University of Minnesota Medical Center / MINCEP, Minneapolis",FOUND_MED_POLICY_ONLY,Rural,347.0,24.0,HIGH_RISK_SMALL,10,15.4,0
23,FRAZEE-VERGAS PUBLIC SCHOOL DIST.,Becker County,46.730213,-95.698611,53.9,0,29,53.9,0,1,59.0,0,1,169.8,"Minnesota Epilepsy Group with Children's Minnesota, St. Paul and Minneapolis",FOUND_MED_POLICY_ONLY,Rural,802.0,20.0,ELEVATED_RISK_MID,9,5.3,11
181,BRAINERD PUBLIC SCHOOL DISTRICT,Crow Wing County,46.352243,-94.19687,4.5,4,20,53.7,0,1,105.3,0,0,106.1,"University of Minnesota Medical Center / MINCEP, Minneapolis",FOUND_SEIZURE_SPECIFIC,Town,6134.0,19.0,LOW_RISK_LARGE,4,4.1,18
821,MENAHGA PUBLIC SCHOOL DISTRICT,Wadena County,46.75201,-95.095086,53.7,0,5,53.7,0,1,87.2,0,0,152.2,"University of Minnesota Medical Center / MINCEP, Minneapolis",FOUND_MED_POLICY_ONLY,Rural,945.0,21.0,ELEVATED_RISK_MID,10,0.9,2
116,PILLAGER PUBLIC SCHOOL DISTRICT,Cass County,46.327487,-94.470999,17.0,4,20,53.5,0,1,110.8,0,0,111.1,"University of Minnesota Medical Center / MINCEP, Minneapolis",FOUND_SEIZURE_SPECIFIC,Rural,1291.0,24.0,LOW_RISK_LARGE,4,2.5,12
2609,WIN-E-MAC SCHOOL DISTRICT,Polk County,47.667828,-95.981572,53.5,0,5,53.5,0,1,71.2,0,0,227.8,"University of Minnesota Medical Center / MINCEP, Minneapolis",FOUND_SEIZURE_SPECIFIC,Rural,444.0,17.0,HIGH_RISK_SMALL,7,14.0,3
599,FERTILE-BELTRAMI SCHOOL DISTRICT,Polk County,47.532568,-96.281396,46.3,0,33,53.2,0,1,55.4,0,1,229.1,"University of Minnesota Medical Center / MINCEP, Minneapolis",FOUND_MED_POLICY_ONLY,Rural,492.0,17.0,HIGH_RISK_SMALL,10,1.3,1
544,FERGUS FALLS PUBLIC SCHOOL DISTRICT,Otter Tail County,46.290509,-96.064894,50.6,0,29,53.1,0,1,57.1,0,1,163.9,"Minnesota Epilepsy Group with Children's Minnesota, St. Paul and Minneapolis",FOUND_SEIZURE_SPECIFIC,Town,2901.0,22.0,LOW_RISK_LARGE,4,1.6,6
473,ISLE PUBLIC SCHOOL DISTRICT,Mille Lacs County,46.13242,-93.472132,33.4,0,21,52.5,0,1,78.8,0,0,81.0,"University of Minnesota Medical Center / MINCEP, Minneapolis",FOUND_MED_POLICY_ONLY,Rural,423.0,20.0,HIGH_RISK_SMALL,11,4.6,4
592,CLIMAX-SHELLY PUBLIC SCHOOLS,Polk County,47.607695,-96.813018,23.7,4,33,51.9,0,1,51.8,0,1,249.7,"University of Minnesota Medical Center / MINCEP, Minneapolis",FOUND_MED_POLICY_ONLY,Rural,186.0,17.0,HIGH_RISK_SMALL,10,15.4,0
2906,RED LAKE COUNTY CENTRAL PUBLIC SCH,Red Lake County,47.839973,-95.856367,51.7,0,5,51.7,0,1,84.2,0,0,234.3,"University of Minnesota Medical Center / MINCEP, Minneapolis",FOUND_MED_POLICY_ONLY,Rural,342.0,22.0,HIGH_RISK_SMALL,10,20.5,0
347,WILLMAR PUBLIC SCHOOL DISTRICT,Kandiyohi County,45.117575,-95.048123,1.2,2,18,51.4,0,1,85.4,0,0,87.9,"Minnesota Epilepsy Group with Children's Minnesota, St. Paul and Minneapolis",FOUND_MED_POLICY_ONLY,Town,4220.0,15.0,LOW_RISK_LARGE,8,1.2,11
317,DEER RIVER PUBLIC SCHOOL DISTRICT,Itasca County,47.334447,-93.791724,47.6,0,3,51.3,0,1,151.2,0,0,165.4,"University of Minnesota Medical Center / MINCEP, Minneapolis",FOUND_MED_POLICY_ONLY,Rural,852.0,22.0,ELEVATED_RISK_MID,9,7.3,10
2909,Rock Ridge Public Schools,St. Louis County,47.480603,-92.520291,40.7,0,12,51.0,0,2,173.2,0,0,176.7,"University of Minnesota Medical Center / MINCEP, Minneapolis",FOUND_SEIZURE_SPECIFIC,Rural,2331.0,17.0,LOW_RISK_LARGE,4,7.8,9
432,MAHNOMEN PUBLIC SCHOOL DISTRICT,Mahnomen County,47.313823,-95.971712,48.7,0,30,51.0,0,2,54.8,0,1,208.2,"University of Minnesota Medical Center / MINCEP, Minneapolis",FOUND_MED_POLICY_ONLY,Rural,650.0,29.0,ELEVATED_RISK_MID,11,7.9,3
2711,MESABI EAST SCHOOL DISTRICT,St. Louis County,47.531544,-92.240809,50.4,0,12,50.9,0,2,179.4,0,0,183.1,"University of Minnesota Medical Center / MINCEP, Minneapolis",FOUND_MED_POLICY_ONLY,Rural,871.0,17.0,ELEVATED_RISK_MID,9,6.0,9
2886,GLENVILLE-EMMONS SCHOOL DISTRICT,Freeborn County,43.567194,-93.275717,28.8,2,329,50.4,0,25,50.4,0,19,51.2,"Mayo Clinic, Rochester (adult and pediatric)",FOUND_MED_POLICY_ONLY,Rural,224.0,15.0,HIGH_RISK_SMALL,11,6.9,7
2835,JANESVILLE-WALDORF-PEMBERTON,Waseca County,44.119127,-93.706661,13.4,6,404,50.2,0,34,55.3,0,21,61.6,"Minnesota Epilepsy Group with Children's Minnesota, St. Paul and Minneapolis",FOUND_SEIZURE_SPECIFIC,Rural,663.0,17.5,ELEVATED_RISK_MID,7,10.1,18
241,ALBERT LEA PUBLIC SCHOOL DISTRICT,Freeborn County,43.663743,-93.371756,28.3,1,329,50.1,0,25,50.1,0,19,51.5,"Mayo Clinic, Rochester (adult and pediatric)",FOUND_SEIZURE_SPECIFIC,Town,3338.0,15.0,LOW_RISK_LARGE,5,2.3,6
213,OSAKIS PUBLIC SCHOOL DISTRICT,Douglas County,45.864689,-95.151344,43.2,0,21,49.6,0,1,109.4,0,0,111.2,"Minnesota Epilepsy Group with Children's Minnesota, St. Paul and Minneapolis",NOT_VERIFIABLE,Rural,869.0,18.0,ELEVATED_RISK_MID,8,11.4,12
2168,NRHEG SCHOOL DISTRICT,Waseca County,43.891484,-93.495715,17.8,5,330,49.5,0,25,49.5,0,19,52.0,"Mayo Clinic, Rochester (adult and pediatric)",FOUND_MED_POLICY_ONLY,Rural,792.0,17.5,ELEVATED_RISK_MID,10,12.0,2
332,MORA PUBLIC SCHOOL DISTRICT,Kanabec County,45.888064,-93.297112,21.8,1,42,49.1,0,3,60.8,0,0,63.4,"University of Minnesota Medical Center / MINCEP, Minneapolis",FOUND_MED_POLICY_ONLY,Rural,1653.0,18.0,LOW_RISK_LARGE,8,2.8,5
829,WASECA PUBLIC SCHOOL DISTRICT,Waseca County,44.078044,-93.501706,13.9,6,388,48.5,0,34,48.5,0,21,51.5,"Mayo Clinic, Rochester (adult and pediatric)",FOUND_MED_POLICY_ONLY,Town,1735.0,17.5,LOW_RISK_LARGE,8,1.1,11
577,WILLOW RIVER PUBLIC SCHOOL DISTRICT,Pine County,46.320303,-92.836526,44.7,0,14,48.4,0,2,91.6,0,0,95.1,"University of Minnesota Medical Center / MINCEP, Minneapolis",FOUND_MED_POLICY_ONLY,Rural,415.0,24.0,HIGH_RISK_SMALL,11,9.7,2
578,PINE CITY PUBLIC SCHOOL DISTRICT,Pine County,45.810482,-92.96855,21.9,1,174,47.9,0,25,55.8,0,6,59.4,"University of Minnesota Medical Center / MINCEP, Minneapolis",FOUND_MED_POLICY_ONLY,Rural,1594.0,24.0,LOW_RISK_LARGE,8,3.6,3
423,HUTCHINSON PUBLIC SCHOOL DISTRICT,McLeod County,44.892852,-94.372445,29.3,1,275,47.7,0,26,50.8,0,5,54.4,"Minnesota Epilepsy Group with Children's Minnesota, St. Paul and Minneapolis",FOUND_SEIZURE_SPECIFIC,Town,2783.0,21.0,LOW_RISK_LARGE,4,1.1,9
787,BROWERVILLE PUBLIC SCHOOL DISTRICT,Todd County,46.085785,-94.871851,39.6,0,20,47.5,0,1,110.3,0,0,110.4,"Minnesota Epilepsy Group with Children's Minnesota, St. Paul and Minneapolis",NOT_FOUND,Rural,532.0,20.0,ELEVATED_RISK_MID,10,5.8,5
435,Waubun-Ogema-White Earth Schools,Mahnomen County,47.18109,-95.939773,45.7,0,30,47.2,0,2,51.6,0,1,200.3,"University of Minnesota Medical Center / MINCEP, Minneapolis",FOUND_MED_POLICY_ONLY,Rural,741.0,29.0,ELEVATED_RISK_MID,11,11.3,3
22,DETROIT LAKES PUBLIC SCHOOL DIST.,Becker County,46.81921,-95.847076,46.2,0,29,46.2,0,1,51.3,0,1,179.1,"Minnesota Epilepsy Group with Children's Minnesota, St. Paul and Minneapolis",FOUND_SEIZURE_SPECIFIC,Town,2797.0,20.0,LOW_RISK_LARGE,4,2.3,8
508,ST. PETER PUBLIC SCHOOL DISTRICT,Nicollet County,44.328631,-93.966565,13.6,4,251,46.0,0,29,48.8,0,5,55.2,"Minnesota Epilepsy Group with Children's Minnesota, St. Paul and Minneapolis",FOUND_MED_POLICY_ONLY,Town,2105.0,14.0,LOW_RISK_LARGE,6,3.6,23
25,PINE POINT PUBLIC SCHOOL DISTRICT,Becker County,46.978204,-95.395118,44.7,0,1,44.7,0,1,72.9,0,0,173.2,"University of Minnesota Medical Center / MINCEP, Minneapolis",FOUND_MED_POLICY_ONLY,Rural,47.0,20.0,ZERO_SUPPORT_STAFF,11,14.3,7
497,LYLE PUBLIC SCHOOL DISTRICT,Mower County,43.509232,-92.943934,27.7,2,324,43.2,0,25,43.2,0,19,42.7,"Mayo Clinic, Rochester (adult and pediatric)",FOUND_MED_POLICY_ONLY,Rural,309.0,14.0,HIGH_RISK_SMALL,11,6.0,10
480,ONAMIA PUBLIC SCHOOL DISTRICT,Mille Lacs County,46.060488,-93.674018,27.7,3,21,42.4,0,1,76.6,0,0,78.2,"University of Minnesota Medical Center / MINCEP, Minneapolis",FOUND_SEIZURE_SPECIFIC,Rural,585.0,20.0,ELEVATED_RISK_MID,7,1.7,6
846,BRECKENRIDGE PUBLIC SCHOOL DISTRICT,Wilkin County,46.268806,-96.582729,38.2,0,29,42.1,0,1,44.3,0,1,184.4,"Minnesota Epilepsy Group with Children's Minnesota, St. Paul and Minneapolis",FOUND_MED_POLICY_ONLY,Town,577.0,21.0,ELEVATED_RISK_MID,10,3.9,6
391,CLEVELAND PUBLIC SCHOOL DISTRICT,Le Sueur County,44.323097,-93.835444,14.9,5,291,41.8,0,41,45.3,0,8,51.8,"Minnesota Epilepsy Group with Children's Minnesota, St. Paul and Minneapolis",FOUND_MED_POLICY_ONLY,Rural,637.0,16.0,ELEVATED_RISK_MID,8,7.7,24
601,FOSSTON PUBLIC SCHOOL DISTRICT,Polk County,47.575305,-95.748867,41.8,0,1,41.8,0,1,74.2,0,0,216.3,"University of Minnesota Medical Center / MINCEP, Minneapolis",FOUND_MED_POLICY_ONLY,Rural,618.0,17.0,ELEVATED_RISK_MID,9,1.6,3
309,PARK RAPIDS PUBLIC SCHOOL DISTRICT,Hubbard County,46.924832,-95.064507,41.8,0,2,41.8,0,1,88.2,0,0,161.1,"University of Minnesota Medical Center / MINCEP, Minneapolis",FOUND_SEIZURE_SPECIFIC,Rural,1675.0,21.0,LOW_RISK_LARGE,4,7.0,9
2753,Long Prairie-Grey Eagle School Dist,Todd County,45.971236,-94.862664,35.7,0,20,41.7,0,1,104.7,0,0,104.7,"Minnesota Epilepsy Group with Children's Minnesota, St. Paul and Minneapolis",FOUND_MED_POLICY_ONLY,Rural,984.0,20.0,ELEVATED_RISK_MID,10,0.5,4
333,OGILVIE PUBLIC SCHOOL DISTRICT,Kanabec County,45.826889,-93.432778,19.2,1,164,41.4,0,18,57.8,0,5,59.9,"University of Minnesota Medical Center / MINCEP, Minneapolis",FOUND_MED_POLICY_ONLY,Rural,482.0,18.0,HIGH_RISK_SMALL,11,9.3,7
2143,WATERVILLE-ELYSIAN-MORRISTOWN,Le Sueur County,44.217341,-93.562391,15.2,6,601,41.2,0,66,46.7,0,27,52.9,"Minnesota Epilepsy Group with Children's Minnesota, St. Paul and Minneapolis",FOUND_SEIZURE_SPECIFIC,Rural,761.0,16.0,ELEVATED_RISK_MID,5,2.5,5
2310,SIBLEY EAST SCHOOL DISTRICT,Sibley County,44.6088,-94.0798,22.7,1,318,40.9,0,43,40.9,0,8,46.5,"Minnesota Epilepsy Group with Children's Minnesota, St. Paul and Minneapolis",FOUND_MED_POLICY_ONLY,Rural,1067.0,16.0,LOW_RISK_LARGE,8,1.2,10
511,ADRIAN PUBLIC SCHOOL DISTRICT,Nobles County,43.632478,-95.937139,38.6,0,39,40.7,0,6,38.6,0,2,160.6,"Minnesota Epilepsy Group with Children's Minnesota, St. Paul and Minneapolis",FOUND_MED_POLICY_ONLY,Rural,585.0,18.0,ELEVATED_RISK_MID,12,0.9,5
97,MOOSE LAKE PUBLIC SCHOOL DISTRICT,Carlton County,46.429774,-92.760027,37.8,0,13,40.6,0,2,99.7,0,0,103.3,"University of Minnesota Medical Center / MINCEP, Minneapolis",FOUND_MED_POLICY_ONLY,Rural,587.0,18.0,ELEVATED_RISK_MID,10,1.4,2
345,NEW LONDON-SPICER SCHOOL DISTRICT,Kandiyohi County,45.293417,-94.945119,14.1,2,18,40.5,0,1,83.7,0,0,85.3,"Minnesota Epilepsy Group with Children's Minnesota, St. Paul and Minneapolis",NOT_VERIFIABLE,Town,1549.0,15.0,LOW_RISK_LARGE,8,2.2,14
548,Pelican Rapids Public Schools,Otter Tail County,46.566203,-96.084678,39.1,0,29,40.3,0,1,45.0,0,1,175.8,"Minnesota Epilepsy Group with Children's Minnesota, St. Paul and Minneapolis",FOUND_MED_POLICY_ONLY,Rural,860.0,22.0,ELEVATED_RISK_MID,9,2.5,1
139,RUSH CITY PUBLIC SCHOOL DISTRICT,Chisago County,45.690428,-92.976436,16.4,1,309,40.1,0,42,47.6,0,8,51.2,"University of Minnesota Medical Center / MINCEP, Minneapolis",FOUND_MED_POLICY_ONLY,Rural,871.0,19.0,ELEVATED_RISK_MID,8,10.7,7
2859,GLENCOE-SILVER LAKE SCHOOL DISTRICT,McLeod County,44.775859,-94.139127,18.7,2,333,40.0,0,44,40.0,0,8,44.6,"Minnesota Epilepsy Group with Children's Minnesota, St. Paul and Minneapolis",FOUND_MED_POLICY_ONLY,Town,1433.0,21.0,LOW_RISK_LARGE,7,2.1,12
698,FLOODWOOD PUBLIC SCHOOL DISTRICT,St. Louis County,46.930252,-92.915717,2.5,1,13,39.8,0,2,133.0,0,0,136.2,"University of Minnesota Medical Center / MINCEP, Minneapolis",FOUND_MED_POLICY_ONLY,Rural,158.0,17.0,HIGH_RISK_SMALL,10,21.5,0
2364,BELGRADE-BROOTEN-ELROSA SCHOOL DIST,Stearns County,45.446856,-95.003072,23.9,2,18,39.3,0,1,90.4,0,0,91.3,"Minnesota Epilepsy Group with Children's Minnesota, St. Paul and Minneapolis",FOUND_SEIZURE_SPECIFIC,Rural,630.0,18.0,ELEVATED_RISK_MID,5,2.7,5
314,BRAHAM PUBLIC SCHOOL DISTRICT,Isanti County,45.719462,-93.177873,11.1,1,325,39.1,0,43,48.8,0,8,51.7,"University of Minnesota Medical Center / MINCEP, Minneapolis",FOUND_MED_POLICY_ONLY,Rural,791.0,20.0,ELEVATED_RISK_MID,9,11.1,6
581,EDGERTON PUBLIC SCHOOL DISTRICT,Pipestone County,43.87723,-96.130102,34.4,0,39,39.0,0,6,34.4,0,2,159.8,"Minnesota Epilepsy Group with Children's Minnesota, St. Paul and Minneapolis",FOUND_MED_POLICY_ONLY,Rural,430.0,16.0,HIGH_RISK_SMALL,11,0.8,2
2215,NORMAN COUNTY EAST SCHOOL DISTRICT,Norman County,47.26132,-96.264528,35.6,0,33,38.4,0,1,41.7,0,1,214.7,"University of Minnesota Medical Center / MINCEP, Minneapolis",FOUND_MED_POLICY_ONLY,Rural,199.0,26.0,HIGH_RISK_SMALL,11,2.8,5
2689,PIPESTONE AREA SCHOOL DISTRICT,Pipestone County,43.998121,-96.33985,32.8,0,39,38.4,0,6,32.8,0,2,165.4,"Minnesota Epilepsy Group with Children's Minnesota, St. Paul and Minneapolis",FOUND_SEIZURE_SPECIFIC,Rural,1087.0,16.0,LOW_RISK_LARGE,5,4.0,8
95,CROMWELL-WRIGHT PUBLIC SCHOOLS,Carlton County,46.678991,-92.885277,19.8,1,13,38.3,0,2,115.8,0,0,119.1,"University of Minnesota Medical Center / MINCEP, Minneapolis",FOUND_MED_POLICY_ONLY,Rural,301.0,18.0,HIGH_RISK_SMALL,11,16.9,0
2397,LE SUEUR-HENDERSON SCHOOL DISTRICT,Le Sueur County,44.459758,-93.909537,22.9,5,316,38.1,0,43,40.2,0,8,46.5,"Minnesota Epilepsy Group with Children's Minnesota, St. Paul and Minneapolis",FOUND_MED_POLICY_ONLY,Rural,898.0,16.0,ZERO_SUPPORT_STAFF,10,1.1,10
363,SOUTH KOOCHICHING SCHOOL DISTRICT,Koochiching County,47.877342,-94.244165,38.1,0,1,38.1,0,1,143.9,0,0,206.4,"University of Minnesota Medical Center / MINCEP, Minneapolis",NOT_VERIFIABLE,Rural,182.0,29.0,HIGH_RISK_SMALL,10,14.5,4
308,NEVIS PUBLIC SCHOOL DISTRICT,Hubbard County,46.965918,-94.843787,37.8,0,5,37.8,0,1,98.8,0,0,158.0,"University of Minnesota Medical Center / MINCEP, Minneapolis",FOUND_MED_POLICY_ONLY,Rural,609.0,21.0,ELEVATED_RISK_MID,9,12.6,7
2396,A.C.G.C. Public School District,Meeker County,45.142925,-94.683644,17.7,2,20,37.6,0,1,68.5,0,0,70.6,"Minnesota Epilepsy Group with Children's Minnesota, St. Paul and Minneapolis",FOUND_MED_POLICY_ONLY,Rural,880.0,19.0,ELEVATED_RISK_MID,8,7.6,5
499,LEROY-OSTRANDER PUBLIC SCHOOLS,Mower County,43.513523,-92.510097,31.3,0,323,37.5,0,25,37.5,0,19,35.2,"Mayo Clinic, Rochester (adult and pediatric)",FOUND_SEIZURE_SPECIFIC,Rural,250.0,14.0,HIGH_RISK_SMALL,8,9.0,4
238,Mabel-Canton Public School District,Fillmore County,43.51964,-91.773231,37.2,0,347,37.2,0,27,52.7,0,19,49.0,"Mayo Clinic, Rochester (adult and pediatric)",FOUND_MED_POLICY_ONLY,Rural,280.0,18.0,HIGH_RISK_SMALL,10,7.5,2
743,SAUK CENTRE PUBLIC SCHOOL DISTRICT,Stearns County,45.730178,-94.94422,30.6,0,21,37.0,0,1,97.9,0,0,97.7,"Minnesota Epilepsy Group with Children's Minnesota, St. Paul and Minneapolis",FOUND_MED_POLICY_ONLY,Town,1130.0,18.0,LOW_RISK_LARGE,6,2.2,4
850,ROTHSAY PUBLIC SCHOOL DISTRICT,Wilkin County,46.482204,-96.283583,34.0,0,29,36.3,0,1,40.4,0,1,180.0,"Minnesota Epilepsy Group with Children's Minnesota, St. Paul and Minneapolis",FOUND_MED_POLICY_ONLY,Rural,312.0,21.0,HIGH_RISK_SMALL,11,12.7,2
229,LANESBORO PUBLIC SCHOOL DISTRICT,Fillmore County,43.716857,-91.976147,27.0,4,347,36.0,0,27,36.0,0,19,32.3,"Mayo Clinic, Rochester (adult and pediatric)",NOT_FOUND,Rural,443.0,18.0,HIGH_RISK_SMALL,10,9.7,8
763,MEDFORD PUBLIC SCHOOL DISTRICT,Steele County,44.173021,-93.232362,7.9,2,617,36.0,0,66,36.0,0,27,39.4,"Mayo Clinic, Rochester (adult and pediatric)",FOUND_SEIZURE_SPECIFIC,Rural,890.0,13.0,ELEVATED_RISK_MID,6,7.9,15
514,ELLSWORTH PUBLIC SCHOOL DISTRICT,Nobles County,43.515083,-96.018742,34.4,0,39,35.9,0,6,35.0,0,2,168.7,"Minnesota Epilepsy Group with Children's Minnesota, St. Paul and Minneapolis",FOUND_MED_POLICY_ONLY,Rural,128.0,18.0,ZERO_SUPPORT_STAFF,14,8.2,6
2687,HOWARD LAKE-WAVERLY-WINSTED,Wright County,45.028236,-94.066346,18.5,2,335,35.5,0,44,37.3,0,8,39.6,"Minnesota Epilepsy Group with Children's Minnesota, St. Paul and Minneapolis",FOUND_SEIZURE_SPECIFIC,Rural,1310.0,20.0,LOW_RISK_LARGE,3,2.2,16
761,OWATONNA PUBLIC SCHOOL DISTRICT,Steele County,44.084155,-93.237153,1.9,2,427,35.4,0,43,35.4,0,21,38.5,"Mayo Clinic, Rochester (adult and pediatric)",FOUND_MED_POLICY_ONLY,Town,4995.0,13.0,LOW_RISK_LARGE,7,1.9,10
36,KELLIHER PUBLIC SCHOOL DISTRICT,Beltrami County,47.944681,-94.45218,35.3,0,1,35.3,0,1,137.9,0,0,213.4,"University of Minnesota Medical Center / MINCEP, Minneapolis",FOUND_MED_POLICY_ONLY,Rural,328.0,16.0,HIGH_RISK_SMALL,11,13.1,4
500,SOUTHLAND PUBLIC SCHOOL DISTRICT,Mower County,43.56861,-92.716937,29.3,1,324,35.0,0,25,35.0,0,19,33.8,"Mayo Clinic, Rochester (adult and pediatric)",FOUND_MED_POLICY_ONLY,Rural,499.0,14.0,ELEVATED_RISK_MID,10,1.0,1
492,AUSTIN PUBLIC SCHOOL DISTRICT,Mower County,43.668849,-92.979164,29.6,1,328,35.0,0,25,35.0,0,19,35.3,"Mayo Clinic, Rochester (adult and pediatric)",FOUND_SEIZURE_SPECIFIC,Town,5146.0,14.0,LOW_RISK_LARGE,5,1.0,9
656,FARIBAULT PUBLIC SCHOOL DISTRICT,Rice County,44.269924,-93.279536,2.1,2,628,35.0,0,66,40.2,0,27,43.8,"Mayo Clinic, Rochester (adult and pediatric)",FOUND_MED_POLICY_ONLY,Town,3107.0,16.0,LOW_RISK_LARGE,7,2.1,23
424,LESTER PRAIRIE PUBLIC SCHOOL DIST.,McLeod County,44.887471,-94.043962,13.3,2,335,34.7,0,44,34.7,0,8,38.4,"Minnesota Epilepsy Group with Children's Minnesota, St. Paul and Minneapolis",FOUND_MED_POLICY_ONLY,Rural,459.0,21.0,HIGH_RISK_SMALL,10,4.7,12
91,BARNUM PUBLIC SCHOOL DISTRICT,Carlton County,46.506655,-92.679445,33.1,0,12,34.3,0,2,105.7,0,0,109.4,"University of Minnesota Medical Center / MINCEP, Minneapolis",NOT_VERIFIABLE,Rural,675.0,18.0,ELEVATED_RISK_MID,10,5.4,2
2889,LAKE PARK AUDUBON SCHOOL DISTRICT,Becker County,46.882165,-96.101518,34.1,0,29,34.1,0,1,39.2,0,1,190.7,"Minnesota Epilepsy Group with Children's Minnesota, St. Paul and Minneapolis",FOUND_MED_POLICY_ONLY,Rural,685.0,20.0,ELEVATED_RISK_MID,9,10.1,10
465,LITCHFIELD PUBLIC SCHOOL DISTRICT,Meeker County,45.132815,-94.523093,25.4,3,87,34.1,0,6,60.8,0,0,62.7,"Minnesota Epilepsy Group with Children's Minnesota, St. Paul and Minneapolis",NOT_VERIFIABLE,Town,1562.0,19.0,LOW_RISK_LARGE,6,2.5,5
2198,FILLMORE CENTRAL,Fillmore County,43.676272,-92.091181,24.9,5,347,34.0,0,27,34.0,0,19,30.4,"Mayo Clinic, Rochester (adult and pediatric)",NOT_FOUND,Rural,581.0,18.0,ELEVATED_RISK_MID,9,3.8,8
466,Dassel-Cokato Public Schools,Wright County,45.082908,-94.233695,27.3,2,329,34.0,0,44,46.3,0,8,48.2,"Minnesota Epilepsy Group with Children's Minnesota, St. Paul and Minneapolis",FOUND_SEIZURE_SPECIFIC,Rural,2015.0,20.0,LOW_RISK_LARGE,3,2.0,13
2910,Ada-Borup-West Public Schools,Norman County,47.297264,-96.527145,29.7,4,33,33.5,0,1,35.5,0,1,225.1,"Minnesota Epilepsy Group with Children's Minnesota, St. Paul and Minneapolis",NOT_VERIFIABLE,Rural,701.0,26.0,ELEVATED_RISK_MID,10,4.4,4
857,Lewiston-Altura Public School Dist,Winona County,43.98643,-91.857622,27.1,4,352,33.5,0,27,33.5,0,19,30.4,"Mayo Clinic, Rochester (adult and pediatric)",FOUND_MED_POLICY_ONLY,Rural,591.0,14.0,ELEVATED_RISK_MID,8,9.5,13
256,Red Wing Public School District,Goodhue County,44.535094,-92.514319,31.9,0,649,33.1,0,68,33.1,0,28,35.5,"Mayo Clinic, Rochester (adult and pediatric)",FOUND_MED_POLICY_ONLY,Rural,2231.0,16.0,LOW_RISK_LARGE,6,1.9,9
811,Wabasha-Kellogg School District,Wabasha County,44.357972,-92.011084,31.6,0,365,32.9,0,27,32.9,0,20,32.4,"Mayo Clinic, Rochester (adult and pediatric)",FOUND_MED_POLICY_ONLY,Suburb,966.0,17.0,ELEVATED_RISK_MID,8,2.8,5
113,WALKER-HACKENSACK-AKELEY SCHL. DIST,Cass County,47.097526,-94.579334,31.5,0,5,31.5,0,1,112.0,0,0,160.4,"University of Minnesota Medical Center / MINCEP, Minneapolis",FOUND_MED_POLICY_ONLY,Rural,688.0,24.0,ELEVATED_RISK_MID,9,5.3,1
486,SWANVILLE PUBLIC SCHOOL DISTRICT,Morrison County,45.910933,-94.642002,25.7,1,22,31.2,0,1,94.0,0,0,94.1,"Minnesota Epilepsy Group with Children's Minnesota, St. Paul and Minneapolis",NOT_FOUND,Rural,341.0,23.0,HIGH_RISK_SMALL,10,11.7,8
861,WINONA AREA PUBLIC SCHOOL DISTRICT,Winona County,44.047702,-91.662423,23.7,1,363,30.9,0,27,42.9,0,20,40.0,"Mayo Clinic, Rochester (adult and pediatric)",FOUND_MED_POLICY_ONLY,Town,2433.0,14.0,LOW_RISK_LARGE,6,4.5,9
914,ULEN-HITTERDAL PUBLIC SCHOOL DIST,Clay County,47.079393,-96.261298,29.0,4,29,30.6,0,1,34.9,0,1,205.6,"Minnesota Epilepsy Group with Children's Minnesota, St. Paul and Minneapolis",FOUND_MED_POLICY_ONLY,Rural,285.0,15.0,HIGH_RISK_SMALL,9,1.1,3
477,PRINCETON PUBLIC SCHOOL DISTRICT,Mille Lacs County,45.570322,-93.583704,15.2,1,337,30.4,0,44,43.8,0,8,44.7,"University of Minnesota Medical Center / MINCEP, Minneapolis",FOUND_SEIZURE_SPECIFIC,Town,3217.0,20.0,LOW_RISK_LARGE,5,0.8,7
239,RUSHFORD-PETERSON PUBLIC SCHOOLS,Fillmore County,43.818694,-91.746223,26.7,1,347,30.1,0,27,42.1,0,19,38.5,"Mayo Clinic, Rochester (adult and pediatric)",NOT_FOUND,Rural,632.0,18.0,ELEVATED_RISK_MID,9,0.5,12
297,SPRING GROVE SCHOOL DISTRICT,Houston County,43.560959,-91.641351,30.1,0,347,30.1,0,27,55.8,0,19,52.1,"Mayo Clinic, Rochester (adult and pediatric)",FOUND_MED_POLICY_ONLY,Rural,353.0,19.0,HIGH_RISK_SMALL,9,1.4,4
2311,CLEARBROOK-GONVICK SCHOOL DISTRICT,Clearwater County,47.705519,-95.434586,30.0,0,1,30.0,0,1,91.2,0,0,216.1,"University of Minnesota Medical Center / MINCEP, Minneapolis",FOUND_SEIZURE_SPECIFIC,Rural,480.0,23.0,HIGH_RISK_SMALL,8,17.2,0
813,LAKE CITY PUBLIC SCHOOL DISTRICT,Wabasha County,44.444823,-92.267107,28.5,315,497,29.8,25,48,29.8,19,25,30.8,"Mayo Clinic, Rochester (adult and pediatric)",FOUND_MED_POLICY_ONLY,Town,1182.0,17.0,LOW_RISK_LARGE,6,4.4,11
756,Blooming Prairie Public Schools,Steele County,43.868236,-93.063371,15.4,316,328,29.7,25,25,29.7,19,19,31.5,"Mayo Clinic, Rochester (adult and pediatric)",FOUND_SEIZURE_SPECIFIC,Rural,864.0,13.0,ELEVATED_RISK_MID,6,13.4,8
740,MELROSE PUBLIC SCHOOL DISTRICT,Stearns County,45.681672,-94.805739,23.3,15,21,29.7,1,1,90.5,0,0,90.3,"Minnesota Epilepsy Group with Children's Minnesota, St. Paul and Minneapolis",FOUND_MED_POLICY_ONLY,Rural,1266.0,18.0,LOW_RISK_LARGE,6,2.2,6
108,CENTRAL PUBLIC SCHOOL DISTRICT,Carver County,44.774324,-93.922321,9.2,67,338,29.6,8,44,29.6,2,8,34.5,"Minnesota Epilepsy Group with Children's Minnesota, St. Paul and Minneapolis",FOUND_MED_POLICY_ONLY,Rural,943.0,14.0,ELEVATED_RISK_MID,8,2.6,23
912,MILACA PUBLIC SCHOOL DISTRICT,Mille Lacs County,45.751435,-93.657718,22.4,15,231,29.4,1,21,56.5,0,5,57.7,"University of Minnesota Medical Center / MINCEP, Minneapolis",FOUND_SEIZURE_SPECIFIC,Rural,1627.0,20.0,LOW_RISK_LARGE,5,3.5,9
138,North Branch Area Public Schools,Chisago County,45.508982,-92.969833,15.2,16,319,29.3,2,43,35.4,0,8,39.3,"University of Minnesota Medical Center / MINCEP, Minneapolis",FOUND_MED_POLICY_ONLY,Rural,2744.0,19.0,LOW_RISK_LARGE,6,0.8,8
911,CAMBRIDGE-ISANTI PUBLIC SCHOOL DIST,Isanti County,45.579038,-93.220935,2.4,16,335,29.2,2,44,39.2,0,8,42.0,"University of Minnesota Medical Center / MINCEP, Minneapolis",FOUND_SEIZURE_SPECIFIC,Town,5092.0,20.0,LOW_RISK_LARGE,4,2.4,12
741,Paynesville Area Schools,Stearns County,45.374405,-94.727834,24.3,18,19,28.6,1,1,76.2,0,0,77.1,"Minnesota Epilepsy Group with Children's Minnesota, St. Paul and Minneapolis",FOUND_MED_POLICY_ONLY,Rural,920.0,18.0,ELEVATED_RISK_MID,8,2.1,5
484,PIERZ PUBLIC SCHOOL DISTRICT,Morrison County,45.978991,-94.096919,23.6,18,21,28.5,1,1,80.8,0,0,81.2,"University of Minnesota Medical Center / MINCEP, Minneapolis",NOT_VERIFIABLE,Rural,1245.0,23.0,LOW_RISK_LARGE,7,2.7,7
482,Little Falls Community Schools,Morrison County,45.971884,-94.347575,25.2,18,21,28.2,1,1,87.5,0,0,87.7,"University of Minnesota Medical Center / MINCEP, Minneapolis",FOUND_MED_POLICY_ONLY,Town,2376.0,23.0,LOW_RISK_LARGE,7,1.8,7
2184,LUVERNE PUBLIC SCHOOL DISTRICT,Rock County,43.661564,-96.216141,24.9,39,39,27.7,6,6,24.9,2,2,171.0,"Minnesota Epilepsy Group with Children's Minnesota, St. Paul and Minneapolis",FOUND_MED_POLICY_ONLY,Rural,1155.0,20.0,LOW_RISK_LARGE,8,0.5,5
2905,TRI-CITY UNITED SCHOOL DISTRICT,Le Sueur County,44.440975,-93.578526,17.8,14,638,27.6,1,68,32.2,0,27,38.6,"Minnesota Epilepsy Group with Children's Minnesota, St. Paul and Minneapolis",FOUND_MED_POLICY_ONLY,Rural,1910.0,16.0,LOW_RISK_LARGE,6,2.0,15
877,Buffalo-Hanover-Montrose Schools,Wright County,45.175285,-93.873861,21.1,64,336,27.2,4,44,33.6,0,8,33.5,"Minnesota Epilepsy Group with Children's Minnesota, St. Paul and Minneapolis",FOUND_SEIZURE_SPECIFIC,Town,5282.0,20.0,LOW_RISK_LARGE,3,1.1,27
716,BELLE PLAINE PUBLIC SCHOOL DISTRICT,Scott County,44.620041,-93.771626,16.4,54,323,26.7,9,43,27.7,2,8,33.9,"Minnesota Epilepsy Group with Children's Minnesota, St. Paul and Minneapolis",FOUND_MED_POLICY_ONLY,Town,1541.0,15.0,LOW_RISK_LARGE,6,1.2,22
381,LAKE SUPERIOR PUBLIC SCHOOL DIST.,Lake County,47.04971,-91.665393,25.3,11,12,26.6,2,2,153.2,0,0,162.1,"University of Minnesota Medical Center / MINCEP, Minneapolis",FOUND_MED_POLICY_ONLY,Rural,1300.0,30.0,LOW_RISK_LARGE,7,9.7,5
252,CANNON FALLS PUBLIC SCHOOL DISTRICT,Goodhue County,44.511936,-92.890032,24.1,9,644,26.3,1,68,31.9,0,27,35.5,"Minnesota Epilepsy Group with Children's Minnesota, St. Paul and Minneapolis",FOUND_MED_POLICY_ONLY,Rural,1044.0,16.0,LOW_RISK_LARGE,6,2.4,15
38,RED LAKE PUBLIC SCHOOL DISTRICT,Beltrami County,47.878512,-95.014531,26.3,1,1,26.3,1,1,113.9,0,0,218.0,"University of Minnesota Medical Center / MINCEP, Minneapolis",NOT_VERIFIABLE,Rural,1441.0,16.0,LOW_RISK_LARGE,8,25.3,0
881,MAPLE LAKE PUBLIC SCHOOL DISTRICT,Wright County,45.233176,-93.998139,21.2,21,335,25.8,1,44,40.8,0,8,40.7,"Minnesota Epilepsy Group with Children's Minnesota, St. Paul and Minneapolis",FOUND_MED_POLICY_ONLY,Rural,786.0,20.0,ELEVATED_RISK_MID,8,5.9,18
2137,KINGSLAND PUBLIC SCHOOL DISTRICT,Fillmore County,43.697062,-92.388267,18.2,320,324,25.7,25,25,25.7,19,19,22.8,"Mayo Clinic, Rochester (adult and pediatric)",FOUND_MED_POLICY_ONLY,Rural,517.0,18.0,ELEVATED_RISK_MID,9,1.7,9
162,BAGLEY PUBLIC SCHOOL DISTRICT,Clearwater County,47.523776,-95.40129,25.4,1,1,25.4,1,1,85.1,0,0,204.5,"University of Minnesota Medical Center / MINCEP, Minneapolis",FOUND_MED_POLICY_ONLY,Rural,921.0,23.0,ELEVATED_RISK_MID,10,7.3,1
111,Watertown-Mayer Public School Dist,Carver County,44.971481,-93.85746,8.9,168,341,25.4,15,44,26.5,2,8,29.1,"Minnesota Epilepsy Group with Children's Minnesota, St. Paul and Minneapolis",FOUND_SEIZURE_SPECIFIC,Rural,1465.0,14.0,LOW_RISK_LARGE,3,1.6,23
2144,CHISAGO LAKES SCHOOL DISTRICT,Chisago County,45.376668,-92.90295,21.2,58,319,25.0,6,43,28.0,2,8,32.3,"University of Minnesota Medical Center / MINCEP, Minneapolis",FOUND_SEIZURE_SPECIFIC,Town,3331.0,19.0,LOW_RISK_LARGE,3,1.6,21
882,MONTICELLO PUBLIC SCHOOL DISTRICT,Wright County,45.301028,-93.783605,20.4,58,334,24.7,5,44,34.9,0,8,35.0,"Minnesota Epilepsy Group with Children's Minnesota, St. Paul and Minneapolis",FOUND_MED_POLICY_ONLY,Town,4138.0,20.0,LOW_RISK_LARGE,6,2.3,32
253,GOODHUE PUBLIC SCHOOL DISTRICT,Goodhue County,44.401978,-92.62879,23.7,315,624,24.4,25,66,24.4,19,27,27.4,"Mayo Clinic, Rochester (adult and pediatric)",FOUND_SEIZURE_SPECIFIC,Rural,740.0,16.0,ELEVATED_RISK_MID,5,7.1,12
323,FRANCONIA PUBLIC SCHOOL DISTRICT,Washington County,45.255677,-92.799957,12.8,160,319,24.1,29,43,24.1,6,8,28.8,"University of Minnesota Medical Center / MINCEP, Minneapolis",NOT_VERIFIABLE,Rural,,12.0,ZERO_SUPPORT_STAFF,10,1.7,25
858,ST. CHARLES PUBLIC SCHOOL DISTRICT,Winona County,43.971401,-92.054724,17.2,320,353,24.1,25,27,24.1,19,19,20.8,"Mayo Clinic, Rochester (adult and pediatric)",FOUND_MED_POLICY_ONLY,Rural,968.0,14.0,ELEVATED_RISK_MID,8,1.7,7
495,GRAND MEADOW PUBLIC SCHOOL DISTRICT,Mower County,43.709275,-92.562071,18.0,320,324,24.0,25,25,24.0,19,19,22.2,"Mayo Clinic, Rochester (adult and pediatric)",FOUND_MED_POLICY_ONLY,Rural,428.0,14.0,HIGH_RISK_SMALL,11,9.8,6
146,BARNESVILLE PUBLIC SCHOOL DIST.,Clay County,46.650985,-96.416184,22.3,29,29,23.9,1,1,28.4,1,1,191.9,"Minnesota Epilepsy Group with Children's Minnesota, St. Paul and Minneapolis",FOUND_MED_POLICY_ONLY,Rural,875.0,15.0,ELEVATED_RISK_MID,8,0.7,4
150,HAWLEY PUBLIC SCHOOL DISTRICT,Clay County,46.883442,-96.31992,23.8,29,29,23.8,1,1,28.9,1,1,198.4,"Minnesota Epilepsy Group with Children's Minnesota, St. Paul and Minneapolis",FOUND_MED_POLICY_ONLY,Rural,1062.0,15.0,LOW_RISK_LARGE,6,2.5,4
727,BIG LAKE PUBLIC SCHOOL DISTRICT,Sherburne County,45.337002,-93.735204,20.2,59,334,23.7,5,44,34.9,0,8,35.1,"Abbott Northwestern Hospital (Allina), Minneapolis",FOUND_SEIZURE_SPECIFIC,Town,3157.0,17.0,LOW_RISK_LARGE,3,3.0,32
463,EDEN VALLEY-WATKINS SCHOOL DISTRICT,Meeker County,45.325406,-94.544708,18.5,18,25,23.6,1,1,66.8,0,0,67.5,"Minnesota Epilepsy Group with Children's Minnesota, St. Paul and Minneapolis",FOUND_MED_POLICY_ONLY,Rural,896.0,19.0,ELEVATED_RISK_MID,8,9.8,4
487,UPSALA PUBLIC SCHOOL DISTRICT,Morrison County,45.804267,-94.569701,17.7,16,22,23.5,1,1,86.5,0,0,86.5,"Minnesota Epilepsy Group with Children's Minnesota, St. Paul and Minneapolis",NOT_VERIFIABLE,Rural,327.0,23.0,HIGH_RISK_SMALL,10,12.2,2
110,WACONIA PUBLIC SCHOOL DISTRICT,Carver County,44.838262,-93.795203,1.6,235,339,22.7,23,44,22.7,5,8,27.2,"Minnesota Epilepsy Group with Children's Minnesota, St. Paul and Minneapolis",FOUND_SEIZURE_SPECIFIC,Town,4000.0,14.0,LOW_RISK_LARGE,3,1.6,43
659,NORTHFIELD PUBLIC SCHOOL DISTRICT,Rice County,44.458047,-93.169143,12.2,52,644,22.6,9,68,29.8,2,27,34.5,"Minnesota Epilepsy Group with Children's Minnesota, St. Paul and Minneapolis",FOUND_MED_POLICY_ONLY,Town,3875.0,16.0,LOW_RISK_LARGE,7,1.0,30
876,ANNANDALE PUBLIC SCHOOL DISTRICT,Wright County,45.26387,-94.12178,16.6,16,329,21.9,1,44,46.9,0,8,47.1,"Minnesota Epilepsy Group with Children's Minnesota, St. Paul and Minneapolis",FOUND_MED_POLICY_ONLY,Rural,2049.0,20.0,LOW_RISK_LARGE,6,1.5,18
227,CHATFIELD PUBLIC SCHOOLS,Olmsted County,43.854543,-92.190802,12.7,320,348,21.7,25,27,21.7,19,19,18.0,"Mayo Clinic, Rochester (adult and pediatric)",FOUND_SEIZURE_SPECIFIC,Rural,885.0,13.0,ELEVATED_RISK_MID,5,0.3,15
294,HOUSTON PUBLIC SCHOOL DISTRICT,Houston County,43.759527,-91.572178,20.2,27,348,21.7,2,27,51.7,0,19,48.1,"Mayo Clinic, Rochester (adult and pediatric)",FOUND_MED_POLICY_ONLY,Rural,2000.0,19.0,LOW_RISK_LARGE,6,2.2,10
721,NEW PRAGUE AREA SCHOOLS,Scott County,44.547947,-93.579064,18.9,83,323,21.7,9,43,25.5,2,8,31.9,"Minnesota Epilepsy Group with Children's Minnesota, St. Paul and Minneapolis",FOUND_MED_POLICY_ONLY,Town,4072.0,15.0,LOW_RISK_LARGE,6,0.8,26
299,CALEDONIA PUBLIC SCHOOL DISTRICT,Houston County,43.634057,-91.502606,21.5,27,348,21.5,2,27,58.7,0,19,55.0,"Mayo Clinic, Rochester (adult and pediatric)",FOUND_MED_POLICY_ONLY,Rural,705.0,19.0,ELEVATED_RISK_MID,8,2.1,5
879,DELANO PUBLIC SCHOOL DISTRICT,Wright County,45.045334,-93.777077,13.0,243,335,21.5,24,44,24.7,5,8,25.9,"Minnesota Epilepsy Group with Children's Minnesota, St. Paul and Minneapolis",FOUND_MED_POLICY_ONLY,Town,2464.0,20.0,LOW_RISK_LARGE,6,1.9,48
2172,KENYON-WANAMINGO SCHOOL DISTRICT,Goodhue County,44.303628,-92.787116,21.3,318,619,21.5,25,66,21.5,19,27,25.1,"Mayo Clinic, Rochester (adult and pediatric)",FOUND_MED_POLICY_ONLY,Rural,674.0,16.0,ELEVATED_RISK_MID,8,5.2,7
306,Laporte Public School District,Hubbard County,47.211895,-94.756874,21.3,1,2,21.3,1,1,105.2,0,0,171.1,"University of Minnesota Medical Center / MINCEP, Minneapolis",FOUND_MED_POLICY_ONLY,Rural,367.0,21.0,HIGH_RISK_SMALL,10,15.7,0
195,RANDOLPH PUBLIC SCHOOL DISTRICT,Dakota County,44.526632,-93.022633,19.3,82,644,21.3,23,68,28.4,3,27,31.7,"Minnesota Epilepsy Group with Children's Minnesota, St. Paul and Minneapolis",FOUND_MED_POLICY_ONLY,Rural,870.0,12.0,ELEVATED_RISK_MID,8,8.3,25
32,BLACKDUCK PUBLIC SCHOOL DISTRICT,Beltrami County,47.731072,-94.546247,20.9,1,1,20.9,1,1,126.8,0,0,200.7,"University of Minnesota Medical Center / MINCEP, Minneapolis",FOUND_MED_POLICY_ONLY,Rural,739.0,16.0,ELEVATED_RISK_MID,10,2.8,4
726,BECKER PUBLIC SCHOOL DISTRICT,Sherburne County,45.395362,-93.875487,18.9,21,333,20.4,1,44,42.6,0,8,42.7,"Minnesota Epilepsy Group with Children's Minnesota, St. Paul and Minneapolis",FOUND_MED_POLICY_ONLY,Rural,2847.0,17.0,LOW_RISK_LARGE,6,6.7,13
883,ROCKFORD PUBLIC SCHOOL DISTRICT,Wright County,45.090497,-93.737056,14.4,252,336,20.2,28,44,24.7,7,8,25.0,"Minnesota Epilepsy Group with Children's Minnesota, St. Paul and Minneapolis",FOUND_SEIZURE_SPECIFIC,Rural,1564.0,20.0,LOW_RISK_LARGE,3,5.3,55
717,JORDAN PUBLIC SCHOOL DISTRICT,Scott County,44.660961,-93.639946,14.3,231,323,19.6,23,43,21.0,5,8,27.3,"Minnesota Epilepsy Group with Children's Minnesota, St. Paul and Minneapolis",FOUND_SEIZURE_SPECIFIC,Town,1826.0,15.0,LOW_RISK_LARGE,3,2.6,37
203,HAYFIELD PUBLIC SCHOOL DISTRICT,Dodge County,43.890038,-92.837958,16.9,321,328,19.3,25,25,19.3,19,19,20.6,"Mayo Clinic, Rochester (adult and pediatric)",FOUND_MED_POLICY_ONLY,Rural,627.0,18.0,ELEVATED_RISK_MID,8,8.4,4
2899,PLAINVIEW-ELGIN-MILLVILLE,Wabasha County,44.165521,-92.173554,17.8,320,364,19.0,25,27,19.0,19,20,17.6,"Mayo Clinic, Rochester (adult and pediatric)",FOUND_SEIZURE_SPECIFIC,Rural,1466.0,17.0,LOW_RISK_LARGE,3,0.8,13
671,HILLS-BEAVER CREEK SCHOOL DISTRICT,Rock County,43.532216,-96.363537,17.5,39,39,18.6,6,6,17.9,2,2,182.1,"Minnesota Epilepsy Group with Children's Minnesota, St. Paul and Minneapolis",FOUND_MED_POLICY_ONLY,Rural,354.0,20.0,HIGH_RISK_SMALL,11,11.3,11
100,WRENSHALL PUBLIC SCHOOL DISTRICT,Carlton County,46.617116,-92.382901,17.1,11,12,18.6,2,2,116.9,0,0,120.8,"University of Minnesota Medical Center / MINCEP, Minneapolis",FOUND_MED_POLICY_ONLY,Rural,336.0,18.0,HIGH_RISK_SMALL,11,11.1,21
739,KIMBALL PUBLIC SCHOOL DISTRICT,Stearns County,45.313979,-94.303695,12.4,16,270,18.5,1,29,56.2,0,7,56.5,"Minnesota Epilepsy Group with Children's Minnesota, St. Paul and Minneapolis",FOUND_MED_POLICY_ONLY,Rural,748.0,18.0,ELEVATED_RISK_MID,8,10.2,15
200,HASTINGS PUBLIC SCHOOL DISTRICT,Dakota County,44.736164,-92.865724,17.7,293,640,18.4,41,68,18.5,8,27,24.3,"University of Minnesota Medical Center / MINCEP, Minneapolis",FOUND_SEIZURE_SPECIFIC,Town,4095.0,12.0,LOW_RISK_LARGE,3,1.6,50
93,CARLTON PUBLIC SCHOOL DISTRICT,Carlton County,46.665341,-92.421979,17.2,11,12,18.1,2,2,119.5,0,0,123.4,"University of Minnesota Medical Center / MINCEP, Minneapolis",FOUND_MED_POLICY_ONLY,Town,296.0,18.0,HIGH_RISK_SMALL,11,8.3,21
485,ROYALTON PUBLIC SCHOOL DISTRICT,Morrison County,45.8287,-94.282138,15.5,16,21,17.9,1,1,77.9,0,0,78.1,"University of Minnesota Medical Center / MINCEP, Minneapolis",FOUND_SEIZURE_SPECIFIC,Rural,937.0,23.0,ELEVATED_RISK_MID,6,11.9,11
2805,ZUMBROTA-MAZEPPA SCHOOL DISTRICT,Goodhue County,44.290677,-92.673086,17.3,321,617,17.8,25,66,17.8,19,27,21.2,"Mayo Clinic, Rochester (adult and pediatric)",FOUND_MED_POLICY_ONLY,Rural,1224.0,16.0,LOW_RISK_LARGE,6,1.2,6
94,CLOQUET PUBLIC SCHOOL DISTRICT,Carlton County,46.717322,-92.448448,17.5,12,12,17.7,2,2,122.6,0,0,126.4,"University of Minnesota Medical Center / MINCEP, Minneapolis",FOUND_SEIZURE_SPECIFIC,Town,2598.0,18.0,LOW_RISK_LARGE,5,5.1,21
831,FOREST LAKE PUBLIC SCHOOL DISTRICT,Washington County,45.254716,-92.982526,14.4,266,319,17.5,34,43,18.7,6,8,23.1,"University of Minnesota Medical Center / MINCEP, Minneapolis",FOUND_SEIZURE_SPECIFIC,Town,5763.0,12.0,LOW_RISK_LARGE,3,2.0,63
745,ALBANY PUBLIC SCHOOL DISTRICT,Stearns County,45.631509,-94.561017,11.0,16,21,17.3,1,1,78.7,0,0,78.6,"Minnesota Epilepsy Group with Children's Minnesota, St. Paul and Minneapolis",FOUND_MED_POLICY_ONLY,Rural,1799.0,18.0,LOW_RISK_LARGE,6,1.4,8
885,St. Michael-Albertville Schools,Wright County,45.223487,-93.659179,12.3,245,335,17.2,28,44,26.9,7,8,26.9,"Minnesota Epilepsy Group with Children's Minnesota, St. Paul and Minneapolis",FOUND_SEIZURE_SPECIFIC,Suburb,6696.0,20.0,LOW_RISK_LARGE,3,1.6,64
2125,TRITON SCHOOL DISTRICT,Dodge County,44.032122,-92.865938,17.0,322,334,17.0,25,26,17.0,19,19,19.8,"Mayo Clinic, Rochester (adult and pediatric)",FOUND_MED_POLICY_ONLY,Rural,909.0,18.0,ELEVATED_RISK_MID,8,7.1,6
15,St. Francis Area Schools,Anoka County,45.399803,-93.37241,12.9,67,335,16.7,8,44,28.7,2,8,30.3,"University of Minnesota Medical Center / MINCEP, Minneapolis",FOUND_SEIZURE_SPECIFIC,Town,4236.0,15.0,LOW_RISK_LARGE,3,1.2,39
738,HOLDINGFORD PUBLIC SCHOOL DISTRICT,Stearns County,45.734432,-94.465111,10.8,16,22,16.5,1,1,79.5,0,0,79.5,"Minnesota Epilepsy Group with Children's Minnesota, St. Paul and Minneapolis",FOUND_MED_POLICY_ONLY,Rural,1077.0,18.0,LOW_RISK_LARGE,6,9.5,10
728,Elk River Public School District,Sherburne County,45.321057,-93.559473,14.5,179,335,16.2,18,44,28.8,5,8,28.9,"University of Minnesota Medical Center / MINCEP, Minneapolis",FOUND_MED_POLICY_ONLY,Suburb,14352.0,17.0,LOW_RISK_LARGE,6,1.0,53
277,WESTONKA PUBLIC SCHOOL DISTRICT,Hennepin County,44.955249,-93.670064,8.5,300,340,16.2,43,44,17.4,8,8,19.9,"Minnesota Epilepsy Group with Children's Minnesota, St. Paul and Minneapolis",FOUND_SEIZURE_SPECIFIC,Rural,2428.0,13.0,LOW_RISK_LARGE,3,1.2,92
51,FOLEY PUBLIC SCHOOL DISTRICT,Benton County,45.671726,-93.910235,16.0,16,201,16.0,1,19,58.4,0,5,58.5,"University of Minnesota Medical Center / MINCEP, Minneapolis",FOUND_MED_POLICY_ONLY,Rural,1925.0,20.0,LOW_RISK_LARGE,7,2.6,9
533,DOVER-EYOTA PUBLIC SCHOOL DISTRICT,Olmsted County,43.982697,-92.231083,8.6,320,349,15.5,25,27,15.5,19,19,12.0,"Mayo Clinic, Rochester (adult and pediatric)",NOT_FOUND,Rural,1063.0,13.0,LOW_RISK_LARGE,6,8.6,39
115,CASS LAKE-BENA PUBLIC SCHOOLS,Cass County,47.379926,-94.603905,15.0,1,1,15.0,1,1,115.1,0,0,178.8,"University of Minnesota Medical Center / MINCEP, Minneapolis",FOUND_MED_POLICY_ONLY,Rural,1112.0,24.0,LOW_RISK_LARGE,7,15.0,15
834,Stillwater Area Public Schools,Washington County,45.03885,-92.820138,2.5,309,320,14.5,43,43,14.5,8,8,20.7,"University of Minnesota Medical Center / MINCEP, Minneapolis",FOUND_SEIZURE_SPECIFIC,Town,8368.0,12.0,LOW_RISK_LARGE,3,2.5,80
99,ESKO PUBLIC SCHOOL DISTRICT,Carlton County,46.70634,-92.362365,13.7,11,12,14.2,2,2,123.1,0,0,127.0,"University of Minnesota Medical Center / MINCEP, Minneapolis",FOUND_SEIZURE_SPECIFIC,Town,1296.0,18.0,LOW_RISK_LARGE,5,5.6,44
534,STEWARTVILLE PUBLIC SCHOOL DISTRICT,Olmsted County,43.855161,-92.490917,7.8,320,322,14.0,25,25,14.0,19,19,11.6,"Mayo Clinic, Rochester (adult and pediatric)",FOUND_MED_POLICY_ONLY,Town,2005.0,13.0,LOW_RISK_LARGE,6,0.7,34
112,EASTERN CARVER COUNTY PUBLIC SCHOOL,Carver County,44.841571,-93.596974,2.5,300,340,13.0,43,44,13.0,8,8,18.0,"Minnesota Epilepsy Group with Children's Minnesota, St. Paul and Minneapolis",FOUND_SEIZURE_SPECIFIC,Suburb,9254.0,14.0,LOW_RISK_LARGE,3,2.5,122
750,ROCORI PUBLIC SCHOOL DISTRICT,Stearns County,45.464049,-94.428567,9.2,16,37,13.0,1,3,67.1,0,0,66.8,"Minnesota Epilepsy Group with Children's Minnesota, St. Paul and Minneapolis",FOUND_MED_POLICY_ONLY,Rural,2414.0,18.0,LOW_RISK_LARGE,6,0.5,28
278,ORONO PUBLIC SCHOOL DISTRICT,Hennepin County,44.990796,-93.5956,9.4,310,336,12.6,43,44,15.1,8,8,16.4,"Minnesota Epilepsy Group with Children's Minnesota, St. Paul and Minneapolis",FOUND_SEIZURE_SPECIFIC,Rural,2946.0,13.0,LOW_RISK_LARGE,3,0.4,150
720,SHAKOPEE PUBLIC SCHOOL DISTRICT,Scott County,44.783835,-93.554482,5.1,296,326,12.4,43,43,12.4,8,8,18.4,"Minnesota Epilepsy Group with Children's Minnesota, St. Paul and Minneapolis",FOUND_SEIZURE_SPECIFIC,Suburb,7678.0,15.0,LOW_RISK_LARGE,3,2.8,127
255,Pine Island Public School District,Goodhue County,44.201323,-92.644602,11.4,320,455,11.6,25,50,11.6,19,22,15.2,"Mayo Clinic, Rochester (adult and pediatric)",FOUND_SEIZURE_SPECIFIC,Rural,1538.0,16.0,LOW_RISK_LARGE,3,1.2,26
204,KASSON-MANTORVILLE SCHOOL DISTRICT,Dodge County,44.045162,-92.746611,11.0,321,330,11.0,25,26,11.0,19,19,14.0,"Mayo Clinic, Rochester (adult and pediatric)",FOUND_MED_POLICY_ONLY,Town,2161.0,18.0,LOW_RISK_LARGE,6,4.0,26
832,MAHTOMEDI PUBLIC SCHOOL DISTRICT,Washington County,45.073065,-92.956129,5.3,316,320,10.6,43,43,10.6,8,8,15.2,"University of Minnesota Medical Center / MINCEP, Minneapolis",FOUND_SEIZURE_SPECIFIC,Rural,3194.0,12.0,LOW_RISK_LARGE,3,0.4,192
833,South Washington County Schools,Washington County,44.829792,-92.956383,10.6,312,636,10.6,43,68,10.6,8,27,16.7,"University of Minnesota Medical Center / MINCEP, Minneapolis",FOUND_MED_POLICY_ONLY,Suburb,19360.0,12.0,LOW_RISK_LARGE,6,1.4,153
192,FARMINGTON PUBLIC SCHOOL DISTRICT,Dakota County,44.650846,-93.20476,7.0,291,640,9.4,41,68,16.7,8,27,21.0,"Minnesota Epilepsy Group with Children's Minnesota, St. Paul and Minneapolis",FOUND_MED_POLICY_ONLY,Suburb,6630.0,12.0,LOW_RISK_LARGE,6,3.8,96
719,PRIOR LAKE-SAVAGE AREA SCHOOLS,Scott County,44.703893,-93.427822,6.9,296,324,9.0,41,43,12.6,8,8,18.9,"Minnesota Epilepsy Group with Children's Minnesota, St. Paul and Minneapolis",FOUND_SEIZURE_SPECIFIC,Suburb,8777.0,15.0,LOW_RISK_LARGE,3,2.0,141
276,MINNETONKA PUBLIC SCHOOL DISTRICT,Hennepin County,44.901495,-93.509348,3.7,310,340,8.8,43,44,8.8,8,8,12.5,"Minnesota Epilepsy Group with Children's Minnesota, St. Paul and Minneapolis",FOUND_MED_POLICY_ONLY,City,11356.0,13.0,LOW_RISK_LARGE,6,1.6,269
624,WHITE BEAR LAKE SCHOOL DISTRICT,Ramsey County,45.088714,-93.012962,5.2,316,320,8.7,43,43,8.7,8,8,13.5,"University of Minnesota Medical Center / MINCEP, Minneapolis",FOUND_SEIZURE_SPECIFIC,Suburb,8549.0,10.0,LOW_RISK_LARGE,3,0.3,240
300,LA CRESCENT-HOKAH SCHOOL DISTRICT,Houston County,43.817686,-91.313028,7.8,27,32,8.6,2,2,62.5,0,0,59.1,"Mayo Clinic, Rochester (adult and pediatric)",FOUND_MED_POLICY_ONLY,Suburb,1020.0,19.0,ELEVATED_RISK_MID,8,2.3,39
12,CENTENNIAL PUBLIC SCHOOL DISTRICT,Anoka County,45.154053,-93.15059,5.0,316,335,8.1,43,44,9.7,8,8,13.2,"University of Minnesota Medical Center / MINCEP, Minneapolis",FOUND_SEIZURE_SPECIFIC,Suburb,6772.0,15.0,LOW_RISK_LARGE,3,1.5,255
199,INVER GROVE HEIGHTS SCHOOLS,Dakota County,44.832301,-93.045659,7.8,316,636,7.8,43,68,8.5,8,27,13.3,"University of Minnesota Medical Center / MINCEP, Minneapolis",FOUND_MED_POLICY_ONLY,Suburb,3510.0,12.0,LOW_RISK_LARGE,6,0.6,285
704,PROCTOR PUBLIC SCHOOL DISTRICT,St. Louis County,46.743854,-92.236796,7.4,11,12,7.8,2,2,127.5,0,0,131.5,"University of Minnesota Medical Center / MINCEP, Minneapolis",FOUND_MED_POLICY_ONLY,Suburb,1871.0,17.0,LOW_RISK_LARGE,7,2.0,47
196,ROSEMOUNT-APPLE VALLEY-EAGAN,Dakota County,44.72717,-93.135761,7.6,296,640,7.6,41,68,14.0,8,27,16.8,"Minnesota Epilepsy Group with Children's Minnesota, St. Paul and Minneapolis",FOUND_SEIZURE_SPECIFIC,Suburb,29115.0,12.0,LOW_RISK_LARGE,3,3.4,162
272,EDEN PRAIRIE PUBLIC SCHOOL DISTRICT,Hennepin County,44.855389,-93.478997,3.6,312,326,7.2,43,43,7.2,8,8,12.5,"Minnesota Epilepsy Group with Children's Minnesota, St. Paul and Minneapolis",FOUND_SEIZURE_SPECIFIC,City,8963.0,13.0,LOW_RISK_LARGE,3,1.6,249
700,Hermantown Community Schools,St. Louis County,46.822513,-92.23896,6.9,11,12,6.9,2,2,132.6,0,0,136.5,"University of Minnesota Medical Center / MINCEP, Minneapolis",FOUND_MED_POLICY_ONLY,Rural,2100.0,17.0,LOW_RISK_LARGE,7,1.6,30
531,BYRON PUBLIC SCHOOL DISTRICT,Olmsted County,44.02955,-92.658472,6.8,321,330,6.8,25,26,6.8,19,19,9.5,"Mayo Clinic, Rochester (adult and pediatric)",FOUND_MED_POLICY_ONLY,Town,2331.0,13.0,LOW_RISK_LARGE,6,2.1,41
622,North St. Paul-Maplewood Oakdale,Ramsey County,45.016149,-92.995065,1.5,317,320,6.5,43,43,6.5,8,8,12.0,"University of Minnesota Medical Center / MINCEP, Minneapolis",FOUND_SEIZURE_SPECIFIC,Suburb,10633.0,10.0,LOW_RISK_LARGE,3,1.5,275
14,FRIDLEY PUBLIC SCHOOL DISTRICT,Anoka County,45.076325,-93.252443,1.4,317,335,6.3,43,44,6.4,8,8,7.3,"University of Minnesota Medical Center / MINCEP, Minneapolis",FOUND_MED_POLICY_ONLY,Suburb,2633.0,15.0,LOW_RISK_LARGE,6,1.4,379
2164,DILWORTH-GLYNDON-FELTON,Clay County,46.878285,-96.703747,5.8,29,29,5.8,1,1,10.8,1,1,212.2,"Minnesota Epilepsy Group with Children's Minnesota, St. Paul and Minneapolis",FOUND_SEIZURE_SPECIFIC,Rural,1586.0,15.0,LOW_RISK_LARGE,3,0.7,47
194,Lakeville Area Schools,Dakota County,44.69285,-93.286541,2.6,293,639,5.8,41,68,12.7,8,27,18.0,"Minnesota Epilepsy Group with Children's Minnesota, St. Paul and Minneapolis",FOUND_SEIZURE_SPECIFIC,Suburb,12021.0,12.0,LOW_RISK_LARGE,3,2.6,139
279,OSSEO PUBLIC SCHOOL DISTRICT,Hennepin County,45.124652,-93.423204,1.1,316,336,5.8,43,44,13.9,8,8,14.1,"University of Minnesota Medical Center / MINCEP, Minneapolis",FOUND_SEIZURE_SPECIFIC,Suburb,20776.0,13.0,LOW_RISK_LARGE,3,1.1,262
284,WAYZATA PUBLIC SCHOOL DISTRICT,Hennepin County,44.991071,-93.450561,3.6,312,335,5.6,43,44,9.9,8,8,9.5,"Minnesota Epilepsy Group with Children's Minnesota, St. Paul and Minneapolis",FOUND_SEIZURE_SPECIFIC,City,12625.0,13.0,LOW_RISK_LARGE,3,1.4,331
13,COLUMBIA HEIGHTS PUBLIC SCHOOL DIST,Anoka County,45.055373,-93.238941,3.0,317,335,5.0,43,44,5.0,8,8,5.8,"University of Minnesota Medical Center / MINCEP, Minneapolis",FOUND_MED_POLICY_ONLY,Suburb,3420.0,15.0,LOW_RISK_LARGE,6,0.8,395
16,SPRING LAKE PARK PUBLIC SCHOOLS,Anoka County,45.115891,-93.235381,1.6,316,335,5.0,43,44,8.1,8,8,10.0,"University of Minnesota Medical Center / MINCEP, Minneapolis",FOUND_SEIZURE_SPECIFIC,Suburb,6140.0,15.0,LOW_RISK_LARGE,3,1.6,349
11,Anoka-Hennepin School District,Anoka County,45.208998,-93.391598,4.9,308,335,4.9,42,44,17.8,8,8,18.1,"University of Minnesota Medical Center / MINCEP, Minneapolis",FOUND_SEIZURE_SPECIFIC,Suburb,38631.0,15.0,LOW_RISK_LARGE,3,2.7,166
6,South St. Paul Public School Dist,Dakota County,44.890288,-93.040508,4.9,317,321,4.9,43,43,4.9,8,8,11.0,"University of Minnesota Medical Center / MINCEP, Minneapolis",FOUND_SEIZURE_SPECIFIC,Suburb,2917.0,12.0,LOW_RISK_LARGE,3,0.2,324
621,MOUNDS VIEW PUBLIC SCHOOL DISTRICT,Ramsey County,45.080432,-93.134552,4.8,316,320,4.8,43,43,4.8,8,8,8.9,"University of Minnesota Medical Center / MINCEP, Minneapolis",NOT_FOUND,Suburb,11632.0,10.0,LOW_RISK_LARGE,6,0.3,362
47,SAUK RAPIDS-RICE PUBLIC SCHOOLS,Benton County,45.609649,-94.126295,4.8,16,97,4.8,1,6,61.7,0,0,61.8,"Minnesota Epilepsy Group with Children's Minnesota, St. Paul and Minneapolis",FOUND_SEIZURE_SPECIFIC,Suburb,4352.0,20.0,LOW_RISK_LARGE,4,2.9,38
286,Brooklyn Center Community Schools,Hennepin County,45.062758,-93.311854,3.7,316,335,3.9,43,44,7.3,8,8,7.4,"University of Minnesota Medical Center / MINCEP, Minneapolis",FOUND_MED_POLICY_ONLY,Suburb,2099.0,13.0,LOW_RISK_LARGE,6,0.5,379
535,ROCHESTER PUBLIC SCHOOL DISTRICT,Olmsted County,44.016282,-92.472179,3.8,320,322,3.8,25,25,3.8,19,19,0.5,"Mayo Clinic, Rochester (adult and pediatric)",FOUND_SEIZURE_SPECIFIC,City,17342.0,13.0,LOW_RISK_LARGE,3,4.0,39
270,HOPKINS PUBLIC SCHOOL DISTRICT,Hennepin County,44.934131,-93.412419,1.4,316,335,3.7,43,44,5.7,8,8,7.4,"Minnesota Epilepsy Group with Children's Minnesota, St. Paul and Minneapolis",FOUND_SEIZURE_SPECIFIC,City,6977.0,13.0,LOW_RISK_LARGE,3,1.4,379
748,SARTELL-ST. STEPHEN SCHOOL DISTRICT,Stearns County,45.622518,-94.207848,3.3,16,66,3.3,1,5,65.1,0,0,65.2,"Minnesota Epilepsy Group with Children's Minnesota, St. Paul and Minneapolis",FOUND_MED_POLICY_ONLY,Suburb,4046.0,18.0,LOW_RISK_LARGE,6,1.7,38
197,West St. Paul-Mendota Heights-Eagan,Dakota County,44.8872,-93.107892,3.2,316,321,3.2,43,43,4.5,8,8,8.5,"University of Minnesota Medical Center / MINCEP, Minneapolis",FOUND_SEIZURE_SPECIFIC,Suburb,5293.0,12.0,LOW_RISK_LARGE,3,0.7,361
152,Moorhead Area Public Schools,Clay County,46.843475,-96.759742,3.1,29,29,3.1,1,1,8.2,1,1,212.9,"Minnesota Epilepsy Group with Children's Minnesota, St. Paul and Minneapolis",FOUND_MED_POLICY_ONLY,Suburb,7460.0,15.0,LOW_RISK_LARGE,6,1.1,47
282,ST. ANTHONY-NEW BRIGHTON SCHOOLS,Hennepin County,45.028412,-93.21427,3.1,317,321,3.1,43,43,3.1,8,8,4.0,"University of Minnesota Medical Center / MINCEP, Minneapolis",FOUND_MED_POLICY_ONLY,Suburb,1856.0,13.0,LOW_RISK_LARGE,6,1.5,404
31,BEMIDJI PUBLIC SCHOOL DISTRICT,Beltrami County,47.472947,-94.882315,3.0,1,1,3.0,1,1,105.1,0,0,189.9,"University of Minnesota Medical Center / MINCEP, Minneapolis",NOT_VERIFIABLE,Town,4812.0,16.0,LOW_RISK_LARGE,8,3.0,15
271,BLOOMINGTON PUBLIC SCHOOL DISTRICT,Hennepin County,44.812523,-93.296666,2.7,316,325,2.7,43,43,4.6,8,8,9.8,"Minnesota Epilepsy Group with Children's Minnesota, St. Paul and Minneapolis",FOUND_SEIZURE_SPECIFIC,City,10294.0,13.0,LOW_RISK_LARGE,3,1.2,328
281,ROBBINSDALE PUBLIC SCHOOL DISTRICT,Hennepin County,45.032308,-93.379616,1.8,316,335,2.5,43,44,8.0,8,8,7.9,"Minnesota Epilepsy Group with Children's Minnesota, St. Paul and Minneapolis",FOUND_SEIZURE_SPECIFIC,Suburb,10735.0,13.0,LOW_RISK_LARGE,3,1.8,376
280,RICHFIELD PUBLIC SCHOOL DISTRICT,Hennepin County,44.875987,-93.285239,2.4,317,321,2.4,43,43,2.4,8,8,5.4,"Minnesota Epilepsy Group with Children's Minnesota, St. Paul and Minneapolis",FOUND_SEIZURE_SPECIFIC,Suburb,4043.0,13.0,LOW_RISK_LARGE,3,0.2,383
30001,Minneapolis Public School District,Hennepin County,44.999508,-93.296809,2.1,317,335,2.2,43,44,3.4,8,8,3.6,"Abbott Northwestern Hospital (Allina), Minneapolis",FOUND_MED_POLICY_ONLY,Rural,995.0,26.0,LOW_RISK_LARGE,7,0.1,422
742,ST. CLOUD PUBLIC SCHOOL DISTRICT,Stearns County,45.549699,-94.23356,2.0,16,90,2.0,1,5,62.7,0,0,62.7,"Minnesota Epilepsy Group with Children's Minnesota, St. Paul and Minneapolis",FOUND_MED_POLICY_ONLY,City,9543.0,18.0,LOW_RISK_LARGE,6,1.2,39
273,EDINA PUBLIC SCHOOL DISTRICT,Hennepin County,44.899572,-93.348816,1.7,316,322,1.9,43,43,1.9,8,8,5.5,"Minnesota Epilepsy Group with Children's Minnesota, St. Paul and Minneapolis",FOUND_SEIZURE_SPECIFIC,City,8609.0,13.0,LOW_RISK_LARGE,3,1.3,378
283,ST. LOUIS PARK PUBLIC SCHOOL DIST.,Hennepin County,44.93947,-93.359151,1.2,316,321,1.2,43,43,4.7,8,8,4.7,"Minnesota Epilepsy Group with Children's Minnesota, St. Paul and Minneapolis",FOUND_MED_POLICY_ONLY,City,4347.0,13.0,LOW_RISK_LARGE,6,1.2,399
709,DULUTH PUBLIC SCHOOL DISTRICT,St. Louis County,46.796972,-92.118779,1.1,11,12,1.1,2,2,133.0,0,0,137.0,"University of Minnesota Medical Center / MINCEP, Minneapolis",FOUND_SEIZURE_SPECIFIC,City,8757.0,17.0,LOW_RISK_LARGE,4,1.1,43
191,Burnsville-Eagan-Savage Schools,Dakota County,44.772833,-93.281555,0.4,316,325,0.4,43,43,7.4,8,8,12.4,"Minnesota Epilepsy Group with Children's Minnesota, St. Paul and Minneapolis",FOUND_SEIZURE_SPECIFIC,City,7594.0,12.0,LOW_RISK_LARGE,3,0.4,288
623,ROSEVILLE PUBLIC SCHOOL DISTRICT,Ramsey County,45.014566,-93.152834,0.2,316,320,0.2,43,43,0.2,8,8,4.9,"University of Minnesota Medical Center / MINCEP, Minneapolis",FOUND_SEIZURE_SPECIFIC,Suburb,7355.0,10.0,LOW_RISK_LARGE,3,0.2,403
625,Saint Paul Public Schools,Ramsey County,44.930342,-93.11895,0.2,316,320,0.2,43,43,2.0,8,8,6.3,"University of Minnesota Medical Center / MINCEP, Minneapolis",FOUND_SEIZURE_SPECIFIC,City,32145.0,10.0,LOW_RISK_LARGE,3,0.2,382
