isd,mde_district_code,district,school_year,total_enrollment,public_enrollment,sped_count,ohd_count,ohd_share_of_enrollment_pct,ohd_share_of_sped_pct,suppression_flag,source
11,0011-01,Anoka-Hennepin School District,"2025-26 (Dec 1, 2025 count)",41286,39595,8086,1016,2.46,12.6,not_suppressed_in_source,"MDE MFR Special Ed. Unduplicated Child Count Report #4, FY 25-26"
196,0196-01,Rosemount-Apple Valley-Eagan,"2025-26 (Dec 1, 2025 count)",29432,27996,5274,753,2.56,14.3,not_suppressed_in_source,"MDE MFR Special Ed. Unduplicated Child Count Report #4, FY 25-26"
30001,0001-03,Minneapolis Public School District,"2025-26 (Dec 1, 2025 count)",40577,35763,6952,735,1.81,10.6,not_suppressed_in_source,"MDE MFR Special Ed. Unduplicated Child Count Report #4, FY 25-26"
625,0625-01,Saint Paul Public Schools,"2025-26 (Dec 1, 2025 count)",38133,33371,7356,680,1.78,9.2,not_suppressed_in_source,"MDE MFR Special Ed. Unduplicated Child Count Report #4, FY 25-26"
833,0833-01,South Washington County,"2025-26 (Dec 1, 2025 count)",21283,19959,4238,526,2.47,12.4,not_suppressed_in_source,"MDE MFR Special Ed. Unduplicated Child Count Report #4, FY 25-26"
535,0535-01,Rochester Public School District,"2025-26 (Dec 1, 2025 count)",20784,18478,3862,456,2.19,11.8,not_suppressed_in_source,"MDE MFR Special Ed. Unduplicated Child Count Report #4, FY 25-26"
279,0279-01,Osseo Public School District,"2025-26 (Dec 1, 2025 count)",24600,22460,3856,422,1.72,10.9,not_suppressed_in_source,"MDE MFR Special Ed. Unduplicated Child Count Report #4, FY 25-26"
194,0194-01,Lakeville Area Schools,"2025-26 (Dec 1, 2025 count)",12920,12131,2158,305,2.36,14.1,not_suppressed_in_source,"MDE MFR Special Ed. Unduplicated Child Count Report #4, FY 25-26"
728,0728-01,Elk River Public School District,"2025-26 (Dec 1, 2025 count)",15591,15205,2796,289,1.85,10.3,not_suppressed_in_source,"MDE MFR Special Ed. Unduplicated Child Count Report #4, FY 25-26"
742,0742-01,St. Cloud,"2025-26 (Dec 1, 2025 count)",14601,12722,3166,276,1.89,8.7,not_suppressed_in_source,"MDE MFR Special Ed. Unduplicated Child Count Report #4, FY 25-26"
621,0621-01,Mounds View Public School District,"2025-26 (Dec 1, 2025 count)",12436,11465,1841,274,2.2,14.9,not_suppressed_in_source,"MDE MFR Special Ed. Unduplicated Child Count Report #4, FY 25-26"
284,0284-01,Wayzata Public Schools,"2025-26 (Dec 1, 2025 count)",15632,13944,1892,273,1.75,14.4,not_suppressed_in_source,"MDE MFR Special Ed. Unduplicated Child Count Report #4, FY 25-26"
112,0112-01,Eastern Carver County,"2025-26 (Dec 1, 2025 count)",12776,10293,1838,267,2.09,14.5,not_suppressed_in_source,"MDE MFR Special Ed. Unduplicated Child Count Report #4, FY 25-26"
281,0281-01,Robbinsdale Public School District,"2025-26 (Dec 1, 2025 count)",11421,10771,2301,260,2.28,11.3,not_suppressed_in_source,"MDE MFR Special Ed. Unduplicated Child Count Report #4, FY 25-26"
191,0191-01,Burnsville-Eagan-Savage Schools,"2025-26 (Dec 1, 2025 count)",9635,9398,1970,237,2.46,12.0,not_suppressed_in_source,"MDE MFR Special Ed. Unduplicated Child Count Report #4, FY 25-26"
152,0152-01,Moorhead Area Public Schools,"2025-26 (Dec 1, 2025 count)",8621,7987,1840,237,2.75,12.9,not_suppressed_in_source,"MDE MFR Special Ed. Unduplicated Child Count Report #4, FY 25-26"
624,0624-01,White Bear Lake Area Schools,"2025-26 (Dec 1, 2025 count)",9347,8656,1894,236,2.52,12.5,not_suppressed_in_source,"MDE MFR Special Ed. Unduplicated Child Count Report #4, FY 25-26"
622,0622-01,North St. Paul-Maplewood Oakdale,"2025-26 (Dec 1, 2025 count)",12613,11085,2590,210,1.66,8.1,not_suppressed_in_source,"MDE MFR Special Ed. Unduplicated Child Count Report #4, FY 25-26"
709,0709-01,Duluth,"2025-26 (Dec 1, 2025 count)",10516,9280,2335,208,1.98,8.9,not_suppressed_in_source,"MDE MFR Special Ed. Unduplicated Child Count Report #4, FY 25-26"
834,0834-01,Stillwater Area Public Schools,"2025-26 (Dec 1, 2025 count)",9301,8615,1802,206,2.21,11.4,not_suppressed_in_source,"MDE MFR Special Ed. Unduplicated Child Count Report #4, FY 25-26"
77,0077-01,Mankato Area Public Schools,"2025-26 (Dec 1, 2025 count)",9482,8428,1686,199,2.1,11.8,not_suppressed_in_source,"MDE MFR Special Ed. Unduplicated Child Count Report #4, FY 25-26"
719,0719-01,Prior Lake-Savage,"2025-26 (Dec 1, 2025 count)",8185,7519,1245,190,2.32,15.3,not_suppressed_in_source,"MDE MFR Special Ed. Unduplicated Child Count Report #4, FY 25-26"
273,0273-01,Edina Public School District,"2025-26 (Dec 1, 2025 count)",8031,7039,1212,182,2.27,15.0,not_suppressed_in_source,"MDE MFR Special Ed. Unduplicated Child Count Report #4, FY 25-26"
12,0012-01,Centennial Public School District,"2025-26 (Dec 1, 2025 count)",5916,5634,1131,182,3.08,16.1,not_suppressed_in_source,"MDE MFR Special Ed. Unduplicated Child Count Report #4, FY 25-26"
831,0831-01,Forest Lake Public School District,"2025-26 (Dec 1, 2025 count)",6287,5999,1111,180,2.86,16.2,not_suppressed_in_source,"MDE MFR Special Ed. Unduplicated Child Count Report #4, FY 25-26"
270,0270-01,Hopkins,"2025-26 (Dec 1, 2025 count)",10139,7170,1464,174,1.72,11.9,not_suppressed_in_source,"MDE MFR Special Ed. Unduplicated Child Count Report #4, FY 25-26"
271,0271-01,Bloomington Public School District,"2025-26 (Dec 1, 2025 count)",11020,10052,2221,172,1.56,7.7,not_suppressed_in_source,"MDE MFR Special Ed. Unduplicated Child Count Report #4, FY 25-26"
192,0192-01,Farmington Public School District,"2025-26 (Dec 1, 2025 count)",6879,6879,1446,165,2.4,11.4,not_suppressed_in_source,"MDE MFR Special Ed. Unduplicated Child Count Report #4, FY 25-26"
623,0623-01,Roseville Public School District,"2025-26 (Dec 1, 2025 count)",7951,6313,1301,164,2.06,12.6,not_suppressed_in_source,"MDE MFR Special Ed. Unduplicated Child Count Report #4, FY 25-26"
877,0877-01,Buffalo-Hanover-Montrose Schools,"2025-26 (Dec 1, 2025 count)",6132,5760,1339,163,2.66,12.2,not_suppressed_in_source,"MDE MFR Special Ed. Unduplicated Child Count Report #4, FY 25-26"
911,0911-01,Cambridge-Isanti Schools,"2025-26 (Dec 1, 2025 count)",5086,4868,1119,163,3.2,14.6,not_suppressed_in_source,"MDE MFR Special Ed. Unduplicated Child Count Report #4, FY 25-26"
720,0720-01,Shakopee Public Schools,"2025-26 (Dec 1, 2025 count)",8947,8358,1564,161,1.8,10.3,not_suppressed_in_source,"MDE MFR Special Ed. Unduplicated Child Count Report #4, FY 25-26"
199,0199-01,Inver Grove Heights Schools,"2025-26 (Dec 1, 2025 count)",3694,3694,835,155,4.2,18.6,not_suppressed_in_source,"MDE MFR Special Ed. Unduplicated Child Count Report #4, FY 25-26"
197,0197-01,West St. Paul-Mendota Heights-Eagan,"2025-26 (Dec 1, 2025 count)",7531,5088,1223,147,1.95,12.0,not_suppressed_in_source,"MDE MFR Special Ed. Unduplicated Child Count Report #4, FY 25-26"
272,0272-01,Eden Prairie,"2025-26 (Dec 1, 2025 count)",9209,8842,1325,142,1.54,10.7,not_suppressed_in_source,"MDE MFR Special Ed. Unduplicated Child Count Report #4, FY 25-26"
276,0276-01,Minnetonka Public School District,"2025-26 (Dec 1, 2025 count)",7416,7059,1078,139,1.87,12.9,not_suppressed_in_source,"MDE MFR Special Ed. Unduplicated Child Count Report #4, FY 25-26"
492,0492-01,Austin Public School District,"2025-26 (Dec 1, 2025 count)",5595,5320,1115,133,2.38,11.9,not_suppressed_in_source,"MDE MFR Special Ed. Unduplicated Child Count Report #4, FY 25-26"
885,0885-01,St. Michael-Albertville Schools,"2025-26 (Dec 1, 2025 count)",6082,5654,898,129,2.12,14.4,not_suppressed_in_source,"MDE MFR Special Ed. Unduplicated Child Count Report #4, FY 25-26"
181,0181-01,Brainerd Public School District,"2025-26 (Dec 1, 2025 count)",6798,6108,1511,127,1.87,8.4,not_suppressed_in_source,"MDE MFR Special Ed. Unduplicated Child Count Report #4, FY 25-26"
31,0031-01,Bemidji Area Schools,"2025-26 (Dec 1, 2025 count)",5171,4764,1182,122,2.36,10.3,not_suppressed_in_source,"MDE MFR Special Ed. Unduplicated Child Count Report #4, FY 25-26"
318,0318-01,Grand Rapids Public School District,"2025-26 (Dec 1, 2025 count)",3959,3594,885,116,2.93,13.1,not_suppressed_in_source,"MDE MFR Special Ed. Unduplicated Child Count Report #4, FY 25-26"
761,0761-01,Owatonna Public School District,"2025-26 (Dec 1, 2025 count)",5228,4886,1013,115,2.2,11.4,not_suppressed_in_source,"MDE MFR Special Ed. Unduplicated Child Count Report #4, FY 25-26"
347,0347-01,Willmar,"2025-26 (Dec 1, 2025 count)",4791,4576,1074,115,2.4,10.7,not_suppressed_in_source,"MDE MFR Special Ed. Unduplicated Child Count Report #4, FY 25-26"
721,0721-01,New Prague Area Schools,"2025-26 (Dec 1, 2025 count)",3748,3490,638,113,3.01,17.7,not_suppressed_in_source,"MDE MFR Special Ed. Unduplicated Child Count Report #4, FY 25-26"
110,0110-01,Waconia Public Schools,"2025-26 (Dec 1, 2025 count)",4275,3836,748,112,2.62,15.0,not_suppressed_in_source,"MDE MFR Special Ed. Unduplicated Child Count Report #4, FY 25-26"
659,0659-01,Northfield Public School District,"2025-26 (Dec 1, 2025 count)",3676,3586,754,112,3.05,14.9,not_suppressed_in_source,"MDE MFR Special Ed. Unduplicated Child Count Report #4, FY 25-26"
15,0015-01,St. Francis Area Schools,"2025-26 (Dec 1, 2025 count)",5143,4717,931,106,2.06,11.4,not_suppressed_in_source,"MDE MFR Special Ed. Unduplicated Child Count Report #4, FY 25-26"
6,0006-03,South St. Paul Public School District,"2025-26 (Dec 1, 2025 count)",2912,2822,647,100,3.43,15.5,not_suppressed_in_source,"MDE MFR Special Ed. Unduplicated Child Count Report #4, FY 25-26"
256,0256-01,Red Wing Public School District,"2025-26 (Dec 1, 2025 count)",2588,2538,597,98,3.79,16.4,not_suppressed_in_source,"MDE MFR Special Ed. Unduplicated Child Count Report #4, FY 25-26"
544,0544-01,Fergus Falls Public School District,"2025-26 (Dec 1, 2025 count)",3021,2655,561,97,3.21,17.3,not_suppressed_in_source,"MDE MFR Special Ed. Unduplicated Child Count Report #4, FY 25-26"
283,0283-01,St. Louis Park Public School District,"2025-26 (Dec 1, 2025 count)",6410,4375,874,94,1.47,10.8,not_suppressed_in_source,"MDE MFR Special Ed. Unduplicated Child Count Report #4, FY 25-26"
200,0200-01,Hastings Public School District,"2025-26 (Dec 1, 2025 count)",4594,4212,825,94,2.05,11.4,not_suppressed_in_source,"MDE MFR Special Ed. Unduplicated Child Count Report #4, FY 25-26"
16,0016-01,Spring Lake Park Public Schools,"2025-26 (Dec 1, 2025 count)",5408,5180,922,89,1.65,9.7,not_suppressed_in_source,"MDE MFR Special Ed. Unduplicated Child Count Report #4, FY 25-26"
701,0701-01,Hibbing Public School District,"2025-26 (Dec 1, 2025 count)",2458,2237,558,89,3.62,15.9,not_suppressed_in_source,"MDE MFR Special Ed. Unduplicated Child Count Report #4, FY 25-26"
241,0241-01,Albert Lea Public School District,"2025-26 (Dec 1, 2025 count)",3668,3474,800,88,2.4,11.0,not_suppressed_in_source,"MDE MFR Special Ed. Unduplicated Child Count Report #4, FY 25-26"
748,0748-01,Sartell-St. Stephen School District,"2025-26 (Dec 1, 2025 count)",4247,4036,838,87,2.05,10.4,not_suppressed_in_source,"MDE MFR Special Ed. Unduplicated Child Count Report #4, FY 25-26"
656,0656-01,Faribault,"2025-26 (Dec 1, 2025 count)",4711,3741,878,84,1.78,9.6,not_suppressed_in_source,"MDE MFR Special Ed. Unduplicated Child Count Report #4, FY 25-26"
47,0047-01,Sauk Rapids-Rice Public Schools,"2025-26 (Dec 1, 2025 count)",4077,4077,953,77,1.89,8.1,not_suppressed_in_source,"MDE MFR Special Ed. Unduplicated Child Count Report #4, FY 25-26"
477,0477-01,Princeton Public School District,"2025-26 (Dec 1, 2025 count)",3411,3373,742,77,2.26,10.4,not_suppressed_in_source,"MDE MFR Special Ed. Unduplicated Child Count Report #4, FY 25-26"
482,0482-01,Little Falls Community Schools,"2025-26 (Dec 1, 2025 count)",2731,2544,622,77,2.82,12.4,not_suppressed_in_source,"MDE MFR Special Ed. Unduplicated Child Count Report #4, FY 25-26"
138,0138-01,North Branch Area Public Schools,"2025-26 (Dec 1, 2025 count)",3182,3182,583,73,2.29,12.5,not_suppressed_in_source,"MDE MFR Special Ed. Unduplicated Child Count Report #4, FY 25-26"
882,0882-01,Monticello Public School District,"2025-26 (Dec 1, 2025 count)",4037,3973,786,68,1.68,8.7,not_suppressed_in_source,"MDE MFR Special Ed. Unduplicated Child Count Report #4, FY 25-26"
13,0013-01,Columbia Heights Public School Dist,"2025-26 (Dec 1, 2025 count)",3415,3282,671,68,1.99,10.1,not_suppressed_in_source,"MDE MFR Special Ed. Unduplicated Child Count Report #4, FY 25-26"
727,0727-01,Big Lake Public School District,"2025-26 (Dec 1, 2025 count)",3652,3634,761,68,1.86,8.9,not_suppressed_in_source,"MDE MFR Special Ed. Unduplicated Child Count Report #4, FY 25-26"
2909,2909-01,Rock Ridge Public Schools,"2025-26 (Dec 1, 2025 count)",2241,2241,486,67,2.99,13.8,not_suppressed_in_source,"MDE MFR Special Ed. Unduplicated Child Count Report #4, FY 25-26"
206,0206-01,Alexandria,"2025-26 (Dec 1, 2025 count)",4690,4139,876,66,1.41,7.5,not_suppressed_in_source,"MDE MFR Special Ed. Unduplicated Child Count Report #4, FY 25-26"
2144,2144-01,Chisago Lakes School District,"2025-26 (Dec 1, 2025 count)",3306,3127,503,65,1.97,12.9,not_suppressed_in_source,"MDE MFR Special Ed. Unduplicated Child Count Report #4, FY 25-26"
595,0595-01,East Grand Forks Public Schools,"2025-26 (Dec 1, 2025 count)",2558,1898,463,64,2.5,13.8,not_suppressed_in_source,"MDE MFR Special Ed. Unduplicated Child Count Report #4, FY 25-26"
2905,2905-01,Tri-City United School District,"2025-26 (Dec 1, 2025 count)",2422,2376,520,64,2.64,12.3,not_suppressed_in_source,"MDE MFR Special Ed. Unduplicated Child Count Report #4, FY 25-26"
465,0465-01,Litchfield Public School District,"2025-26 (Dec 1, 2025 count)",1804,1756,431,63,3.49,14.6,not_suppressed_in_source,"MDE MFR Special Ed. Unduplicated Child Count Report #4, FY 25-26"
280,0280-01,Richfield Public School District,"2025-26 (Dec 1, 2025 count)",4858,4031,833,62,1.28,7.4,not_suppressed_in_source,"MDE MFR Special Ed. Unduplicated Child Count Report #4, FY 25-26"
423,0423-01,Hutchinson Public School District,"2025-26 (Dec 1, 2025 count)",2745,2467,548,60,2.19,10.9,not_suppressed_in_source,"MDE MFR Special Ed. Unduplicated Child Count Report #4, FY 25-26"
726,0726-01,Becker Public School District,"2025-26 (Dec 1, 2025 count)",2448,2387,500,59,2.41,11.8,not_suppressed_in_source,"MDE MFR Special Ed. Unduplicated Child Count Report #4, FY 25-26"
94,0094-01,Cloquet,"2025-26 (Dec 1, 2025 count)",2409,2308,602,59,2.45,9.8,not_suppressed_in_source,"MDE MFR Special Ed. Unduplicated Child Count Report #4, FY 25-26"
88,0088-01,New Ulm,"2025-26 (Dec 1, 2025 count)",3111,2144,545,59,1.9,10.8,not_suppressed_in_source,"MDE MFR Special Ed. Unduplicated Child Count Report #4, FY 25-26"
22,0022-01,Detroit Lakes Public School Dist.,"2025-26 (Dec 1, 2025 count)",2753,2621,625,58,2.11,9.3,not_suppressed_in_source,"MDE MFR Special Ed. Unduplicated Child Count Report #4, FY 25-26"
277,0277-01,Westonka Public School District,"2025-26 (Dec 1, 2025 count)",2844,2723,494,57,2.0,11.5,not_suppressed_in_source,"MDE MFR Special Ed. Unduplicated Child Count Report #4, FY 25-26"
717,0717-01,Jordan Public School District,"2025-26 (Dec 1, 2025 count)",2014,1916,374,57,2.83,15.2,not_suppressed_in_source,"MDE MFR Special Ed. Unduplicated Child Count Report #4, FY 25-26"
2142,2142-01,St. Louis County School District,"2025-26 (Dec 1, 2025 count)",1967,1967,499,55,2.8,11.0,not_suppressed_in_source,"MDE MFR Special Ed. Unduplicated Child Count Report #4, FY 25-26"
704,0704-01,Proctor Public School District,"2025-26 (Dec 1, 2025 count)",1724,1724,338,55,3.19,16.3,not_suppressed_in_source,"MDE MFR Special Ed. Unduplicated Child Count Report #4, FY 25-26"
861,0861-01,Winona Area,"2025-26 (Dec 1, 2025 count)",3881,2666,735,53,1.37,7.2,not_suppressed_in_source,"MDE MFR Special Ed. Unduplicated Child Count Report #4, FY 25-26"
278,0278-01,Orono Public School District,"2025-26 (Dec 1, 2025 count)",2502,2131,304,51,2.04,16.8,not_suppressed_in_source,"MDE MFR Special Ed. Unduplicated Child Count Report #4, FY 25-26"
534,0534-01,Stewartville Public Schools,"2025-26 (Dec 1, 2025 count)",1753,1753,388,51,2.91,13.1,not_suppressed_in_source,"MDE MFR Special Ed. Unduplicated Child Count Report #4, FY 25-26"
2149,2149-01,Minnewaska Area Schools,"2025-26 (Dec 1, 2025 count)",1408,1408,283,50,3.55,17.7,not_suppressed_in_source,"MDE MFR Special Ed. Unduplicated Child Count Report #4, FY 25-26"
912,0912-01,Milaca Public School District,"2025-26 (Dec 1, 2025 count)",1929,1724,460,48,2.49,10.4,not_suppressed_in_source,"MDE MFR Special Ed. Unduplicated Child Count Report #4, FY 25-26"
309,0309-01,Park Rapids Public School District,"2025-26 (Dec 1, 2025 count)",1675,1675,366,47,2.81,12.8,not_suppressed_in_source,"MDE MFR Special Ed. Unduplicated Child Count Report #4, FY 25-26"
2859,2859-01,Glencoe-Silver Lake School District,"2025-26 (Dec 1, 2025 count)",1772,1653,373,47,2.65,12.6,not_suppressed_in_source,"MDE MFR Special Ed. Unduplicated Child Count Report #4, FY 25-26"
518,0518-01,Worthington Public School District,"2025-26 (Dec 1, 2025 count)",3803,3654,634,46,1.21,7.3,not_suppressed_in_source,"MDE MFR Special Ed. Unduplicated Child Count Report #4, FY 25-26"
832,0832-01,Mahtomedi Public Schools,"2025-26 (Dec 1, 2025 count)",2536,2340,380,46,1.81,12.1,not_suppressed_in_source,"MDE MFR Special Ed. Unduplicated Child Count Report #4, FY 25-26"
879,0879-01,Delano Public School District,"2025-26 (Dec 1, 2025 count)",2457,2376,416,46,1.87,11.1,not_suppressed_in_source,"MDE MFR Special Ed. Unduplicated Child Count Report #4, FY 25-26"
508,0508-01,St. Peter Public School District,"2025-26 (Dec 1, 2025 count)",2151,2035,469,46,2.14,9.8,not_suppressed_in_source,"MDE MFR Special Ed. Unduplicated Child Count Report #4, FY 25-26"
282,0282-01,St. Anthony-New Brighton Schools,"2025-26 (Dec 1, 2025 count)",1755,1456,222,46,2.62,20.7,not_suppressed_in_source,"MDE MFR Special Ed. Unduplicated Child Count Report #4, FY 25-26"
531,0531-01,Byron Public School District,"2025-26 (Dec 1, 2025 count)",1920,1920,281,44,2.29,15.7,not_suppressed_in_source,"MDE MFR Special Ed. Unduplicated Child Count Report #4, FY 25-26"
316,0316-01,Greenway Public School District,"2025-26 (Dec 1, 2025 count)",1208,1208,355,44,3.64,12.4,not_suppressed_in_source,"MDE MFR Special Ed. Unduplicated Child Count Report #4, FY 25-26"
332,0332-01,Mora Public School District,"2025-26 (Dec 1, 2025 count)",1611,1611,395,43,2.67,10.9,not_suppressed_in_source,"MDE MFR Special Ed. Unduplicated Child Count Report #4, FY 25-26"
413,0413-01,Marshall Public School District,"2025-26 (Dec 1, 2025 count)",2980,2575,536,42,1.41,7.8,not_suppressed_in_source,"MDE MFR Special Ed. Unduplicated Child Count Report #4, FY 25-26"
876,0876-01,Annandale Public School District,"2025-26 (Dec 1, 2025 count)",1714,1714,320,42,2.45,13.1,not_suppressed_in_source,"MDE MFR Special Ed. Unduplicated Child Count Report #4, FY 25-26"
564,0564-01,Thief River Falls School District,"2025-26 (Dec 1, 2025 count)",1974,1842,371,42,2.13,11.3,not_suppressed_in_source,"MDE MFR Special Ed. Unduplicated Child Count Report #4, FY 25-26"
829,0829-01,Waseca Public Schools,"2025-26 (Dec 1, 2025 count)",1676,1590,374,41,2.45,11.0,not_suppressed_in_source,"MDE MFR Special Ed. Unduplicated Child Count Report #4, FY 25-26"
2170,2170-01,Staples-Motley School District,"2025-26 (Dec 1, 2025 count)",1391,1349,384,40,2.88,10.4,not_suppressed_in_source,"MDE MFR Special Ed. Unduplicated Child Count Report #4, FY 25-26"
466,0466-01,Dassel-Cokato,"2025-26 (Dec 1, 2025 count)",1904,1904,296,39,2.05,13.2,not_suppressed_in_source,"MDE MFR Special Ed. Unduplicated Child Count Report #4, FY 25-26"
2155,2155-01,Wadena-Deer Creek School District,"2025-26 (Dec 1, 2025 count)",1337,1337,402,39,2.92,9.7,not_suppressed_in_source,"MDE MFR Special Ed. Unduplicated Child Count Report #4, FY 25-26"
549,0549-01,Perham-Dent Public Schools,"2025-26 (Dec 1, 2025 count)",1863,1671,328,38,2.04,11.6,not_suppressed_in_source,"MDE MFR Special Ed. Unduplicated Child Count Report #4, FY 25-26"
111,0111-01,Watertown-Mayer Public School District,"2025-26 (Dec 1, 2025 count)",2141,1679,337,38,1.77,11.3,not_suppressed_in_source,"MDE MFR Special Ed. Unduplicated Child Count Report #4, FY 25-26"
381,0381-01,Lake Superior Public School Dist.,"2025-26 (Dec 1, 2025 count)",1370,1370,340,38,2.77,11.2,not_suppressed_in_source,"MDE MFR Special Ed. Unduplicated Child Count Report #4, FY 25-26"
2164,2164-01,Dilworth-Glyndon-Felton,"2025-26 (Dec 1, 2025 count)",1276,1276,263,37,2.9,14.1,not_suppressed_in_source,"MDE MFR Special Ed. Unduplicated Child Count Report #4, FY 25-26"
204,0204-01,Kasson-Mantorville School District,"2025-26 (Dec 1, 2025 count)",2039,2039,379,36,1.77,9.5,not_suppressed_in_source,"MDE MFR Special Ed. Unduplicated Child Count Report #4, FY 25-26"
700,0700-01,Hermantown Community Schools,"2025-26 (Dec 1, 2025 count)",1899,1899,327,36,1.9,11.0,not_suppressed_in_source,"MDE MFR Special Ed. Unduplicated Child Count Report #4, FY 25-26"
578,0578-01,Pine City Public School District,"2025-26 (Dec 1, 2025 count)",1522,1522,228,36,2.37,15.8,not_suppressed_in_source,"MDE MFR Special Ed. Unduplicated Child Count Report #4, FY 25-26"
745,0745-01,Albany Public School District,"2025-26 (Dec 1, 2025 count)",1746,1643,326,35,2.0,10.7,not_suppressed_in_source,"MDE MFR Special Ed. Unduplicated Child Count Report #4, FY 25-26"
2125,2125-01,Triton School District,"2025-26 (Dec 1, 2025 count)",1120,1062,294,35,3.12,11.9,not_suppressed_in_source,"MDE MFR Special Ed. Unduplicated Child Count Report #4, FY 25-26"
23,0023-01,Frazee-Vergas Public Schools,"2025-26 (Dec 1, 2025 count)",1000,1000,251,35,3.5,13.9,not_suppressed_in_source,"MDE MFR Special Ed. Unduplicated Child Count Report #4, FY 25-26"
38,0038-01,Red Lake Public School District,"2025-26 (Dec 1, 2025 count)",1908,1856,510,34,1.78,6.7,not_suppressed_in_source,"MDE MFR Special Ed. Unduplicated Child Count Report #4, FY 25-26"
2180,2180-01,Maccray School District,"2025-26 (Dec 1, 2025 count)",701,701,191,34,4.85,17.8,not_suppressed_in_source,"MDE MFR Special Ed. Unduplicated Child Count Report #4, FY 25-26"
883,0883-01,Rockford Public School District,"2025-26 (Dec 1, 2025 count)",1556,1556,235,33,2.12,14.0,not_suppressed_in_source,"MDE MFR Special Ed. Unduplicated Child Count Report #4, FY 25-26"
2769,2769-01,Morris Area Public Schools,"2025-26 (Dec 1, 2025 count)",1208,1133,214,33,2.73,15.4,not_suppressed_in_source,"MDE MFR Special Ed. Unduplicated Child Count Report #4, FY 25-26"
361,0361-01,International Falls School District,"2025-26 (Dec 1, 2025 count)",1075,1047,216,33,3.07,15.3,not_suppressed_in_source,"MDE MFR Special Ed. Unduplicated Child Count Report #4, FY 25-26"
2835,2835-01,Janesville-Waldorf-Pemberton,"2025-26 (Dec 1, 2025 count)",850,746,159,33,3.88,20.8,not_suppressed_in_source,"MDE MFR Special Ed. Unduplicated Child Count Report #4, FY 25-26"
186,0186-01,Pequot Lakes Public Schools,"2025-26 (Dec 1, 2025 count)",1411,1411,245,32,2.27,13.1,not_suppressed_in_source,"MDE MFR Special Ed. Unduplicated Child Count Report #4, FY 25-26"
2687,2687-01,Howard Lake-Waverly-Winsted,"2025-26 (Dec 1, 2025 count)",1557,1370,282,32,2.06,11.3,not_suppressed_in_source,"MDE MFR Special Ed. Unduplicated Child Count Report #4, FY 25-26"
113,0113-01,Walker-Hackensack-Akeley School District,"2025-26 (Dec 1, 2025 count)",798,753,239,32,4.01,13.4,not_suppressed_in_source,"MDE MFR Special Ed. Unduplicated Child Count Report #4, FY 25-26"
750,0750-01,Rocori Public School District,"2025-26 (Dec 1, 2025 count)",2025,1742,330,31,1.53,9.4,not_suppressed_in_source,"MDE MFR Special Ed. Unduplicated Child Count Report #4, FY 25-26"
286,0286-01,Brooklyn Center,"2025-26 (Dec 1, 2025 count)",1328,1328,285,31,2.33,10.9,not_suppressed_in_source,"MDE MFR Special Ed. Unduplicated Child Count Report #4, FY 25-26"
682,0682-01,Roseau Public School District,"2025-26 (Dec 1, 2025 count)",1081,1081,198,31,2.87,15.7,not_suppressed_in_source,"MDE MFR Special Ed. Unduplicated Child Count Report #4, FY 25-26"
2895,2895-01,Jackson County Central School Dist.,"2025-26 (Dec 1, 2025 count)",1153,1057,283,31,2.69,11.0,not_suppressed_in_source,"MDE MFR Special Ed. Unduplicated Child Count Report #4, FY 25-26"
2165,2165-01,Hinckley-Finlayson School District,"2025-26 (Dec 1, 2025 count)",925,925,218,31,3.35,14.2,not_suppressed_in_source,"MDE MFR Special Ed. Unduplicated Child Count Report #4, FY 25-26"
2135,2135-01,Maple River School District,"2025-26 (Dec 1, 2025 count)",921,921,227,31,3.37,13.7,not_suppressed_in_source,"MDE MFR Special Ed. Unduplicated Child Count Report #4, FY 25-26"
2396,2396-01,A.C.G.C. Public School District,"2025-26 (Dec 1, 2025 count)",831,831,220,31,3.73,14.1,not_suppressed_in_source,"MDE MFR Special Ed. Unduplicated Child Count Report #4, FY 25-26"
2190,2190-01,Yellow Medicine East,"2025-26 (Dec 1, 2025 count)",914,914,228,31,3.39,13.6,not_suppressed_in_source,"MDE MFR Special Ed. Unduplicated Child Count Report #4, FY 25-26"
846,0846-01,Breckenridge Public School District,"2025-26 (Dec 1, 2025 count)",773,621,184,31,4.01,16.8,not_suppressed_in_source,"MDE MFR Special Ed. Unduplicated Child Count Report #4, FY 25-26"
182,0182-01,Crosby-Ironton School District,"2025-26 (Dec 1, 2025 count)",1042,1042,265,30,2.88,11.3,not_suppressed_in_source,"MDE MFR Special Ed. Unduplicated Child Count Report #4, FY 25-26"
2753,2753-01,Long Prairie-Grey Eagle School Dist,"2025-26 (Dec 1, 2025 count)",1522,1423,336,30,1.97,8.9,not_suppressed_in_source,"MDE MFR Special Ed. Unduplicated Child Count Report #4, FY 25-26"
777,0777-01,Benson Public School District,"2025-26 (Dec 1, 2025 count)",827,827,188,30,3.63,16.0,not_suppressed_in_source,"MDE MFR Special Ed. Unduplicated Child Count Report #4, FY 25-26"
14,0014-01,Fridley Public School District,"2025-26 (Dec 1, 2025 count)",3506,2333,472,29,0.83,6.1,not_suppressed_in_source,"MDE MFR Special Ed. Unduplicated Child Count Report #4, FY 25-26"
129,0129-01,Montevideo Public Schools,"2025-26 (Dec 1, 2025 count)",1346,1346,242,29,2.15,12.0,not_suppressed_in_source,"MDE MFR Special Ed. Unduplicated Child Count Report #4, FY 25-26"
162,0162-01,Bagley Public School District,"2025-26 (Dec 1, 2025 count)",863,810,205,29,3.36,14.1,not_suppressed_in_source,"MDE MFR Special Ed. Unduplicated Child Count Report #4, FY 25-26"
741,0741-01,Paynesville Area Schools,"2025-26 (Dec 1, 2025 count)",958,922,201,29,3.03,14.4,not_suppressed_in_source,"MDE MFR Special Ed. Unduplicated Child Count Report #4, FY 25-26"
300,0300-01,La Crescent-Hokah School District,"2025-26 (Dec 1, 2025 count)",1020,886,182,28,2.75,15.4,not_suppressed_in_source,"MDE MFR Special Ed. Unduplicated Child Count Report #4, FY 25-26"
2342,2342-01,West Central Area,"2025-26 (Dec 1, 2025 count)",772,772,181,28,3.63,15.5,not_suppressed_in_source,"MDE MFR Special Ed. Unduplicated Child Count Report #4, FY 25-26"
695,0695-01,Chisholm Public School District,"2025-26 (Dec 1, 2025 count)",701,701,184,28,3.99,15.2,not_suppressed_in_source,"MDE MFR Special Ed. Unduplicated Child Count Report #4, FY 25-26"
484,0484-01,Pierz Public School District,"2025-26 (Dec 1, 2025 count)",991,854,170,27,2.72,15.9,not_suppressed_in_source,"MDE MFR Special Ed. Unduplicated Child Count Report #4, FY 25-26"
2071,2071-01,Lake Crystal-Wellcome Memorial,"2025-26 (Dec 1, 2025 count)",986,986,202,27,2.74,13.4,not_suppressed_in_source,"MDE MFR Special Ed. Unduplicated Child Count Report #4, FY 25-26"
2853,2853-01,Lac Qui Parle Valley Schools,"2025-26 (Dec 1, 2025 count)",966,966,204,27,2.8,13.2,not_suppressed_in_source,"MDE MFR Special Ed. Unduplicated Child Count Report #4, FY 25-26"
2176,2176-01,Warren-Alvarado-Oslo School Dist.,"2025-26 (Dec 1, 2025 count)",640,640,114,27,4.22,23.7,not_suppressed_in_source,"MDE MFR Special Ed. Unduplicated Child Count Report #4, FY 25-26"
255,0255-01,Pine Island Public School District,"2025-26 (Dec 1, 2025 count)",1405,1405,250,26,1.85,10.4,not_suppressed_in_source,"MDE MFR Special Ed. Unduplicated Child Count Report #4, FY 25-26"
99,0099-01,Esko Public School District,"2025-26 (Dec 1, 2025 count)",1054,1054,180,26,2.47,14.4,not_suppressed_in_source,"MDE MFR Special Ed. Unduplicated Child Count Report #4, FY 25-26"
2805,2805-01,Zumbrota-Mazeppa School District,"2025-26 (Dec 1, 2025 count)",1278,1227,236,26,2.03,11.0,not_suppressed_in_source,"MDE MFR Special Ed. Unduplicated Child Count Report #4, FY 25-26"
593,0593-01,Crookston Public School District,"2025-26 (Dec 1, 2025 count)",1372,1278,345,26,1.9,7.5,not_suppressed_in_source,"MDE MFR Special Ed. Unduplicated Child Count Report #4, FY 25-26"
252,0252-01,Cannon Falls Public School District,"2025-26 (Dec 1, 2025 count)",1163,1163,266,26,2.24,9.8,not_suppressed_in_source,"MDE MFR Special Ed. Unduplicated Child Count Report #4, FY 25-26"
139,0139-01,Rush City Public School District,"2025-26 (Dec 1, 2025 count)",843,843,192,26,3.08,13.5,not_suppressed_in_source,"MDE MFR Special Ed. Unduplicated Child Count Report #4, FY 25-26"
480,0480-01,Onamia Public School District,"2025-26 (Dec 1, 2025 count)",726,726,218,26,3.58,11.9,not_suppressed_in_source,"MDE MFR Special Ed. Unduplicated Child Count Report #4, FY 25-26"
2899,2899-01,Plainview-Elgin-Millville Community Schools,"2025-26 (Dec 1, 2025 count)",1397,1347,231,25,1.79,10.8,not_suppressed_in_source,"MDE MFR Special Ed. Unduplicated Child Count Report #4, FY 25-26"
821,0821-01,Menahga Public School District,"2025-26 (Dec 1, 2025 count)",887,887,136,25,2.82,18.4,not_suppressed_in_source,"MDE MFR Special Ed. Unduplicated Child Count Report #4, FY 25-26"
2365,2365-01,Gfw Public Schools,"2025-26 (Dec 1, 2025 count)",873,780,193,25,2.86,13.0,not_suppressed_in_source,"MDE MFR Special Ed. Unduplicated Child Count Report #4, FY 25-26"
166,0166-01,Cook County Public Schools,"2025-26 (Dec 1, 2025 count)",446,446,135,25,5.61,18.5,not_suppressed_in_source,"MDE MFR Special Ed. Unduplicated Child Count Report #4, FY 25-26"
345,0345-01,New London-Spicer School District,"2025-26 (Dec 1, 2025 count)",1291,1291,233,24,1.86,10.3,not_suppressed_in_source,"MDE MFR Special Ed. Unduplicated Child Count Report #4, FY 25-26"
2310,2310-01,Sibley East School District,"2025-26 (Dec 1, 2025 count)",1248,1143,247,24,1.92,9.7,not_suppressed_in_source,"MDE MFR Special Ed. Unduplicated Child Count Report #4, FY 25-26"
1,0001-01,Aitkin Public School District,"2025-26 (Dec 1, 2025 count)",934,934,209,24,2.57,11.5,not_suppressed_in_source,"MDE MFR Special Ed. Unduplicated Child Count Report #4, FY 25-26"
108,0108-01,Central Public School District,"2025-26 (Dec 1, 2025 count)",1212,1041,232,24,1.98,10.3,not_suppressed_in_source,"MDE MFR Special Ed. Unduplicated Child Count Report #4, FY 25-26"
463,0463-01,Eden Valley-Watkins School District,"2025-26 (Dec 1, 2025 count)",741,741,178,24,3.24,13.5,not_suppressed_in_source,"MDE MFR Special Ed. Unduplicated Child Count Report #4, FY 25-26"
227,0227-01,Chatfield Public Schools,"2025-26 (Dec 1, 2025 count)",889,889,130,24,2.7,18.5,not_suppressed_in_source,"MDE MFR Special Ed. Unduplicated Child Count Report #4, FY 25-26"
553,0553-01,New York Mills Public School Dist.,"2025-26 (Dec 1, 2025 count)",694,682,166,24,3.46,14.5,not_suppressed_in_source,"MDE MFR Special Ed. Unduplicated Child Count Report #4, FY 25-26"
2143,2143-01,Waterville-Elysian-Morristown,"2025-26 (Dec 1, 2025 count)",837,837,161,24,2.87,14.9,not_suppressed_in_source,"MDE MFR Special Ed. Unduplicated Child Count Report #4, FY 25-26"
716,0716-01,Belle Plaine Public Schools,"2025-26 (Dec 1, 2025 count)",1733,1639,391,23,1.33,5.9,not_suppressed_in_source,"MDE MFR Special Ed. Unduplicated Child Count Report #4, FY 25-26"
813,0813-01,Lake City Public School District,"2025-26 (Dec 1, 2025 count)",1239,1167,179,23,1.86,12.8,not_suppressed_in_source,"MDE MFR Special Ed. Unduplicated Child Count Report #4, FY 25-26"
2711,2711-01,Mesabi East,"2025-26 (Dec 1, 2025 count)",771,771,164,23,2.98,14.0,not_suppressed_in_source,"MDE MFR Special Ed. Unduplicated Child Count Report #4, FY 25-26"
51,0051-01,Foley Public School District,"2025-26 (Dec 1, 2025 count)",1683,1603,309,22,1.31,7.1,not_suppressed_in_source,"MDE MFR Special Ed. Unduplicated Child Count Report #4, FY 25-26"
2184,2184-01,Luverne Public School District,"2025-26 (Dec 1, 2025 count)",1113,1113,218,22,1.98,10.1,not_suppressed_in_source,"MDE MFR Special Ed. Unduplicated Child Count Report #4, FY 25-26"
85,0085-01,Springfield Public School District,"2025-26 (Dec 1, 2025 count)",559,521,111,22,3.94,19.8,not_suppressed_in_source,"MDE MFR Special Ed. Unduplicated Child Count Report #4, FY 25-26"
2908,2908-01,Brandon-Evansville Public Schools,"2025-26 (Dec 1, 2025 count)",621,621,141,22,3.54,15.6,not_suppressed_in_source,"MDE MFR Special Ed. Unduplicated Child Count Report #4, FY 25-26"
2159,2159-01,Buffalo Lake-Hector-Stewart,"2025-26 (Dec 1, 2025 count)",519,519,127,22,4.24,17.3,not_suppressed_in_source,"MDE MFR Special Ed. Unduplicated Child Count Report #4, FY 25-26"
533,0533-01,Dover-Eyota Public School District,"2025-26 (Dec 1, 2025 count)",738,738,116,21,2.85,18.1,not_suppressed_in_source,"MDE MFR Special Ed. Unduplicated Child Count Report #4, FY 25-26"
840,0840-01,St. James Public School District,"2025-26 (Dec 1, 2025 count)",1225,1177,250,20,1.63,8.0,not_suppressed_in_source,"MDE MFR Special Ed. Unduplicated Child Count Report #4, FY 25-26"
2897,2897-01,Redwood Area School District,"2025-26 (Dec 1, 2025 count)",1396,1236,364,20,1.43,5.5,not_suppressed_in_source,"MDE MFR Special Ed. Unduplicated Child Count Report #4, FY 25-26"
743,0743-01,Sauk Centre Public School District,"2025-26 (Dec 1, 2025 count)",1378,1138,275,20,1.45,7.3,not_suppressed_in_source,"MDE MFR Special Ed. Unduplicated Child Count Report #4, FY 25-26"
2397,2397-01,Le Sueur-Henderson School District,"2025-26 (Dec 1, 2025 count)",1125,1024,213,20,1.78,9.4,not_suppressed_in_source,"MDE MFR Special Ed. Unduplicated Child Count Report #4, FY 25-26"
2134,2134-01,United South Central Schools,"2025-26 (Dec 1, 2025 count)",914,914,179,20,2.19,11.2,not_suppressed_in_source,"MDE MFR Special Ed. Unduplicated Child Count Report #4, FY 25-26"
881,0881-01,Maple Lake Public School District,"2025-26 (Dec 1, 2025 count)",860,744,187,20,2.33,10.7,not_suppressed_in_source,"MDE MFR Special Ed. Unduplicated Child Count Report #4, FY 25-26"
2890,2890-01,Renville County West Schools,"2025-26 (Dec 1, 2025 count)",621,621,133,20,3.22,15.0,not_suppressed_in_source,"MDE MFR Special Ed. Unduplicated Child Count Report #4, FY 25-26"
2754,2754-01,Cedar Mountain School District,"2025-26 (Dec 1, 2025 count)",325,325,83,20,6.15,24.1,not_suppressed_in_source,"MDE MFR Special Ed. Unduplicated Child Count Report #4, FY 25-26"
740,0740-01,Melrose Public School District,"2025-26 (Dec 1, 2025 count)",1621,1347,290,19,1.17,6.6,not_suppressed_in_source,"MDE MFR Special Ed. Unduplicated Child Count Report #4, FY 25-26"
2174,2174-01,Pine River-Backus School District,"2025-26 (Dec 1, 2025 count)",913,913,235,19,2.08,8.1,not_suppressed_in_source,"MDE MFR Special Ed. Unduplicated Child Count Report #4, FY 25-26"
2580,2580-01,East Central School District,"2025-26 (Dec 1, 2025 count)",800,745,155,19,2.38,12.3,not_suppressed_in_source,"MDE MFR Special Ed. Unduplicated Child Count Report #4, FY 25-26"
739,0739-01,Kimball Public School District,"2025-26 (Dec 1, 2025 count)",738,738,162,19,2.57,11.7,not_suppressed_in_source,"MDE MFR Special Ed. Unduplicated Child Count Report #4, FY 25-26"
2169,2169-01,Murray County Central Schools,"2025-26 (Dec 1, 2025 count)",721,721,156,19,2.64,12.2,not_suppressed_in_source,"MDE MFR Special Ed. Unduplicated Child Count Report #4, FY 25-26"
2889,2889-01,Lake Park Audubon School District,"2025-26 (Dec 1, 2025 count)",719,719,151,19,2.64,12.6,not_suppressed_in_source,"MDE MFR Special Ed. Unduplicated Child Count Report #4, FY 25-26"
787,0787-01,Browerville Public School District,"2025-26 (Dec 1, 2025 count)",598,567,143,19,3.18,13.3,not_suppressed_in_source,"MDE MFR Special Ed. Unduplicated Child Count Report #4, FY 25-26"
173,0173-01,Mountain Lake Public Schools,"2025-26 (Dec 1, 2025 count)",627,459,140,19,3.03,13.6,not_suppressed_in_source,"MDE MFR Special Ed. Unduplicated Child Count Report #4, FY 25-26"
2888,2888-01,Clinton-Graceville-Beardsley,"2025-26 (Dec 1, 2025 count)",381,381,95,19,4.99,20.0,not_suppressed_in_source,"MDE MFR Special Ed. Unduplicated Child Count Report #4, FY 25-26"
177,0177-01,Windom Public School District,"2025-26 (Dec 1, 2025 count)",1205,1205,297,18,1.49,6.1,not_suppressed_in_source,"MDE MFR Special Ed. Unduplicated Child Count Report #4, FY 25-26"
2689,2689-01,Pipestone Area School District,"2025-26 (Dec 1, 2025 count)",1292,1292,263,18,1.39,6.8,not_suppressed_in_source,"MDE MFR Special Ed. Unduplicated Child Count Report #4, FY 25-26"
690,0690-01,Warroad,"2025-26 (Dec 1, 2025 count)",1009,1009,219,18,1.78,8.2,not_suppressed_in_source,"MDE MFR Special Ed. Unduplicated Child Count Report #4, FY 25-26"
317,0317-01,Deer River Public School District,"2025-26 (Dec 1, 2025 count)",786,786,229,18,2.29,7.9,not_suppressed_in_source,"MDE MFR Special Ed. Unduplicated Child Count Report #4, FY 25-26"
32,0032-01,Blackduck Public School,"2025-26 (Dec 1, 2025 count)",559,559,134,18,3.22,13.4,not_suppressed_in_source,"MDE MFR Special Ed. Unduplicated Child Count Report #4, FY 25-26"
299,0299-01,Caledonia Public School District,"2025-26 (Dec 1, 2025 count)",955,778,145,18,1.88,12.4,not_suppressed_in_source,"MDE MFR Special Ed. Unduplicated Child Count Report #4, FY 25-26"
239,0239-01,Rushford-Peterson Public Schools,"2025-26 (Dec 1, 2025 count)",588,588,81,18,3.06,22.2,not_suppressed_in_source,"MDE MFR Special Ed. Unduplicated Child Count Report #4, FY 25-26"
756,0756-01,Blooming Prairie Public Schools,"2025-26 (Dec 1, 2025 count)",696,696,148,17,2.44,11.5,not_suppressed_in_source,"MDE MFR Special Ed. Unduplicated Child Count Report #4, FY 25-26"
2168,2168-01,Nrheg School District,"2025-26 (Dec 1, 2025 count)",743,743,122,17,2.29,13.9,not_suppressed_in_source,"MDE MFR Special Ed. Unduplicated Child Count Report #4, FY 25-26"
314,0314-01,Braham Public School District,"2025-26 (Dec 1, 2025 count)",954,934,185,17,1.78,9.2,not_suppressed_in_source,"MDE MFR Special Ed. Unduplicated Child Count Report #4, FY 25-26"
414,0414-01,Minneota Public School District,"2025-26 (Dec 1, 2025 count)",451,405,95,17,3.77,17.9,not_suppressed_in_source,"MDE MFR Special Ed. Unduplicated Child Count Report #4, FY 25-26"
2903,2903-01,Ortonville Public Schools,"2025-26 (Dec 1, 2025 count)",525,525,124,17,3.24,13.7,not_suppressed_in_source,"MDE MFR Special Ed. Unduplicated Child Count Report #4, FY 25-26"
150,0150-01,Hawley Public School District,"2025-26 (Dec 1, 2025 count)",989,989,161,16,1.62,9.9,not_suppressed_in_source,"MDE MFR Special Ed. Unduplicated Child Count Report #4, FY 25-26"
146,0146-01,Barnesville Public School Dist.,"2025-26 (Dec 1, 2025 count)",866,866,123,16,1.85,13.0,not_suppressed_in_source,"MDE MFR Special Ed. Unduplicated Child Count Report #4, FY 25-26"
2172,2172-01,Kenyon-Wanamingo School District,"2025-26 (Dec 1, 2025 count)",745,745,162,16,2.15,9.9,not_suppressed_in_source,"MDE MFR Special Ed. Unduplicated Child Count Report #4, FY 25-26"
203,0203-01,Hayfield Public School District,"2025-26 (Dec 1, 2025 count)",793,780,146,16,2.02,11.0,not_suppressed_in_source,"MDE MFR Special Ed. Unduplicated Child Count Report #4, FY 25-26"
2534,2534-01,Bird Island-Olivia-Lake Lillian,"2025-26 (Dec 1, 2025 count)",737,628,138,16,2.17,11.6,not_suppressed_in_source,"MDE MFR Special Ed. Unduplicated Child Count Report #4, FY 25-26"
2198,2198-01,Fillmore Central,"2025-26 (Dec 1, 2025 count)",617,617,125,16,2.59,12.8,not_suppressed_in_source,"MDE MFR Special Ed. Unduplicated Child Count Report #4, FY 25-26"
424,0424-01,Lester Prairie Public Schools,"2025-26 (Dec 1, 2025 count)",500,500,101,16,3.2,15.8,not_suppressed_in_source,"MDE MFR Special Ed. Unduplicated Child Count Report #4, FY 25-26"
93,0093-01,Carlton Public School District,"2025-26 (Dec 1, 2025 count)",591,591,141,16,2.71,11.3,not_suppressed_in_source,"MDE MFR Special Ed. Unduplicated Child Count Report #4, FY 25-26"
2683,2683-01,Greenbush Middle River Schools,"2025-26 (Dec 1, 2025 count)",359,359,80,16,4.46,20.0,not_suppressed_in_source,"MDE MFR Special Ed. Unduplicated Child Count Report #4, FY 25-26"
294,0294-01,Houston Public School District,"2025-26 (Dec 1, 2025 count)",427,427,101,15,3.51,14.9,not_suppressed_in_source,"MDE MFR Special Ed. Unduplicated Child Count Report #4, FY 25-26"
2448,2448-01,Martin County West School District,"2025-26 (Dec 1, 2025 count)",645,645,132,15,2.33,11.4,not_suppressed_in_source,"MDE MFR Special Ed. Unduplicated Child Count Report #4, FY 25-26"
378,0378-01,Dawson-Boyd Public School District,"2025-26 (Dec 1, 2025 count)",462,462,93,15,3.25,16.1,not_suppressed_in_source,"MDE MFR Special Ed. Unduplicated Child Count Report #4, FY 25-26"
2137,2137-01,Kingsland,"2025-26 (Dec 1, 2025 count)",666,646,137,15,2.25,10.9,not_suppressed_in_source,"MDE MFR Special Ed. Unduplicated Child Count Report #4, FY 25-26"
545,0545-01,Henning Public School District,"2025-26 (Dec 1, 2025 count)",410,410,96,15,3.66,15.6,not_suppressed_in_source,"MDE MFR Special Ed. Unduplicated Child Count Report #4, FY 25-26"
2752,2752-01,Fairmont Area School District,"2025-26 (Dec 1, 2025 count)",1974,1691,319,14,0.71,4.4,not_suppressed_in_source,"MDE MFR Special Ed. Unduplicated Child Count Report #4, FY 25-26"
115,0115-01,Cass Lake-Bena Public Schools,"2025-26 (Dec 1, 2025 count)",1076,1076,313,14,1.3,4.5,not_suppressed_in_source,"MDE MFR Special Ed. Unduplicated Child Count Report #4, FY 25-26"
858,0858-01,St. Charles Public School District,"2025-26 (Dec 1, 2025 count)",967,967,156,14,1.45,9.0,not_suppressed_in_source,"MDE MFR Special Ed. Unduplicated Child Count Report #4, FY 25-26"
763,0763-01,Medford Public School District,"2025-26 (Dec 1, 2025 count)",525,525,95,14,2.67,14.7,not_suppressed_in_source,"MDE MFR Special Ed. Unduplicated Child Count Report #4, FY 25-26"
195,0195-01,Randolph Public School District,"2025-26 (Dec 1, 2025 count)",440,440,67,14,3.18,20.9,not_suppressed_in_source,"MDE MFR Special Ed. Unduplicated Child Count Report #4, FY 25-26"
435,0435-01,Waubun-Ogema-White Earth Schools,"2025-26 (Dec 1, 2025 count)",619,619,138,14,2.26,10.1,not_suppressed_in_source,"MDE MFR Special Ed. Unduplicated Child Count Report #4, FY 25-26"
84,0084-01,Sleepy Eye Public School District,"2025-26 (Dec 1, 2025 count)",827,558,153,14,1.69,9.2,not_suppressed_in_source,"MDE MFR Special Ed. Unduplicated Child Count Report #4, FY 25-26"
97,0097-01,Moose Lake Public School District,"2025-26 (Dec 1, 2025 count)",583,583,136,14,2.4,10.3,not_suppressed_in_source,"MDE MFR Special Ed. Unduplicated Child Count Report #4, FY 25-26"
4,0004-01,Mcgregor Public School District,"2025-26 (Dec 1, 2025 count)",497,456,135,14,2.82,10.4,not_suppressed_in_source,"MDE MFR Special Ed. Unduplicated Child Count Report #4, FY 25-26"
803,0803-01,Wheaton Area Public School District,"2025-26 (Dec 1, 2025 count)",290,290,68,14,4.83,20.6,not_suppressed_in_source,"MDE MFR Special Ed. Unduplicated Child Count Report #4, FY 25-26"
2860,2860-01,Blue Earth Area School District,"2025-26 (Dec 1, 2025 count)",1151,1098,213,13,1.13,6.1,not_suppressed_in_source,"MDE MFR Special Ed. Unduplicated Child Count Report #4, FY 25-26"
811,0811-01,Wabasha-Kellogg School District,"2025-26 (Dec 1, 2025 count)",559,488,106,13,2.33,12.3,not_suppressed_in_source,"MDE MFR Special Ed. Unduplicated Child Count Report #4, FY 25-26"
2904,2904-01,Tracy Area Public School District,"2025-26 (Dec 1, 2025 count)",777,738,154,13,1.67,8.4,not_suppressed_in_source,"MDE MFR Special Ed. Unduplicated Child Count Report #4, FY 25-26"
432,0432-01,Mahnomen Public School District,"2025-26 (Dec 1, 2025 count)",770,741,212,13,1.69,6.1,not_suppressed_in_source,"MDE MFR Special Ed. Unduplicated Child Count Report #4, FY 25-26"
712,0712-01,Mountain Iron-Buhl School District,"2025-26 (Dec 1, 2025 count)",592,592,119,13,2.2,10.9,not_suppressed_in_source,"MDE MFR Special Ed. Unduplicated Child Count Report #4, FY 25-26"
319,0319-01,Nashwauk-Keewatin School District,"2025-26 (Dec 1, 2025 count)",516,516,142,13,2.52,9.2,not_suppressed_in_source,"MDE MFR Special Ed. Unduplicated Child Count Report #4, FY 25-26"
786,0786-01,Bertha-Hewitt Public School District,"2025-26 (Dec 1, 2025 count)",500,500,122,13,2.6,10.7,not_suppressed_in_source,"MDE MFR Special Ed. Unduplicated Child Count Report #4, FY 25-26"
333,0333-01,Ogilvie Public School District,"2025-26 (Dec 1, 2025 count)",492,492,121,13,2.64,10.7,not_suppressed_in_source,"MDE MFR Special Ed. Unduplicated Child Count Report #4, FY 25-26"
2884,2884-01,Red Rock Central School District,"2025-26 (Dec 1, 2025 count)",482,482,93,13,2.7,14.0,not_suppressed_in_source,"MDE MFR Special Ed. Unduplicated Child Count Report #4, FY 25-26"
630,0630-01,Red Lake Falls Public School Dist.,"2025-26 (Dec 1, 2025 count)",366,366,56,13,3.55,23.2,not_suppressed_in_source,"MDE MFR Special Ed. Unduplicated Child Count Report #4, FY 25-26"
775,0775-01,Kerkhoven-Murdock-Sunburg,"2025-26 (Dec 1, 2025 count)",476,476,97,12,2.52,12.4,not_suppressed_in_source,"MDE MFR Special Ed. Unduplicated Child Count Report #4, FY 25-26"
2167,2167-01,Lakeview School District,"2025-26 (Dec 1, 2025 count)",470,470,86,12,2.55,14.0,not_suppressed_in_source,"MDE MFR Special Ed. Unduplicated Child Count Report #4, FY 25-26"
91,0091-01,Barnum Public School District,"2025-26 (Dec 1, 2025 count)",606,606,139,12,1.98,8.6,not_suppressed_in_source,"MDE MFR Special Ed. Unduplicated Child Count Report #4, FY 25-26"
891,0891-01,Canby Public School District,"2025-26 (Dec 1, 2025 count)",574,539,74,12,2.09,16.2,not_suppressed_in_source,"MDE MFR Special Ed. Unduplicated Child Count Report #4, FY 25-26"
2898,2898-01,Westbrook-Walnut Grove Schools,"2025-26 (Dec 1, 2025 count)",488,488,109,12,2.46,11.0,not_suppressed_in_source,"MDE MFR Special Ed. Unduplicated Child Count Report #4, FY 25-26"
2311,2311-01,Clearbrook-Gonvick School District,"2025-26 (Dec 1, 2025 count)",404,404,77,12,2.97,15.6,not_suppressed_in_source,"MDE MFR Special Ed. Unduplicated Child Count Report #4, FY 25-26"
548,0548-01,Pelican Rapids Public Schools,"2025-26 (Dec 1, 2025 count)",1011,1011,155,11,1.09,7.1,not_suppressed_in_source,"MDE MFR Special Ed. Unduplicated Child Count Report #4, FY 25-26"
75,0075-01,St. Clair Public School District,"2025-26 (Dec 1, 2025 count)",393,393,57,11,2.8,19.3,not_suppressed_in_source,"MDE MFR Special Ed. Unduplicated Child Count Report #4, FY 25-26"
253,0253-01,Goodhue Public School District,"2025-26 (Dec 1, 2025 count)",632,591,81,11,1.74,13.6,not_suppressed_in_source,"MDE MFR Special Ed. Unduplicated Child Count Report #4, FY 25-26"
547,0547-01,Parkers Prairie Public Schools,"2025-26 (Dec 1, 2025 count)",440,440,91,11,2.5,12.1,not_suppressed_in_source,"MDE MFR Special Ed. Unduplicated Child Count Report #4, FY 25-26"
820,0820-01,Sebeka Public School District,"2025-26 (Dec 1, 2025 count)",436,436,109,11,2.52,10.1,not_suppressed_in_source,"MDE MFR Special Ed. Unduplicated Child Count Report #4, FY 25-26"
441,0441-01,Marshall County Central Schools,"2025-26 (Dec 1, 2025 count)",321,321,46,11,3.43,23.9,not_suppressed_in_source,"MDE MFR Special Ed. Unduplicated Child Count Report #4, FY 25-26"
390,0390-01,Lake Of The Woods School District,"2025-26 (Dec 1, 2025 count)",428,428,83,11,2.57,13.3,not_suppressed_in_source,"MDE MFR Special Ed. Unduplicated Child Count Report #4, FY 25-26"
473,0473-01,Isle Public School District,"2025-26 (Dec 1, 2025 count)",342,342,74,11,3.22,14.9,not_suppressed_in_source,"MDE MFR Special Ed. Unduplicated Child Count Report #4, FY 25-26"
116,0116-01,Pillager Public School District,"2025-26 (Dec 1, 2025 count)",876,876,147,10,1.14,6.8,not_suppressed_in_source,"MDE MFR Special Ed. Unduplicated Child Count Report #4, FY 25-26"
738,0738-01,Holdingford Public School District,"2025-26 (Dec 1, 2025 count)",804,799,106,10,1.24,9.4,not_suppressed_in_source,"MDE MFR Special Ed. Unduplicated Child Count Report #4, FY 25-26"
837,0837-01,Madelia Public School District,"2025-26 (Dec 1, 2025 count)",679,625,114,10,1.47,8.8,not_suppressed_in_source,"MDE MFR Special Ed. Unduplicated Child Count Report #4, FY 25-26"
308,0308-01,Nevis Public School District,"2025-26 (Dec 1, 2025 count)",382,382,83,10,2.62,12.0,not_suppressed_in_source,"MDE MFR Special Ed. Unduplicated Child Count Report #4, FY 25-26"
511,0511-01,Adrian Public School District,"2025-26 (Dec 1, 2025 count)",455,455,81,10,2.2,12.3,not_suppressed_in_source,"MDE MFR Special Ed. Unduplicated Child Count Report #4, FY 25-26"
500,0500-01,Southland Public School District,"2025-26 (Dec 1, 2025 count)",565,473,122,10,1.77,8.2,not_suppressed_in_source,"MDE MFR Special Ed. Unduplicated Child Count Report #4, FY 25-26"
599,0599-01,Fertile-Beltrami School District,"2025-26 (Dec 1, 2025 count)",404,404,63,10,2.48,15.9,not_suppressed_in_source,"MDE MFR Special Ed. Unduplicated Child Count Report #4, FY 25-26"
507,0507-01,Nicollet Public School District,"2025-26 (Dec 1, 2025 count)",379,297,59,10,2.64,16.9,not_suppressed_in_source,"MDE MFR Special Ed. Unduplicated Child Count Report #4, FY 25-26"
213,0213-01,Osakis Public School District,"2025-26 (Dec 1, 2025 count)",578,578,99,9,1.56,9.1,small_count_1_to_9,"MDE MFR Special Ed. Unduplicated Child Count Report #4, FY 25-26"
2902,2902-01,Rtr Public Schools,"2025-26 (Dec 1, 2025 count)",539,539,90,9,1.67,10.0,small_count_1_to_9,"MDE MFR Special Ed. Unduplicated Child Count Report #4, FY 25-26"
818,0818-01,Verndale Public School District,"2025-26 (Dec 1, 2025 count)",354,295,70,9,2.54,12.9,small_count_1_to_9,"MDE MFR Special Ed. Unduplicated Child Count Report #4, FY 25-26"
577,0577-01,Willow River Public School District,"2025-26 (Dec 1, 2025 count)",403,403,86,9,2.23,10.5,small_count_1_to_9,"MDE MFR Special Ed. Unduplicated Child Count Report #4, FY 25-26"
2906,2906-01,Red Lake County Central Public Sch,"2025-26 (Dec 1, 2025 count)",330,330,67,9,2.73,13.4,small_count_1_to_9,"MDE MFR Special Ed. Unduplicated Child Count Report #4, FY 25-26"
261,0261-01,Ashby Public School District,"2025-26 (Dec 1, 2025 count)",236,236,48,9,3.81,18.8,small_count_1_to_9,"MDE MFR Special Ed. Unduplicated Child Count Report #4, FY 25-26"
485,0485-01,Royalton Public School District,"2025-26 (Dec 1, 2025 count)",701,701,130,8,1.14,6.2,small_count_1_to_9,"MDE MFR Special Ed. Unduplicated Child Count Report #4, FY 25-26"
2910,2910-01,Ada-Borup-West Public Schools,"2025-26 (Dec 1, 2025 count)",583,583,117,8,1.37,6.8,small_count_1_to_9,"MDE MFR Special Ed. Unduplicated Child Count Report #4, FY 25-26"
696,0696-01,Ely Public School District,"2025-26 (Dec 1, 2025 count)",434,434,80,8,1.84,10.0,small_count_1_to_9,"MDE MFR Special Ed. Unduplicated Child Count Report #4, FY 25-26"
542,0542-01,Battle Lake Public School District,"2025-26 (Dec 1, 2025 count)",415,415,73,8,1.93,11.0,small_count_1_to_9,"MDE MFR Special Ed. Unduplicated Child Count Report #4, FY 25-26"
505,0505-01,Fulda Public School District,"2025-26 (Dec 1, 2025 count)",384,384,97,8,2.08,8.2,small_count_1_to_9,"MDE MFR Special Ed. Unduplicated Child Count Report #4, FY 25-26"
671,0671-01,Hills-Beaver Creek School District,"2025-26 (Dec 1, 2025 count)",375,358,56,8,2.13,14.3,small_count_1_to_9,"MDE MFR Special Ed. Unduplicated Child Count Report #4, FY 25-26"
118,0118-01,Northland Community Schools,"2025-26 (Dec 1, 2025 count)",401,394,162,8,2.0,4.9,small_count_1_to_9,"MDE MFR Special Ed. Unduplicated Child Count Report #4, FY 25-26"
330,0330-01,Heron Lake-Okabena School District,"2025-26 (Dec 1, 2025 count)",239,224,46,8,3.35,17.4,small_count_1_to_9,"MDE MFR Special Ed. Unduplicated Child Count Report #4, FY 25-26"
404,0404-01,Lake Benton Public School District,"2025-26 (Dec 1, 2025 count)",160,160,30,8,5.0,26.7,small_count_1_to_9,"MDE MFR Special Ed. Unduplicated Child Count Report #4, FY 25-26"
391,0391-01,Cleveland Public School District,"2025-26 (Dec 1, 2025 count)",386,386,57,7,1.81,12.3,small_count_1_to_9,"MDE MFR Special Ed. Unduplicated Child Count Report #4, FY 25-26"
601,0601-01,Fosston Public School District,"2025-26 (Dec 1, 2025 count)",502,502,103,7,1.39,6.8,small_count_1_to_9,"MDE MFR Special Ed. Unduplicated Child Count Report #4, FY 25-26"
297,0297-01,Spring Grove School District,"2025-26 (Dec 1, 2025 count)",343,343,61,7,2.04,11.5,small_count_1_to_9,"MDE MFR Special Ed. Unduplicated Child Count Report #4, FY 25-26"
2,0002-01,Hill City Public School District,"2025-26 (Dec 1, 2025 count)",221,221,71,7,3.17,9.9,small_count_1_to_9,"MDE MFR Special Ed. Unduplicated Child Count Report #4, FY 25-26"
2886,2886-01,Glenville-Emmons School District,"2025-26 (Dec 1, 2025 count)",285,285,57,7,2.46,12.3,small_count_1_to_9,"MDE MFR Special Ed. Unduplicated Child Count Report #4, FY 25-26"
2358,2358-01,Tri-County School District,"2025-26 (Dec 1, 2025 count)",273,236,52,7,2.56,13.5,small_count_1_to_9,"MDE MFR Special Ed. Unduplicated Child Count Report #4, FY 25-26"
2364,2364-01,Belgrade-Brooten-Elrosa School Dist,"2025-26 (Dec 1, 2025 count)",612,612,110,6,0.98,5.5,small_count_1_to_9,"MDE MFR Special Ed. Unduplicated Child Count Report #4, FY 25-26"
857,0857-01,Lewiston-Altura,"2025-26 (Dec 1, 2025 count)",653,486,115,6,0.92,5.2,small_count_1_to_9,"MDE MFR Special Ed. Unduplicated Child Count Report #4, FY 25-26"
2609,2609-01,Win-E-Mac,"2025-26 (Dec 1, 2025 count)",499,478,90,6,1.2,6.7,small_count_1_to_9,"MDE MFR Special Ed. Unduplicated Child Count Report #4, FY 25-26"
486,0486-01,Swanville Public School District,"2025-26 (Dec 1, 2025 count)",268,268,44,6,2.24,13.6,small_count_1_to_9,"MDE MFR Special Ed. Unduplicated Child Count Report #4, FY 25-26"
487,0487-01,Upsala Public School District,"2025-26 (Dec 1, 2025 count)",349,349,53,6,1.72,11.3,small_count_1_to_9,"MDE MFR Special Ed. Unduplicated Child Count Report #4, FY 25-26"
497,0497-01,Lyle Public School District,"2025-26 (Dec 1, 2025 count)",197,197,69,6,3.05,8.7,small_count_1_to_9,"MDE MFR Special Ed. Unduplicated Child Count Report #4, FY 25-26"
914,0914-01,Ulen-Hitterdal Public School Dist,"2025-26 (Dec 1, 2025 count)",280,280,49,6,2.14,12.2,small_count_1_to_9,"MDE MFR Special Ed. Unduplicated Child Count Report #4, FY 25-26"
499,0499-01,Leroy-Ostrander Public Schools,"2025-26 (Dec 1, 2025 count)",318,318,60,6,1.89,10.0,small_count_1_to_9,"MDE MFR Special Ed. Unduplicated Child Count Report #4, FY 25-26"
514,0514-01,Ellsworth Public School District,"2025-26 (Dec 1, 2025 count)",134,134,23,6,4.48,26.1,small_count_1_to_9,"MDE MFR Special Ed. Unduplicated Child Count Report #4, FY 25-26"
403,0403-01,Ivanhoe Public School District,"2025-26 (Dec 1, 2025 count)",198,198,35,6,3.03,17.1,small_count_1_to_9,"MDE MFR Special Ed. Unduplicated Child Count Report #4, FY 25-26"
242,0242-01,Alden-Conger Public School District,"2025-26 (Dec 1, 2025 count)",245,245,46,5,2.04,10.9,small_count_1_to_9,"MDE MFR Special Ed. Unduplicated Child Count Report #4, FY 25-26"
229,0229-01,Lanesboro Public School District,"2025-26 (Dec 1, 2025 count)",282,282,49,5,1.77,10.2,small_count_1_to_9,"MDE MFR Special Ed. Unduplicated Child Count Report #4, FY 25-26"
768,0768-01,Hancock Public School District,"2025-26 (Dec 1, 2025 count)",291,291,42,5,1.72,11.9,small_count_1_to_9,"MDE MFR Special Ed. Unduplicated Child Count Report #4, FY 25-26"
306,0306-01,Laporte Public School District,"2025-26 (Dec 1, 2025 count)",217,217,55,5,2.3,9.1,small_count_1_to_9,"MDE MFR Special Ed. Unduplicated Child Count Report #4, FY 25-26"
36,0036-01,Kelliher Public School District,"2025-26 (Dec 1, 2025 count)",163,163,34,5,3.07,14.7,small_count_1_to_9,"MDE MFR Special Ed. Unduplicated Child Count Report #4, FY 25-26"
2856,2856-01,Stephen-Argyle Central Schools,"2025-26 (Dec 1, 2025 count)",288,288,43,5,1.74,11.6,small_count_1_to_9,"MDE MFR Special Ed. Unduplicated Child Count Report #4, FY 25-26"
402,0402-01,Hendricks Public School District,"2025-26 (Dec 1, 2025 count)",154,154,20,5,3.25,25.0,small_count_1_to_9,"MDE MFR Special Ed. Unduplicated Child Count Report #4, FY 25-26"
592,0592-01,Climax-Shelly Public Schools,"2025-26 (Dec 1, 2025 count)",115,115,34,5,4.35,14.7,small_count_1_to_9,"MDE MFR Special Ed. Unduplicated Child Count Report #4, FY 25-26"
264,0264-01,Herman-Norcross Community School,"2025-26 (Dec 1, 2025 count)",105,105,25,5,4.76,20.0,small_count_1_to_9,"MDE MFR Special Ed. Unduplicated Child Count Report #4, FY 25-26"
2907,2907-01,Round Lake-Brewster Public Schools,"2025-26 (Dec 1, 2025 count)",239,239,48,4,1.67,8.3,small_count_1_to_9,"MDE MFR Special Ed. Unduplicated Child Count Report #4, FY 25-26"
640,0640-01,Wabasso Public School District,"2025-26 (Dec 1, 2025 count)",459,362,59,4,0.87,6.8,small_count_1_to_9,"MDE MFR Special Ed. Unduplicated Child Count Report #4, FY 25-26"
100,0100-01,Wrenshall Public School District,"2025-26 (Dec 1, 2025 count)",266,266,62,4,1.5,6.5,small_count_1_to_9,"MDE MFR Special Ed. Unduplicated Child Count Report #4, FY 25-26"
95,0095-01,Cromwell-Wright Public Schools,"2025-26 (Dec 1, 2025 count)",246,246,56,4,1.63,7.1,small_count_1_to_9,"MDE MFR Special Ed. Unduplicated Child Count Report #4, FY 25-26"
238,0238-01,Mabel-Canton Public School District,"2025-26 (Dec 1, 2025 count)",315,315,74,4,1.27,5.4,small_count_1_to_9,"MDE MFR Special Ed. Unduplicated Child Count Report #4, FY 25-26"
2171,2171-01,Kittson Central School District,"2025-26 (Dec 1, 2025 count)",278,255,41,4,1.44,9.8,small_count_1_to_9,"MDE MFR Special Ed. Unduplicated Child Count Report #4, FY 25-26"
676,0676-01,Badger Public School District,"2025-26 (Dec 1, 2025 count)",171,171,31,4,2.34,12.9,small_count_1_to_9,"MDE MFR Special Ed. Unduplicated Child Count Report #4, FY 25-26"
836,0836-01,Butterfield-Odin Public Schools,"2025-26 (Dec 1, 2025 count)",227,227,51,4,1.76,7.8,small_count_1_to_9,"MDE MFR Special Ed. Unduplicated Child Count Report #4, FY 25-26"
2215,2215-01,Norman County East School District,"2025-26 (Dec 1, 2025 count)",305,305,68,4,1.31,5.9,small_count_1_to_9,"MDE MFR Special Ed. Unduplicated Child Count Report #4, FY 25-26"
771,0771-01,Chokio-Alberta Public Schools,"2025-26 (Dec 1, 2025 count)",161,161,34,4,2.48,11.8,small_count_1_to_9,"MDE MFR Special Ed. Unduplicated Child Count Report #4, FY 25-26"
852,0852-01,Campbell-Tintah Public Schools,"2025-26 (Dec 1, 2025 count)",81,81,18,4,4.94,22.2,small_count_1_to_9,"MDE MFR Special Ed. Unduplicated Child Count Report #4, FY 25-26"
81,0081-01,Comfrey Public School District,"2025-26 (Dec 1, 2025 count)",132,132,23,4,3.03,17.4,small_count_1_to_9,"MDE MFR Special Ed. Unduplicated Child Count Report #4, FY 25-26"
707,0707-01,Nett Lake Public School District,"2025-26 (Dec 1, 2025 count)",66,66,28,4,6.06,14.3,small_count_1_to_9,"MDE MFR Special Ed. Unduplicated Child Count Report #4, FY 25-26"
550,0550-01,Underwood Public School District,"2025-26 (Dec 1, 2025 count)",313,313,39,3,0.96,7.7,small_count_1_to_9,"MDE MFR Special Ed. Unduplicated Child Count Report #4, FY 25-26"
495,0495-01,Grand Meadow Public School District,"2025-26 (Dec 1, 2025 count)",370,370,69,3,0.81,4.3,small_count_1_to_9,"MDE MFR Special Ed. Unduplicated Child Count Report #4, FY 25-26"
850,0850-01,Rothsay Public School District,"2025-26 (Dec 1, 2025 count)",194,194,29,3,1.55,10.3,small_count_1_to_9,"MDE MFR Special Ed. Unduplicated Child Count Report #4, FY 25-26"
561,0561-01,Goodridge Public School District,"2025-26 (Dec 1, 2025 count)",145,145,25,3,2.07,12.0,small_count_1_to_9,"MDE MFR Special Ed. Unduplicated Child Count Report #4, FY 25-26"
600,0600-01,Fisher Public School District,"2025-26 (Dec 1, 2025 count)",146,146,23,3,2.05,13.0,small_count_1_to_9,"MDE MFR Special Ed. Unduplicated Child Count Report #4, FY 25-26"
447,0447-01,Grygla Public School District,"2025-26 (Dec 1, 2025 count)",120,120,28,3,2.5,10.7,small_count_1_to_9,"MDE MFR Special Ed. Unduplicated Child Count Report #4, FY 25-26"
815,0815-02,Prinsburg Public School District,"2025-26 (Dec 1, 2025 count)",396,49,21,3,0.76,14.3,small_count_1_to_9,"MDE MFR Special Ed. Unduplicated Child Count Report #4, FY 25-26"
581,0581-01,Edgerton Public School District,"2025-26 (Dec 1, 2025 count)",592,206,53,2,0.34,3.8,small_count_1_to_9,"MDE MFR Special Ed. Unduplicated Child Count Report #4, FY 25-26"
458,0458-01,Truman Public School District,"2025-26 (Dec 1, 2025 count)",321,273,62,2,0.62,3.2,small_count_1_to_9,"MDE MFR Special Ed. Unduplicated Child Count Report #4, FY 25-26"
801,0801-01,Browns Valley Public School Dist,"2025-26 (Dec 1, 2025 count)",96,96,27,2,2.08,7.4,small_count_1_to_9,"MDE MFR Special Ed. Unduplicated Child Count Report #4, FY 25-26"
363,0363-01,South Koochiching School District,"2025-26 (Dec 1, 2025 count)",164,164,30,2,1.22,6.7,small_count_1_to_9,"MDE MFR Special Ed. Unduplicated Child Count Report #4, FY 25-26"
415,0415-01,Lynd Public School District,"2025-26 (Dec 1, 2025 count)",154,154,20,2,1.3,10.0,small_count_1_to_9,"MDE MFR Special Ed. Unduplicated Child Count Report #4, FY 25-26"
698,0698-01,Floodwood Public School District,"2025-26 (Dec 1, 2025 count)",160,160,34,2,1.25,5.9,small_count_1_to_9,"MDE MFR Special Ed. Unduplicated Child Count Report #4, FY 25-26"
362,0362-01,Littlefork-Big Falls School Dist.,"2025-26 (Dec 1, 2025 count)",182,182,27,1,0.55,3.7,small_count_1_to_9,"MDE MFR Special Ed. Unduplicated Child Count Report #4, FY 25-26"
2536,2536-01,Granada Huntley East Chain,"2025-26 (Dec 1, 2025 count)",259,259,47,1,0.39,2.1,small_count_1_to_9,"MDE MFR Special Ed. Unduplicated Child Count Report #4, FY 25-26"
356,0356-01,Lancaster Public School District,"2025-26 (Dec 1, 2025 count)",150,150,35,1,0.67,2.9,small_count_1_to_9,"MDE MFR Special Ed. Unduplicated Child Count Report #4, FY 25-26"
25,0025-01,Pine Point Public School District,"2025-26 (Dec 1, 2025 count)",53,53,18,0,0.0,0.0,not_suppressed_in_source,"MDE MFR Special Ed. Unduplicated Child Count Report #4, FY 25-26"
635,0635-01,Milroy Public School District,"2025-26 (Dec 1, 2025 count)",97,97,22,0,0.0,0.0,not_suppressed_in_source,"MDE MFR Special Ed. Unduplicated Child Count Report #4, FY 25-26"
323,0323-02,Franconia Public School District,"2025-26 (Dec 1, 2025 count)",0,0,2,0,,0.0,not_suppressed_in_source,"MDE MFR Special Ed. Unduplicated Child Count Report #4, FY 25-26"
