isd,district,county,enrollment_2021,english_learners_2021,el_share_pct,classification,locale,has_public_seizure_plan
836,BUTTERFIELD PUBLIC SCHOOL DISTRICT,Watonwan County,226,112,49.6,FOUND_MED_POLICY_ONLY,Rural,0
518,WORTHINGTON PUBLIC SCHOOL DISTRICT,Nobles County,3797,1327,34.9,NOT_VERIFIABLE,Town,0
13,COLUMBIA HEIGHTS PUBLIC SCHOOL DIST,Anoka County,3258,1047,32.1,FOUND_MED_POLICY_ONLY,Suburb,0
2753,Long Prairie-Grey Eagle School Dist,Todd County,937,276,29.5,FOUND_MED_POLICY_ONLY,Rural,0
625,ST. PAUL PUBLIC SCHOOL DISTRICT,Ramsey County,33475,9495,28.4,FOUND_SEIZURE_SPECIFIC,City,1
2907,ROUND LAKE-BREWSTER PUBLIC SCHOOLS,Nobles County,432,122,28.2,NOT_FOUND,Rural,0
656,FARIBAULT PUBLIC SCHOOL DISTRICT,Rice County,3328,877,26.4,FOUND_MED_POLICY_ONLY,Town,0
840,ST. JAMES PUBLIC SCHOOL DISTRICT,Watonwan County,1076,259,24.1,NOT_FOUND,Rural,0
347,WILLMAR PUBLIC SCHOOL DISTRICT,Kandiyohi County,4332,1016,23.5,FOUND_MED_POLICY_ONLY,Town,0
280,RICHFIELD PUBLIC SCHOOL DISTRICT,Hennepin County,4151,958,23.1,FOUND_SEIZURE_SPECIFIC,Suburb,1
742,ST. CLOUD PUBLIC SCHOOL DISTRICT,Stearns County,9546,2133,22.3,FOUND_MED_POLICY_ONLY,City,0
492,AUSTIN PUBLIC SCHOOL DISTRICT,Mower County,5182,1107,21.4,FOUND_SEIZURE_SPECIFIC,Town,1
837,MADELIA PUBLIC SCHOOL DISTRICT,Watonwan County,629,134,21.3,FOUND_MED_POLICY_ONLY,Rural,0
191,BURNSVILLE PUBLIC SCHOOL DISTRICT,Dakota County,7745,1591,20.5,FOUND_SEIZURE_SPECIFIC,City,1
2898,WESTBROOK-WALNUT GROVE SCHOOLS,Cottonwood County,454,86,18.9,FOUND_MED_POLICY_ONLY,Rural,0
2890,Renville County West Schools,Renville County,585,104,17.8,FOUND_SEIZURE_SPECIFIC,Rural,1
286,BROOKLYN CENTER SCHOOL DISTRICT,Hennepin County,2167,380,17.5,FOUND_MED_POLICY_ONLY,Suburb,0
548,Pelican Rapids Public Schools,Otter Tail County,867,151,17.4,FOUND_MED_POLICY_ONLY,Rural,0
30001,Minneapolis Public School District,Hennepin County,30115,5079,16.9,FOUND_MED_POLICY_ONLY,City,0
622,North St. Paul-Maplewood Oakdale,Ramsey County,10450,1629,15.6,FOUND_SEIZURE_SPECIFIC,Suburb,1
623,ROSEVILLE PUBLIC SCHOOL DISTRICT,Ramsey County,7379,1119,15.2,FOUND_SEIZURE_SPECIFIC,Suburb,1
177,WINDOM PUBLIC SCHOOL DISTRICT,Cottonwood County,1153,175,15.2,NOT_FOUND,Rural,0
173,MOUNTAIN LAKE PUBLIC SCHOOLS,Cottonwood County,502,74,14.7,FOUND_MED_POLICY_ONLY,Rural,0
413,MARSHALL PUBLIC SCHOOL DISTRICT,Lyon County,2662,382,14.4,FOUND_MED_POLICY_ONLY,Town,0
2853,Lac qui Parle Valley Schools,Lac qui Parle County,811,116,14.3,FOUND_MED_POLICY_ONLY,Rural,0
14,FRIDLEY PUBLIC SCHOOL DISTRICT,Anoka County,2889,409,14.2,FOUND_MED_POLICY_ONLY,Suburb,0
720,SHAKOPEE PUBLIC SCHOOL DISTRICT,Scott County,7950,1075,13.5,FOUND_SEIZURE_SPECIFIC,Suburb,1
271,BLOOMINGTON PUBLIC SCHOOL DISTRICT,Hennepin County,10347,1372,13.3,FOUND_SEIZURE_SPECIFIC,City,1
581,EDGERTON PUBLIC SCHOOL DISTRICT,Pipestone County,444,57,12.8,FOUND_MED_POLICY_ONLY,Rural,0
740,MELROSE PUBLIC SCHOOL DISTRICT,Stearns County,1269,158,12.5,FOUND_MED_POLICY_ONLY,Rural,0
16,SPRING LAKE PARK PUBLIC SCHOOLS,Anoka County,6187,773,12.5,FOUND_SEIZURE_SPECIFIC,Suburb,1
197,West St. Paul-Mendota Heights-Eagan,Dakota County,5053,623,12.3,FOUND_SEIZURE_SPECIFIC,Suburb,1
129,MONTEVIDEO PUBLIC SCHOOL DISTRICT,Chippewa County,1333,160,12.0,FOUND_SEIZURE_SPECIFIC,Town,1
281,ROBBINSDALE PUBLIC SCHOOL DISTRICT,Hennepin County,11362,1334,11.7,FOUND_SEIZURE_SPECIFIC,Suburb,1
2310,SIBLEY EAST SCHOOL DISTRICT,Sibley County,1050,122,11.6,FOUND_MED_POLICY_ONLY,Rural,0
279,OSSEO PUBLIC SCHOOL DISTRICT,Hennepin County,20609,2231,10.8,FOUND_SEIZURE_SPECIFIC,Suburb,1
199,INVER GROVE HEIGHTS SCHOOLS,Dakota County,3447,367,10.6,FOUND_MED_POLICY_ONLY,Suburb,0
241,ALBERT LEA PUBLIC SCHOOL DISTRICT,Freeborn County,3506,367,10.5,FOUND_SEIZURE_SPECIFIC,Town,1
505,FULDA PUBLIC SCHOOL DISTRICT,Murray County,378,39,10.3,FOUND_MED_POLICY_ONLY,Rural,0
424,LESTER PRAIRIE PUBLIC SCHOOL DIST.,McLeod County,471,47,10.0,FOUND_MED_POLICY_ONLY,Rural,0
535,ROCHESTER PUBLIC SCHOOL DISTRICT,Olmsted County,17617,1713,9.7,FOUND_SEIZURE_SPECIFIC,City,1
2689,PIPESTONE AREA SCHOOL DISTRICT,Pipestone County,1096,102,9.3,FOUND_SEIZURE_SPECIFIC,Rural,1
2752,FAIRMONT AREA SCHOOL DISTRICT,Martin County,1788,163,9.1,FOUND_MED_POLICY_ONLY,Town,0
761,OWATONNA PUBLIC SCHOOL DISTRICT,Steele County,4962,432,8.7,FOUND_MED_POLICY_ONLY,Town,0
270,HOPKINS PUBLIC SCHOOL DISTRICT,Hennepin County,6942,597,8.6,FOUND_SEIZURE_SPECIFIC,City,1
196,ROSEMOUNT-APPLE VALLEY-EAGAN,Dakota County,29245,2447,8.4,FOUND_SEIZURE_SPECIFIC,Suburb,1
282,ST. ANTHONY-NEW BRIGHTON SCHOOLS,Hennepin County,1782,146,8.2,FOUND_MED_POLICY_ONLY,Suburb,0
272,EDEN PRAIRIE PUBLIC SCHOOL DISTRICT,Hennepin County,8861,722,8.1,FOUND_SEIZURE_SPECIFIC,City,1
2769,MORRIS AREA PUBLIC SCHOOLS,Stevens County,1046,84,8.0,FOUND_SEIZURE_SPECIFIC,Rural,1
283,ST. LOUIS PARK PUBLIC SCHOOL DIST.,Hennepin County,4581,367,8.0,FOUND_MED_POLICY_ONLY,City,0
415,LYND PUBLIC SCHOOL DISTRICT,Lyon County,164,13,7.9,FOUND_MED_POLICY_ONLY,Rural,0
11,ANOKA-HENNEPIN PUBLIC SCHOOL DIST.,Anoka County,38230,2972,7.8,FOUND_SEIZURE_SPECIFIC,Suburb,1
2905,TRI-CITY UNITED SCHOOL DISTRICT,Le Sueur County,1929,146,7.6,FOUND_MED_POLICY_ONLY,Rural,0
595,EAST GRAND FORKS PUBLIC SCHOOL DIST,Polk County,1949,149,7.6,FOUND_SEIZURE_SPECIFIC,Suburb,1
621,MOUNDS VIEW PUBLIC SCHOOL DISTRICT,Ramsey County,11747,874,7.4,NOT_FOUND,Suburb,0
508,ST. PETER PUBLIC SCHOOL DISTRICT,Nicollet County,2094,154,7.4,FOUND_MED_POLICY_ONLY,Town,0
6,South St. Paul Public School Dist,Dakota County,3116,224,7.2,FOUND_SEIZURE_SPECIFIC,Suburb,1
330,HERON LAKE-OKABENA SCHOOL DISTRICT,Jackson County,324,23,7.1,FOUND_MED_POLICY_ONLY,Rural,0
2859,GLENCOE-SILVER LAKE SCHOOL DISTRICT,McLeod County,1492,103,6.9,FOUND_MED_POLICY_ONLY,Town,0
2534,BIRD ISLAND-OLIVIA-LAKE LILLIAN,Renville County,616,41,6.7,FOUND_MED_POLICY_ONLY,Rural,0
273,EDINA PUBLIC SCHOOL DISTRICT,Hennepin County,8473,568,6.7,FOUND_SEIZURE_SPECIFIC,City,1
152,Moorhead Area Public Schools,Clay County,7266,483,6.6,FOUND_MED_POLICY_ONLY,Suburb,0
2159,BUFFALO LK-HECTOR-STEWART PUBLIC SC,Renville County,495,32,6.5,FOUND_MED_POLICY_ONLY,Rural,0
883,ROCKFORD PUBLIC SCHOOL DISTRICT,Wright County,1551,97,6.3,FOUND_SEIZURE_SPECIFIC,Rural,1
77,MANKATO PUBLIC SCHOOL DISTRICT,Blue Earth County,8640,536,6.2,FOUND_SEIZURE_SPECIFIC,City,1
511,ADRIAN PUBLIC SCHOOL DISTRICT,Nobles County,589,36,6.1,FOUND_MED_POLICY_ONLY,Rural,0
2365,GFW Public Schools,Sibley County,624,38,6.1,FOUND_MED_POLICY_ONLY,Rural,0
743,SAUK CENTRE PUBLIC SCHOOL DISTRICT,Stearns County,1080,66,6.1,FOUND_MED_POLICY_ONLY,Town,0
84,SLEEPY EYE PUBLIC SCHOOL DISTRICT,Brown County,595,36,6.1,FOUND_MED_POLICY_ONLY,Rural,0
192,FARMINGTON PUBLIC SCHOOL DISTRICT,Dakota County,6909,408,5.9,FOUND_MED_POLICY_ONLY,Suburb,0
2888,CLINTON-GRACEVILLE-BEARDSLEY,Big Stone County,312,18,5.8,FOUND_MED_POLICY_ONLY,Rural,0
750,ROCORI PUBLIC SCHOOL DISTRICT,Stearns County,2374,137,5.8,FOUND_MED_POLICY_ONLY,Rural,0
253,GOODHUE PUBLIC SCHOOL DISTRICT,Goodhue County,703,41,5.8,FOUND_SEIZURE_SPECIFIC,Rural,1
497,LYLE PUBLIC SCHOOL DISTRICT,Mower County,306,17,5.6,FOUND_MED_POLICY_ONLY,Rural,0
659,NORTHFIELD PUBLIC SCHOOL DISTRICT,Rice County,3914,219,5.6,FOUND_MED_POLICY_ONLY,Town,0
2397,LE SUEUR-HENDERSON SCHOOL DISTRICT,Le Sueur County,946,52,5.5,FOUND_MED_POLICY_ONLY,Rural,0
112,EASTERN CARVER COUNTY PUBLIC SCHOOL,Carver County,9379,505,5.4,FOUND_SEIZURE_SPECIFIC,Suburb,1
833,South Washington County Schools,Washington County,18994,1008,5.3,FOUND_MED_POLICY_ONLY,Suburb,0
423,HUTCHINSON PUBLIC SCHOOL DISTRICT,McLeod County,2756,141,5.1,FOUND_SEIZURE_SPECIFIC,Town,1
858,ST. CHARLES PUBLIC SCHOOL DISTRICT,Winona County,1027,49,4.8,FOUND_MED_POLICY_ONLY,Rural,0
2180,MACCRAY School District,Chippewa County,720,34,4.7,FOUND_MED_POLICY_ONLY,Rural,0
549,PERHAM-DENT PUBLIC SCHOOL DISTRICT,Otter Tail County,1572,72,4.6,FOUND_MED_POLICY_ONLY,Rural,0
717,JORDAN PUBLIC SCHOOL DISTRICT,Scott County,1852,84,4.5,FOUND_SEIZURE_SPECIFIC,Town,1
624,WHITE BEAR LAKE SCHOOL DISTRICT,Ramsey County,8481,382,4.5,FOUND_SEIZURE_SPECIFIC,Suburb,1
2860,BLUE EARTH AREA PUBLIC SCHOOL,Faribault County,1080,46,4.3,FOUND_MED_POLICY_ONLY,Rural,0
768,HANCOCK PUBLIC SCHOOL DISTRICT,Stevens County,424,18,4.2,FOUND_SEIZURE_SPECIFIC,Rural,1
813,LAKE CITY PUBLIC SCHOOL DISTRICT,Wabasha County,1202,51,4.2,FOUND_MED_POLICY_ONLY,Town,0
194,LAKEVILLE PUBLIC SCHOOL DISTRICT,Dakota County,11512,484,4.2,FOUND_SEIZURE_SPECIFIC,Suburb,1
775,KERKHOVEN-MURDOCK-SUNBURG,Swift County,781,32,4.1,FOUND_SEIZURE_SPECIFIC,Rural,1
861,WINONA AREA PUBLIC SCHOOL DISTRICT,Winona County,2556,106,4.1,FOUND_MED_POLICY_ONLY,Town,0
2364,BELGRADE-BROOTEN-ELROSA SCHOOL DIST,Stearns County,629,25,4.0,FOUND_SEIZURE_SPECIFIC,Rural,1
284,WAYZATA PUBLIC SCHOOL DISTRICT,Hennepin County,12018,480,4.0,FOUND_SEIZURE_SPECIFIC,City,1
803,WHEATON AREA PUBLIC SCHOOL DISTRICT,Traverse County,379,15,4.0,FOUND_MED_POLICY_ONLY,Rural,0
2904,TRACY AREA PUBLIC SCHOOL DISTRICT,Lyon County,672,26,3.9,FOUND_MED_POLICY_ONLY,Rural,0
882,MONTICELLO PUBLIC SCHOOL DISTRICT,Wright County,4166,161,3.9,FOUND_MED_POLICY_ONLY,Town,0
2125,TRITON SCHOOL DISTRICT,Dodge County,986,37,3.8,FOUND_MED_POLICY_ONLY,Rural,0
2134,United South Central Schools,Faribault County,756,28,3.7,FOUND_MED_POLICY_ONLY,Rural,0
2190,YELLOW MEDICINE EAST,Yellow Medicine County,647,24,3.7,FOUND_SEIZURE_SPECIFIC,Rural,1
12,CENTENNIAL PUBLIC SCHOOL DISTRICT,Anoka County,6702,247,3.7,FOUND_SEIZURE_SPECIFIC,Suburb,1
852,Campbell-Tintah Public Schools,Wilkin County,142,5,3.5,FOUND_MED_POLICY_ONLY,Rural,0
378,DAWSON-BOYD PUBLIC SCHOOL DISTRICT,Lac qui Parle County,557,19,3.4,FOUND_SEIZURE_SPECIFIC,Rural,1
834,Stillwater Area Public Schools,Washington County,8203,278,3.4,FOUND_SEIZURE_SPECIFIC,Town,1
486,SWANVILLE PUBLIC SCHOOL DISTRICT,Morrison County,350,12,3.4,NOT_FOUND,Rural,0
787,BROWERVILLE PUBLIC SCHOOL DISTRICT,Todd County,540,18,3.3,NOT_FOUND,Rural,0
831,FOREST LAKE PUBLIC SCHOOL DISTRICT,Washington County,5958,195,3.3,FOUND_SEIZURE_SPECIFIC,Town,1
465,LITCHFIELD PUBLIC SCHOOL DISTRICT,Meeker County,1527,50,3.3,NOT_VERIFIABLE,Town,0
719,PRIOR LAKE-SAVAGE AREA SCHOOLS,Scott County,8915,281,3.2,FOUND_SEIZURE_SPECIFIC,Suburb,1
777,BENSON PUBLIC SCHOOL DISTRICT,Swift County,819,25,3.1,FOUND_MED_POLICY_ONLY,Rural,0
763,MEDFORD PUBLIC SCHOOL DISTRICT,Steele County,900,28,3.1,FOUND_SEIZURE_SPECIFIC,Rural,1
728,Elk River School District,Sherburne County,13847,412,3.0,FOUND_MED_POLICY_ONLY,Suburb,0
2172,KENYON-WANAMINGO SCHOOL DISTRICT,Goodhue County,659,20,3.0,FOUND_MED_POLICY_ONLY,Rural,0
829,WASECA PUBLIC SCHOOL DISTRICT,Waseca County,1783,54,3.0,FOUND_MED_POLICY_ONLY,Town,0
138,North Branch Area Public Schools,Chisago County,2573,75,2.9,FOUND_MED_POLICY_ONLY,Rural,0
727,BIG LAKE PUBLIC SCHOOL DISTRICT,Sherburne County,3112,86,2.8,FOUND_SEIZURE_SPECIFIC,Town,1
309,PARK RAPIDS PUBLIC SCHOOL DISTRICT,Hubbard County,1744,48,2.8,FOUND_SEIZURE_SPECIFIC,Rural,1
15,St. Francis Area Schools,Anoka County,4301,122,2.8,FOUND_SEIZURE_SPECIFIC,Town,1
108,CENTRAL PUBLIC SCHOOL DISTRICT,Carver County,928,25,2.7,FOUND_MED_POLICY_ONLY,Rural,0
2167,LAKEVIEW SCHOOL DISTRICT,Lyon County,647,17,2.6,FOUND_SEIZURE_SPECIFIC,Rural,1
857,Lewiston-Altura Public School Dist,Winona County,692,17,2.5,FOUND_MED_POLICY_ONLY,Rural,0
500,SOUTHLAND PUBLIC SCHOOL DISTRICT,Mower County,410,10,2.4,FOUND_MED_POLICY_ONLY,Rural,0
846,BRECKENRIDGE PUBLIC SCHOOL DISTRICT,Wilkin County,638,15,2.4,FOUND_MED_POLICY_ONLY,Town,0
911,CAMBRIDGE-ISANTI PUBLIC SCHOOL DIST,Isanti County,5068,116,2.3,FOUND_SEIZURE_SPECIFIC,Town,1
414,MINNEOTA PUBLIC SCHOOL DISTRICT,Lyon County,520,12,2.3,FOUND_MED_POLICY_ONLY,Rural,0
2396,A.C.G.C. Public School District,Meeker County,889,20,2.2,FOUND_MED_POLICY_ONLY,Rural,0
2184,LUVERNE PUBLIC SCHOOL DISTRICT,Rock County,1155,24,2.1,FOUND_MED_POLICY_ONLY,Rural,0
256,Red Wing Public School District,Goodhue County,2481,52,2.1,FOUND_MED_POLICY_ONLY,Rural,0
885,St. Michael-Albertville Schools,Wright County,6653,138,2.1,FOUND_SEIZURE_SPECIFIC,Suburb,1
294,HOUSTON PUBLIC SCHOOL DISTRICT,Houston County,1906,38,2.0,FOUND_MED_POLICY_ONLY,Rural,0
499,LEROY-OSTRANDER PUBLIC SCHOOLS,Mower County,250,5,2.0,FOUND_SEIZURE_SPECIFIC,Rural,1
110,WACONIA PUBLIC SCHOOL DISTRICT,Carver County,4049,82,2.0,FOUND_SEIZURE_SPECIFIC,Town,1
2899,PLAINVIEW-ELGIN-MILLVILLE,Wabasha County,1484,28,1.9,FOUND_SEIZURE_SPECIFIC,Rural,1
276,MINNETONKA PUBLIC SCHOOL DISTRICT,Hennepin County,11307,217,1.9,FOUND_MED_POLICY_ONLY,City,0
671,HILLS-BEAVER CREEK SCHOOL DISTRICT,Rock County,367,7,1.9,FOUND_MED_POLICY_ONLY,Rural,0
345,NEW LONDON-SPICER SCHOOL DISTRICT,Kandiyohi County,1550,30,1.9,NOT_VERIFIABLE,Town,0
832,MAHTOMEDI PUBLIC SCHOOL DISTRICT,Washington County,3229,58,1.8,FOUND_SEIZURE_SPECIFIC,Rural,1
877,BUFFALO-HANOVER-MONTROSE PUBLIC SCH,Wright County,5261,88,1.7,FOUND_SEIZURE_SPECIFIC,Town,1
200,HASTINGS PUBLIC SCHOOL DISTRICT,Dakota County,4160,69,1.7,FOUND_SEIZURE_SPECIFIC,Town,1
690,WARROAD PUBLIC SCHOOL DISTRICT,Roseau County,1050,18,1.7,FOUND_MED_POLICY_ONLY,Rural,0
2910,Ada-Borup-West Public Schools,Norman County,712,11,1.5,NOT_VERIFIABLE,Rural,0
2164,DILWORTH-GLYNDON-FELTON,Clay County,1589,24,1.5,FOUND_SEIZURE_SPECIFIC,Rural,1
150,HAWLEY PUBLIC SCHOOL DISTRICT,Clay County,1007,15,1.5,FOUND_MED_POLICY_ONLY,Rural,0
204,KASSON-MANTORVILLE SCHOOL DISTRICT,Dodge County,2171,32,1.5,FOUND_MED_POLICY_ONLY,Town,0
278,ORONO PUBLIC SCHOOL DISTRICT,Hennepin County,2859,42,1.5,FOUND_SEIZURE_SPECIFIC,Rural,1
741,PAYNESVILLE PUBLIC SCHOOL DISTRICT,Stearns County,908,14,1.5,FOUND_MED_POLICY_ONLY,Rural,0
682,ROSEAU PUBLIC SCHOOL DISTRICT,Roseau County,1162,18,1.5,NOT_FOUND,Rural,0
879,DELANO PUBLIC SCHOOL DISTRICT,Wright County,2429,34,1.4,FOUND_MED_POLICY_ONLY,Town,0
544,FERGUS FALLS PUBLIC SCHOOL DISTRICT,Otter Tail County,2993,41,1.4,FOUND_SEIZURE_SPECIFIC,Town,1
239,RUSHFORD-PETERSON PUBLIC SCHOOLS,Fillmore County,639,9,1.4,NOT_FOUND,Rural,0
363,SOUTH KOOCHICHING SCHOOL DISTRICT,Koochiching County,284,4,1.4,NOT_VERIFIABLE,Rural,0
2687,HOWARD LAKE-WAVERLY-WINSTED,Wright County,1264,17,1.3,FOUND_SEIZURE_SPECIFIC,Rural,1
2895,JACKSON COUNTY CENTRAL SCHOOL DIST.,Jackson County,1122,15,1.3,FOUND_MED_POLICY_ONLY,Rural,0
564,THIEF RIVER FALLS SCHOOL DISTRICT,Pennington County,1853,25,1.3,FOUND_SEIZURE_SPECIFIC,Town,1
2171,KITTSON CENTRAL SCHOOL DISTRICT,Kittson County,233,3,1.3,FOUND_MED_POLICY_ONLY,Rural,0
745,ALBANY PUBLIC SCHOOL DISTRICT,Stearns County,1774,22,1.2,FOUND_MED_POLICY_ONLY,Rural,0
716,BELLE PLAINE PUBLIC SCHOOL DISTRICT,Scott County,1578,19,1.2,FOUND_MED_POLICY_ONLY,Town,0
748,SARTELL-ST. STEPHEN SCHOOL DISTRICT,Stearns County,4118,50,1.2,FOUND_MED_POLICY_ONLY,Suburb,0
2903,ORTONVILLE PUBLIC SCHOOLS,Big Stone County,472,5,1.1,FOUND_SEIZURE_SPECIFIC,Rural,1
726,BECKER PUBLIC SCHOOL DISTRICT,Sherburne County,2833,30,1.1,FOUND_MED_POLICY_ONLY,Rural,0
545,HENNING PUBLIC SCHOOL DISTRICT,Otter Tail County,377,4,1.1,FOUND_SEIZURE_SPECIFIC,Rural,1
47,SAUK RAPIDS-RICE PUBLIC SCHOOLS,Benton County,4364,49,1.1,FOUND_SEIZURE_SPECIFIC,Suburb,1
2884,RED ROCK CENTRAL SCHOOL DISTRICT,Redwood County,419,4,1.0,FOUND_MED_POLICY_ONLY,Rural,0
531,BYRON PUBLIC SCHOOL DISTRICT,Olmsted County,2278,22,1.0,FOUND_MED_POLICY_ONLY,Town,0
466,Dassel-Cokato Public Schools,Wright County,2147,22,1.0,FOUND_SEIZURE_SPECIFIC,Rural,1
2580,EAST CENTRAL SCHOOL DISTRICT,Pine County,779,8,1.0,FOUND_MED_POLICY_ONLY,Rural,0
2165,HINCKLEY-FINLAYSON SCHOOL DISTRICT,Pine County,1008,10,1.0,FOUND_MED_POLICY_ONLY,Rural,0
721,NEW PRAGUE AREA SCHOOLS,Scott County,4201,44,1.0,FOUND_MED_POLICY_ONLY,Town,0
811,Wabasha-Kellogg School District,Wabasha County,899,9,1.0,FOUND_MED_POLICY_ONLY,Suburb,0
533,DOVER-EYOTA PUBLIC SCHOOL DISTRICT,Olmsted County,1082,10,0.9,NOT_FOUND,Rural,0
2536,Granada Huntley East Chain,Martin County,325,3,0.9,FOUND_MED_POLICY_ONLY,Rural,0
534,STEWARTVILLE PUBLIC SCHOOL DISTRICT,Olmsted County,2058,18,0.9,FOUND_MED_POLICY_ONLY,Town,0
550,UNDERWOOD PUBLIC SCHOOL DISTRICT,Otter Tail County,581,5,0.9,NOT_FOUND,Rural,0
2902,RTR PUBLIC SCHOOLS,Lincoln County,599,5,0.8,FOUND_MED_POLICY_ONLY,Rural,0
206,ALEXANDRIA PUBLIC SCHOOL DISTRICT,Douglas County,4083,34,0.8,FOUND_SEIZURE_SPECIFIC,Town,1
477,PRINCETON PUBLIC SCHOOL DISTRICT,Mille Lacs County,3234,25,0.8,FOUND_SEIZURE_SPECIFIC,Town,1
818,VERNDALE PUBLIC SCHOOL DISTRICT,Wadena County,525,4,0.8,FOUND_MED_POLICY_ONLY,Rural,0
100,WRENSHALL PUBLIC SCHOOL DISTRICT,Carlton County,378,3,0.8,FOUND_MED_POLICY_ONLY,Rural,0
2143,WATERVILLE-ELYSIAN-MORRISTOWN,Le Sueur County,754,5,0.7,FOUND_SEIZURE_SPECIFIC,Rural,1
2144,CHISAGO LAKES SCHOOL DISTRICT,Chisago County,3357,24,0.7,FOUND_SEIZURE_SPECIFIC,Town,1
2155,WADENA-DEER CREEK SCHOOL DISTRICT,Wadena County,1060,7,0.7,FOUND_MED_POLICY_ONLY,Town,0
2176,WARREN-ALVARADO-OSLO SCHOOL DIST.,Marshall County,581,4,0.7,FOUND_MED_POLICY_ONLY,Rural,0
2169,MURRAY COUNTY CENTRAL SCHOOL DIST.,Murray County,706,5,0.7,NOT_FOUND,Rural,0
876,ANNANDALE PUBLIC SCHOOL DISTRICT,Wright County,2057,15,0.7,FOUND_MED_POLICY_ONLY,Rural,0
166,COOK COUNTY PUBLIC SCHOOLS,Cook County,431,3,0.7,FOUND_MED_POLICY_ONLY,Rural,0
139,RUSH CITY PUBLIC SCHOOL DISTRICT,Chisago County,863,6,0.7,FOUND_MED_POLICY_ONLY,Rural,0
111,Watertown-Mayer Public School Dist,Carver County,1499,11,0.7,FOUND_SEIZURE_SPECIFIC,Rural,1
2168,NRHEG SCHOOL DISTRICT,Waseca County,834,5,0.6,FOUND_MED_POLICY_ONLY,Rural,0
756,BLOOMING PRAIRIE PUBLIC SCHOOL DIST,Steele County,833,5,0.6,FOUND_SEIZURE_SPECIFIC,Rural,1
252,CANNON FALLS PUBLIC SCHOOL DISTRICT,Goodhue County,1087,6,0.6,FOUND_MED_POLICY_ONLY,Rural,0
709,DULUTH PUBLIC SCHOOL DISTRICT,St. Louis County,8487,53,0.6,FOUND_SEIZURE_SPECIFIC,City,1
482,LITTLE FALLS PUBLIC SCHOOL DISTRICT,Morrison County,2440,14,0.6,FOUND_MED_POLICY_ONLY,Town,0
88,NEW ULM PUBLIC SCHOOL DISTRICT,Brown County,2083,12,0.6,FOUND_SEIZURE_SPECIFIC,Town,1
578,PINE CITY PUBLIC SCHOOL DISTRICT,Pine County,1572,10,0.6,FOUND_MED_POLICY_ONLY,Rural,0
2342,WEST CENTRAL AREA,Grant County,765,4,0.5,FOUND_MED_POLICY_ONLY,Rural,0
22,DETROIT LAKES PUBLIC SCHOOL DIST.,Becker County,2805,15,0.5,FOUND_SEIZURE_SPECIFIC,Town,1
463,EDEN VALLEY-WATKINS SCHOOL DISTRICT,Meeker County,926,5,0.5,FOUND_MED_POLICY_ONLY,Rural,0
700,HERMANTOWN PUBLIC SCHOOL DISTRICT,St. Louis County,2098,10,0.5,FOUND_MED_POLICY_ONLY,Rural,0
332,MORA PUBLIC SCHOOL DISTRICT,Kanabec County,1607,8,0.5,FOUND_MED_POLICY_ONLY,Rural,0
277,WESTONKA PUBLIC SCHOOL DISTRICT,Hennepin County,2425,11,0.5,FOUND_SEIZURE_SPECIFIC,Rural,1
213,OSAKIS PUBLIC SCHOOL DISTRICT,Douglas County,856,4,0.5,NOT_VERIFIABLE,Rural,0
484,PIERZ PUBLIC SCHOOL DISTRICT,Morrison County,1249,6,0.5,NOT_VERIFIABLE,Rural,0
2174,PINE RIVER-BACKUS SCHOOL DISTRICT,Cass County,915,5,0.5,FOUND_MED_POLICY_ONLY,Rural,0
2805,ZUMBROTA-MAZEPPA SCHOOL DISTRICT,Goodhue County,1240,6,0.5,FOUND_MED_POLICY_ONLY,Rural,0
2149,MINNEWASKA SCHOOL DISTRICT,Pope County,1353,5,0.4,FOUND_SEIZURE_SPECIFIC,Rural,1
181,BRAINERD PUBLIC SCHOOL DISTRICT,Crow Wing County,6306,24,0.4,FOUND_SEIZURE_SPECIFIC,Town,1
300,LA CRESCENT-HOKAH SCHOOL DISTRICT,Houston County,1069,4,0.4,FOUND_MED_POLICY_ONLY,Suburb,0
881,MAPLE LAKE PUBLIC SCHOOL DISTRICT,Wright County,787,3,0.4,FOUND_MED_POLICY_ONLY,Rural,0
912,MILACA PUBLIC SCHOOL DISTRICT,Mille Lacs County,1673,6,0.4,FOUND_SEIZURE_SPECIFIC,Rural,1
2909,Rock Ridge Public Schools,St. Louis County,2501,8,0.3,FOUND_SEIZURE_SPECIFIC,Rural,1
593,CROOKSTON PUBLIC SCHOOL DISTRICT,Polk County,1158,3,0.3,FOUND_MED_POLICY_ONLY,Town,0
738,HOLDINGFORD PUBLIC SCHOOL DISTRICT,Stearns County,1058,3,0.3,FOUND_MED_POLICY_ONLY,Rural,0
186,PEQUOT LAKES PUBLIC SCHOOLS,Crow Wing County,1771,5,0.3,FOUND_SEIZURE_SPECIFIC,Rural,1
255,Pine Island Public School District,Goodhue County,1493,5,0.3,FOUND_SEIZURE_SPECIFIC,Rural,1
2170,STAPLES-MOTLEY SCHOOL DISTRICT,Todd County,948,3,0.3,FOUND_SEIZURE_SPECIFIC,Rural,1
381,LAKE SUPERIOR PUBLIC SCHOOL DIST.,Lake County,1336,4,0.3,FOUND_MED_POLICY_ONLY,Rural,0
94,CLOQUET PUBLIC SCHOOL DISTRICT,Carlton County,2646,6,0.2,FOUND_SEIZURE_SPECIFIC,Town,1
704,PROCTOR PUBLIC SCHOOL DISTRICT,St. Louis County,1868,3,0.2,FOUND_MED_POLICY_ONLY,Suburb,0
31,BEMIDJI PUBLIC SCHOOL DISTRICT,Beltrami County,4874,7,0.1,NOT_VERIFIABLE,Town,0
318,GRAND RAPIDS PUBLIC SCHOOL DISTRICT,Itasca County,4057,3,0.1,FOUND_SEIZURE_SPECIFIC,Rural,1
712,MOUNTAIN IRON-BUHL SCHOOL DISTRICT,St. Louis County,560,,,FOUND_MED_POLICY_ONLY,Town,0
2135,MAPLE RIVER SCHOOL DISTRICT,Blue Earth County,889,,,FOUND_MED_POLICY_ONLY,Rural,0
2137,KINGSLAND PUBLIC SCHOOL DISTRICT,Fillmore County,524,,,FOUND_MED_POLICY_ONLY,Rural,0
2142,ST. LOUIS COUNTY SCHOOL DISTRICT,St. Louis County,2014,,,FOUND_MED_POLICY_ONLY,Rural,0
2198,FILLMORE CENTRAL,Fillmore County,589,,,NOT_FOUND,Rural,0
2215,NORMAN COUNTY EAST SCHOOL DISTRICT,Norman County,209,,,FOUND_MED_POLICY_ONLY,Rural,0
2311,CLEARBROOK-GONVICK SCHOOL DISTRICT,Clearwater County,447,,,FOUND_SEIZURE_SPECIFIC,Rural,1
2683,GREENBUSH-MIDDLE RIVER SCHOOL DIST.,Roseau County,229,,,FOUND_MED_POLICY_ONLY,Rural,0
2754,CEDAR MOUNTAIN SCHOOL DISTRICT,Redwood County,440,,,FOUND_MED_POLICY_ONLY,Rural,0
2854,ADA-BORUP PUBLIC SCHOOL DISTRICT,Norman County,,,,,,
2856,STEPHEN-ARGYLE CENTRAL SCHOOLS,Marshall County,298,,,FOUND_MED_POLICY_ONLY,Rural,0
2886,GLENVILLE-EMMONS SCHOOL DISTRICT,Freeborn County,208,,,FOUND_MED_POLICY_ONLY,Rural,0
2889,LAKE PARK AUDUBON SCHOOL DISTRICT,Becker County,736,,,FOUND_MED_POLICY_ONLY,Rural,0
2897,REDWOOD AREA SCHOOL DISTRICT,Redwood County,1119,,,FOUND_MED_POLICY_ONLY,Town,0
2908,BRANDON-EVANSVILLE PUBLIC SCHOOLS,Douglas County,524,,,FOUND_MED_POLICY_ONLY,Rural,0
2906,RED LAKE COUNTY CENTRAL PUBLIC SCH,Red Lake County,384,,,FOUND_MED_POLICY_ONLY,Rural,0
1,AITKIN PUBLIC SCHOOL DISTRICT,Aitkin County,1054,,,FOUND_MED_POLICY_ONLY,Rural,0
113,WALKER-HACKENSACK-AKELEY SCHL. DIST,Cass County,756,,,FOUND_MED_POLICY_ONLY,Rural,0
242,ALDEN-CONGER PUBLIC SCHOOL DISTRICT,Freeborn County,442,,,FOUND_MED_POLICY_ONLY,Rural,0
261,ASHBY PUBLIC SCHOOL DISTRICT,Grant County,318,,,FOUND_MED_POLICY_ONLY,Rural,0
676,BADGER PUBLIC SCHOOL DISTRICT,Roseau County,224,,,FOUND_MED_POLICY_ONLY,Rural,0
162,BAGLEY PUBLIC SCHOOL DISTRICT,Clearwater County,935,,,FOUND_MED_POLICY_ONLY,Rural,0
146,BARNESVILLE PUBLIC SCHOOL DIST.,Clay County,898,,,FOUND_MED_POLICY_ONLY,Rural,0
91,BARNUM PUBLIC SCHOOL DISTRICT,Carlton County,708,,,NOT_VERIFIABLE,Rural,0
542,BATTLE LAKE PUBLIC SCHOOL DISTRICT,Otter Tail County,404,,,FOUND_MED_POLICY_ONLY,Rural,0
786,BERTHA-HEWITT PUBLIC SCHOOL DIST.,Todd County,522,,,FOUND_MED_POLICY_ONLY,Rural,0
32,BLACKDUCK PUBLIC SCHOOL DISTRICT,Beltrami County,690,,,FOUND_MED_POLICY_ONLY,Rural,0
314,BRAHAM PUBLIC SCHOOL DISTRICT,Isanti County,734,,,FOUND_MED_POLICY_ONLY,Rural,0
801,Browns Valley Public School Dist,Traverse County,173,,,NOT_FOUND,Rural,0
299,CALEDONIA PUBLIC SCHOOL DISTRICT,Houston County,732,,,FOUND_MED_POLICY_ONLY,Rural,0
891,CANBY PUBLIC SCHOOL DISTRICT,Yellow Medicine County,590,,,NOT_VERIFIABLE,Rural,0
93,CARLTON PUBLIC SCHOOL DISTRICT,Carlton County,384,,,FOUND_MED_POLICY_ONLY,Town,0
115,CASS LAKE-BENA PUBLIC SCHOOLS,Cass County,1165,,,FOUND_MED_POLICY_ONLY,Rural,0
227,CHATFIELD PUBLIC SCHOOLS,Olmsted County,897,,,FOUND_SEIZURE_SPECIFIC,Rural,1
323,FRANCONIA PUBLIC SCHOOL DISTRICT,Washington County,,,,NOT_VERIFIABLE,Rural,0
695,CHISHOLM PUBLIC SCHOOL DISTRICT,St. Louis County,688,,,FOUND_MED_POLICY_ONLY,Town,0
771,Chokio-Alberta Public Schools,Stevens County,153,,,FOUND_MED_POLICY_ONLY,Rural,0
391,CLEVELAND PUBLIC SCHOOL DISTRICT,Le Sueur County,559,,,FOUND_MED_POLICY_ONLY,Rural,0
592,CLIMAX-SHELLY PUBLIC SCHOOLS,Polk County,186,,,FOUND_MED_POLICY_ONLY,Rural,0
316,GREENWAY PUBLIC SCHOOL DISTRICT,Itasca County,1066,,,FOUND_MED_POLICY_ONLY,Rural,0
81,COMFREY PUBLIC SCHOOL DISTRICT,Brown County,131,,,FOUND_MED_POLICY_ONLY,Rural,0
95,CROMWELL-WRIGHT PUBLIC SCHOOLS,Carlton County,310,,,FOUND_MED_POLICY_ONLY,Rural,0
182,CROSBY-IRONTON PUBLIC SCHOOL DIST.,Crow Wing County,1007,,,FOUND_MED_POLICY_ONLY,Rural,0
317,DEER RIVER PUBLIC SCHOOL DISTRICT,Itasca County,901,,,FOUND_MED_POLICY_ONLY,Rural,0
514,ELLSWORTH PUBLIC SCHOOL DISTRICT,Nobles County,146,,,FOUND_MED_POLICY_ONLY,Rural,0
696,ELY PUBLIC SCHOOL DISTRICT,St. Louis County,508,,,FOUND_MED_POLICY_ONLY,Rural,0
599,FERTILE-BELTRAMI SCHOOL DISTRICT,Polk County,488,,,FOUND_MED_POLICY_ONLY,Rural,0
600,FISHER PUBLIC SCHOOL DISTRICT,Polk County,229,,,FOUND_MED_POLICY_ONLY,Rural,0
698,FLOODWOOD PUBLIC SCHOOL DISTRICT,St. Louis County,165,,,FOUND_MED_POLICY_ONLY,Rural,0
51,FOLEY PUBLIC SCHOOL DISTRICT,Benton County,1960,,,FOUND_MED_POLICY_ONLY,Rural,0
601,FOSSTON PUBLIC SCHOOL DISTRICT,Polk County,591,,,FOUND_MED_POLICY_ONLY,Rural,0
23,FRAZEE-VERGAS PUBLIC SCHOOL DIST.,Becker County,866,,,FOUND_MED_POLICY_ONLY,Rural,0
561,GOODRIDGE PUBLIC SCHOOL DISTRICT,Pennington County,268,,,FOUND_MED_POLICY_ONLY,Rural,0
495,GRAND MEADOW PUBLIC SCHOOL DISTRICT,Mower County,466,,,FOUND_MED_POLICY_ONLY,Rural,0
203,HAYFIELD PUBLIC SCHOOL DISTRICT,Dodge County,667,,,FOUND_MED_POLICY_ONLY,Rural,0
402,HENDRICKS PUBLIC SCHOOL DISTRICT,Lincoln County,166,,,FOUND_MED_POLICY_ONLY,Rural,0
264,HERMAN-NORCROSS SCHOOL DISTRICT,Grant County,96,,,FOUND_MED_POLICY_ONLY,Rural,0
701,HIBBING PUBLIC SCHOOL DISTRICT,St. Louis County,2190,,,NOT_FOUND,Town,0
2,HILL CITY PUBLIC SCHOOL DISTRICT,Aitkin County,246,,,FOUND_MED_POLICY_ONLY,Rural,0
361,INTERNATIONAL FALLS SCHOOL DISTRICT,Koochiching County,899,,,FOUND_MED_POLICY_ONLY,Town,0
473,ISLE PUBLIC SCHOOL DISTRICT,Mille Lacs County,434,,,FOUND_MED_POLICY_ONLY,Rural,0
403,IVANHOE PUBLIC SCHOOL DISTRICT,Lincoln County,83,,,FOUND_MED_POLICY_ONLY,Rural,0
815,PRINSBURG PUBLIC SCHOOL DISTRICT,Kandiyohi County,,,,NOT_VERIFIABLE,Rural,0
36,KELLIHER PUBLIC SCHOOL DISTRICT,Beltrami County,297,,,FOUND_MED_POLICY_ONLY,Rural,0
739,KIMBALL PUBLIC SCHOOL DISTRICT,Stearns County,751,,,FOUND_MED_POLICY_ONLY,Rural,0
404,LAKE BENTON PUBLIC SCHOOL DISTRICT,Lincoln County,120,,,FOUND_MED_POLICY_ONLY,Rural,0
390,LAKE OF THE WOODS SCHOOL DISTRICT,Lake of the Woods County,473,,,FOUND_MED_POLICY_ONLY,Rural,0
356,LANCASTER PUBLIC SCHOOL DISTRICT,Kittson County,185,,,NOT_VERIFIABLE,Rural,0
229,LANESBORO PUBLIC SCHOOL DISTRICT,Fillmore County,417,,,NOT_FOUND,Rural,0
306,Laporte Public School District,Hubbard County,333,,,FOUND_MED_POLICY_ONLY,Rural,0
362,LITTLEFORK-BIG FALLS SCHOOL DIST.,Koochiching County,338,,,NOT_VERIFIABLE,Rural,0
238,Mabel-Canton Public School District,Fillmore County,265,,,FOUND_MED_POLICY_ONLY,Rural,0
432,MAHNOMEN PUBLIC SCHOOL DISTRICT,Mahnomen County,701,,,FOUND_MED_POLICY_ONLY,Rural,0
447,GRYGLA PUBLIC SCHOOL DISTRICT,Marshall County,134,,,NOT_FOUND,Rural,0
2448,MARTIN COUNTY WEST SCHOOL DISTRICT,Martin County,674,,,FOUND_MED_POLICY_ONLY,Rural,0
4,MCGREGOR PUBLIC SCHOOL DISTRICT,Aitkin County,457,,,FOUND_MED_POLICY_ONLY,Rural,0
821,MENAHGA PUBLIC SCHOOL DISTRICT,Wadena County,989,,,FOUND_MED_POLICY_ONLY,Rural,0
635,MILROY PUBLIC SCHOOL DISTRICT,Redwood County,36,,,FOUND_SEIZURE_SPECIFIC,Rural,1
97,MOOSE LAKE PUBLIC SCHOOL DISTRICT,Carlton County,574,,,FOUND_MED_POLICY_ONLY,Rural,0
319,NASHWAUK-KEEWATIN SCHOOL DISTRICT,Itasca County,599,,,NOT_VERIFIABLE,Rural,0
308,NEVIS PUBLIC SCHOOL DISTRICT,Hubbard County,579,,,FOUND_MED_POLICY_ONLY,Rural,0
553,NEW YORK MILLS PUBLIC SCHOOL DIST.,Otter Tail County,785,,,FOUND_MED_POLICY_ONLY,Rural,0
441,MARSHALL COUNTY CENTRAL SCHOOLS,Marshall County,440,,,NOT_VERIFIABLE,Rural,0
507,NICOLLET PUBLIC SCHOOL DISTRICT,Nicollet County,362,,,FOUND_MED_POLICY_ONLY,Rural,0
333,OGILVIE PUBLIC SCHOOL DISTRICT,Kanabec County,526,,,FOUND_MED_POLICY_ONLY,Rural,0
480,ONAMIA PUBLIC SCHOOL DISTRICT,Mille Lacs County,561,,,FOUND_SEIZURE_SPECIFIC,Rural,1
547,PARKERS PRAIRIE PUBLIC SCHOOL DIST.,Otter Tail County,544,,,FOUND_MED_POLICY_ONLY,Rural,0
116,PILLAGER PUBLIC SCHOOL DISTRICT,Cass County,1228,,,FOUND_SEIZURE_SPECIFIC,Rural,1
25,PINE POINT PUBLIC SCHOOL DISTRICT,Becker County,72,,,FOUND_MED_POLICY_ONLY,Rural,0
195,RANDOLPH PUBLIC SCHOOL DISTRICT,Dakota County,769,,,FOUND_MED_POLICY_ONLY,Rural,0
630,RED LAKE FALLS PUBLIC SCHOOL DIST.,Red Lake County,381,,,NOT_FOUND,Rural,0
38,RED LAKE PUBLIC SCHOOL DISTRICT,Beltrami County,1467,,,NOT_VERIFIABLE,Rural,0
118,NORTHLAND COMMUNITY SCHOOLS,Cass County,361,,,FOUND_MED_POLICY_ONLY,Rural,0
850,ROTHSAY PUBLIC SCHOOL DISTRICT,Wilkin County,309,,,FOUND_MED_POLICY_ONLY,Rural,0
485,ROYALTON PUBLIC SCHOOL DISTRICT,Morrison County,932,,,FOUND_SEIZURE_SPECIFIC,Rural,1
820,SEBEKA PUBLIC SCHOOL DISTRICT,Wadena County,450,,,FOUND_SEIZURE_SPECIFIC,Rural,1
297,SPRING GROVE SCHOOL DISTRICT,Houston County,345,,,FOUND_MED_POLICY_ONLY,Rural,0
85,SPRINGFIELD PUBLIC SCHOOL DISTRICT,Brown County,574,,,FOUND_SEIZURE_SPECIFIC,Rural,1
75,ST. CLAIR PUBLIC SCHOOL DISTRICT,Blue Earth County,762,,,FOUND_MED_POLICY_ONLY,Rural,0
707,NETT LAKE PUBLIC SCHOOL DISTRICT,St. Louis County,40,,,FOUND_MED_POLICY_ONLY,Rural,0
99,ESKO PUBLIC SCHOOL DISTRICT,Carlton County,1275,,,FOUND_SEIZURE_SPECIFIC,Town,1
458,TRUMAN PUBLIC SCHOOL DISTRICT,Martin County,253,,,FOUND_MED_POLICY_ONLY,Rural,0
914,ULEN-HITTERDAL PUBLIC SCHOOL DIST,Clay County,279,,,FOUND_MED_POLICY_ONLY,Rural,0
487,UPSALA PUBLIC SCHOOL DISTRICT,Morrison County,363,,,NOT_VERIFIABLE,Rural,0
640,WABASSO PUBLIC SCHOOL DISTRICT,Redwood County,399,,,FOUND_SEIZURE_SPECIFIC,Rural,1
435,Waubun-Ogema-White Earth Schools,Mahnomen County,699,,,FOUND_MED_POLICY_ONLY,Rural,0
577,WILLOW RIVER PUBLIC SCHOOL DISTRICT,Pine County,423,,,FOUND_MED_POLICY_ONLY,Rural,0
2071,LAKE CRYSTAL-WELLCOME MEMORIAL,Blue Earth County,959,,,FOUND_SEIZURE_SPECIFIC,Rural,1
2358,TRI-COUNTY SCHOOL DISTRICT,Kittson County,197,,,NOT_FOUND,Rural,0
2527,NORMAN COUNTY WEST SCHOOL DISTRICT,Norman County,,,,,,
2609,WIN-E-MAC SCHOOL DISTRICT,Polk County,430,,,FOUND_SEIZURE_SPECIFIC,Rural,1
2711,MESABI EAST SCHOOL DISTRICT,St. Louis County,904,,,FOUND_MED_POLICY_ONLY,Rural,0
2835,JANESVILLE-WALDORF-PEMBERTON,Waseca County,704,,,FOUND_SEIZURE_SPECIFIC,Rural,1
