npi,last_name,first_name,credential,city,state,zip5,lat,lon,is_neurology,is_child_neurology,is_epilepsy
1275594004,ACHENBACH,JANE,MD,CAMBRIDGE,MN,55008,45.57271,-93.27004,True,False,False
1588928543,CARLSON,ERIN,MD,STILLWATER,MN,55082,45.07279,-92.84039,True,False,False
1407101165,CHANDRABALAN,AMEE,D.O.,LAKE ELMO,MN,55042,44.99196,-92.89876,True,False,False
1215964499,CORRY,JESSE,MD,BLOOMINGTON,MN,55435,44.87352,-93.33471,True,False,False
1467561464,FEYMA,TIMOTHY,MD,BLOOMINGTON,MN,55435,44.87352,-93.33471,False,True,False
1386894723,GOENKA,NAILA,MD,OWATONNA,MN,55060,44.05901,-93.22289,True,False,False
1205883964,KONING,DONNA,M.D.,STILLWATER,MN,55082,45.07279,-92.84039,True,False,False
1407048416,MCCABE,MICHAEL,MD,MINNEAPOLIS,MN,55455,44.97358,-93.23316,True,False,False
1730264037,MOORE,JAMES,MD,FARIBAULT,MN,55021,44.29978,-93.27718,True,False,False
1821064650,RAABE,WINFRIED,MD,STILLWATER,MN,55082,45.07279,-92.84039,True,False,False
1003307075,SEVEN,NATHAN,MD,ROCHESTER,MN,55905,44.05595,-92.52583,True,False,False
1679553226,STOKES,PATRICK,MD,STILLWATER,MN,55082,45.07279,-92.84039,True,False,False
1245725308,SYKORA,CORY,,LAKE ELMO,MN,55042,44.99196,-92.89876,True,False,False
1497736045,TODOROW,PLAMEN,MD,BLAINE,MN,55434,45.16809,-93.2505,True,False,False
1285049213,AFFAN,MUHAMMAD,,SAINT LOUIS PARK,MN,55426,44.95532,-93.38088,True,False,False
1154587863,AGARWAL,NITIN,M.B.B.S,SAINT PAUL,MN,55102,44.93189,-93.12161,False,True,False
1427210673,AGGARWAL,HARSH,M.D.,MAPLEWOOD,MN,55109,45.01462,-93.02611,True,False,False
1730506288,AHRENS,STEPHANIE,DO,ROSEVILLE,MN,55113,45.01301,-93.15555,False,True,False
1134365604,ARKILO,DIMITRIOS,M.D.,SAINT PAUL,MN,55102,44.93189,-93.12161,False,True,False
1588807143,ASAITHAMBI,GANESH,M.D.,SAINT PAUL,MN,55102,44.93189,-93.12161,True,False,False
1023227162,ATKINSON,PAUL,M.D.,ROSEVILLE,MN,55113,45.01301,-93.15555,True,False,False
1689849960,BAJWA,JAWAD,,MAPLEWOOD,MN,55109,45.01462,-93.02611,True,False,False
1376500389,BOARDMAN,PETER,M.D.,ST LOUIS PARK,MN,55426,44.95532,-93.38088,True,False,False
1982848412,BROGAN,MICHAEL,,ST. PAUL,MN,55101,44.9513,-93.09023,True,False,False
1104907724,BROMEN,KENNETH,MD,DULUTH,MN,55802,46.75279,-92.08194,True,False,False
1902067002,CHATMAN,MICAELA,MD,ROSEVILLE,MN,55113,45.01301,-93.15555,True,False,False
1346216579,COTRUTA,PAULA,MD,SAINT PAUL,MN,55130,44.97298,-93.08268,True,False,False
1861629578,CURRIER,HEIDI,M.D.,ROSEVILLE,MN,55113,45.01301,-93.15555,False,True,False
1255589321,CZAPANSKY-BEILMAN,DESIREE,MD,SAINT PAUL,MN,55101,44.9513,-93.09023,False,True,False
1710908447,DOESCHER,JASON,MD,SAINT PAUL,MN,55102,44.93189,-93.12161,False,True,False
1134318488,DOONAN,NICOLE,M.D.,SAINT PAUL,MN,55101,44.9513,-93.09023,False,True,False
1376292177,EL KOSSEIFI,CHARBEL,MD,SAINT PAUL,MN,55101,44.9513,-93.09023,False,True,True
1598957409,EMIRU,TENBIT,"MD,  PH.D",ST LOUIS PARK,MN,55426,44.95532,-93.38088,True,False,False
1962829432,ESKURI,JAMIE,M.D.,SAINT PAUL,MN,55101,44.9513,-93.09023,False,True,False
1720255367,ESSE,KATHERINE,MD,ST. PAUL,MN,55102,44.93189,-93.12161,True,False,False
1881937050,FARRIS,MICHAEL,M.D.,SAINT PAUL,MN,55102,44.93189,-93.12161,True,False,False
1619430113,FAYYAZ,MUNIBA,M.D,SAINT PAUL,MN,55102,44.93189,-93.12161,True,False,False
1558335034,FINK,VIVIAN,MD,SAINT PAUL,MN,55101,44.9513,-93.09023,True,False,False
1912101114,FRATTALONE,ANTHONY,MD,SAINT PAUL,MN,55101,44.9513,-93.09023,True,False,False
1578571436,FROST,MICHAEL,MD,SAINT PAUL,MN,55102,44.93189,-93.12161,False,True,False
1710253752,GAO,WANGCAI,M.D.,ST PAUL,MN,55102,44.93189,-93.12161,True,False,False
1376647636,GILLES,ELIZABETH,MD,SAINT PAUL,MN,55102,44.93189,-93.12161,True,True,False
1497826259,GROSMANN,CARLA,M.D.,SAINT PAUL,MN,55101,44.9513,-93.09023,True,False,False
1114333408,GUERRA,HILDALICIA,M.D.,SAINT PAUL,MN,55101,44.9513,-93.09023,True,False,False
1659564946,GULIANI,GAURAV,M.D.,SAINT PAUL,MN,55130,44.97298,-93.08268,True,False,False
1851318711,HAAKE,BRET,MD,SAINT PAUL,MN,55130,44.97298,-93.08268,True,False,False
1366634255,HANNA,JULIE,M.D.,ROSEVILLE,MN,55113,45.01301,-93.15555,True,False,False
1053352567,HOJ,KENNETH,MD,MAPLEWOOD,MN,55109,45.01462,-93.02611,True,False,False
1194179085,HOVERSTEN,KNUT-KJELL,M.D.,SAINT PAUL,MN,55101,44.9513,-93.09023,True,False,False
1215498613,HUANG,MERRY,MD,SAINT PAUL,MN,55102,44.93189,-93.12161,True,False,False
1114022332,HUNGS,MARCEL,MD,SAINT PAUL,MN,55130,44.97298,-93.08268,True,False,False
1851583579,HUSSEIN,HAITHAM,"MD, MSc",SAINT PAUL,MN,55130,44.97298,-93.08268,True,False,False
1205857380,HYSER,CRAIG,MD,SAINT PAUL,MN,55102,44.93189,-93.12161,True,False,False
1285626036,IQBAL,NADEEM,M.D.,MAPLEWOOD,MN,55109,45.01462,-93.02611,True,False,False
1609868470,JACQUES,THOMAS,M.D.,MAPLEWOOD,MN,55109,45.01462,-93.02611,True,False,False
1245443571,JOHNSON,DAVID,M.D.,SAINT PAUL,MN,55130,44.97298,-93.08268,True,False,False
1639512866,JOHNSON,ELLIOT,MD,ST LOUIS PARK,MN,55426,44.95532,-93.38088,True,False,False
1942413273,JOHNSON,JULIA,MD,SAINT PAUL,MN,55130,44.97298,-93.08268,True,False,False
1164652814,KHANAL,DEEPENDRA,M.D.,SAINT PAUL,MN,55101,44.9513,-93.09023,True,False,False
1265790414,KRASNOW,BRIAN,M.D.,SAINT PAUL,MN,55116,44.90973,-93.17024,True,False,False
1689136129,LEE,RYAN,"MD, PhD",SAINT PAUL,MN,55130,44.97298,-93.08268,True,False,False
1811984958,LI,LAURA,M.D.,SAINT PAUL,MN,55130,44.97298,-93.08268,True,False,False
1356333116,MAHDAVI,ZOHREH,M.D.,MAPLEWOOD,MN,55109,45.01462,-93.02611,True,False,False
1982191961,MCCLEARY,KACI,MD,SAINT PAUL,MN,55130,44.97298,-93.08268,True,False,False
1255711123,MENDES,BRYAN,M.D.,ROSEVILLE,MN,55113,45.01301,-93.15555,False,True,False
1154563401,MOEN,AMANDA,MD,MINNEAPOLIS,MN,55454,44.96966,-93.2422,False,True,False
1568041069,MUSHANNEN,TASNIM,,MAPLEWOOD,MN,55109,45.01462,-93.02611,True,False,False
1215501887,NGO,MONICA,MD,SAINT PAUL,MN,55130,44.97298,-93.08268,True,False,False
1134218258,NORBERG,SHANI,M.D.,SAINT PAUL,MN,55101,44.9513,-93.09023,True,True,False
1043309172,ONG,BETTY,MD,SAINT PAUL,MN,55101,44.9513,-93.09023,False,True,False
1629060496,ORMISTON,CHARLES,M.D.,MAPLEWOOD,MN,55109,45.01462,-93.02611,True,False,False
1104873314,PARASHOS,SOTIRIOS,"M.D., Ph.D.",ST LOUIS PARK,MN,55426,44.95532,-93.38088,True,False,False
1770627721,PATEL,SHEETAL,MD,SAINT PAUL,MN,55102,44.93189,-93.12161,True,False,False
1548287436,PENOVICH,PATRICIA,MD,SAINT PAUL,MN,55102,44.93189,-93.12161,True,False,False
1699717561,PETERSON,RICHARD,M.D.,SAINT PAUL,MN,55101,44.9513,-93.09023,True,False,False
1225357338,PHILLIPS,KESTER,MD,SAINT PAUL,MN,55101,44.9513,-93.09023,True,False,False
1265408629,QUINONES,MARIO,MD,ST PAUL,MN,55101,44.9513,-93.09023,True,False,False
1194910406,REDDY,SUDHIR,MD,MINNEAPOLIS,MN,55109,45.01462,-93.02611,True,False,False
1457884017,REEDER,STEPHANIE,MD,MINNEAPOLIS,MN,55417,44.90409,-93.23078,True,False,False
1679681258,REYES,PATRICIO,M.D.,ST. PAUL,MN,55130,44.97298,-93.08268,True,False,False
1740397538,RICHARDSON,RANDAL,"M.D., M.M.S.",SAINT PAUL,MN,55101,44.9513,-93.09023,True,True,False
1104843002,RITTER,FRANK,MD,SAINT PAUL,MN,55102,44.93189,-93.12161,False,True,False
1487938460,SABHARWAL,PRIYANKA,M.D.,SAINT PAUL,MN,55130,44.97298,-93.08268,True,False,False
1902092091,SAHAYA,KINSHUK,MD,ROSEVILLE,MN,55113,45.01301,-93.15555,True,False,True
1548273303,SAMUELSSON,MELISSA,MD,SAINT PAUL,MN,55130,44.97298,-93.08268,True,False,False
1073505822,SCHANFIELD,PAUL,M.D.,MAPLEWOOD,MN,55109,45.01462,-93.02611,True,False,False
1386871614,SHAH,PALAK,MD,ROSEVILLE,MN,55113,45.01301,-93.15555,True,False,False
1992344832,SINGH,ISHPREET,MBBS,SAINT PAUL,MN,55102,44.93189,-93.12161,True,False,False
1518285725,SMITH,DOUGLAS,M.D.,ROSEVILLE,MN,55113,45.01301,-93.15555,False,True,False
1992016562,TAYLOR,CONNIE,MD,SIOUX FALLS,SD,57105,43.52065,-96.73534,False,True,False
1649546813,THOMPSON,SERENA,,ROSEVILLE,MN,55113,45.01301,-93.15555,True,False,False
1255310595,TULLOCH,JOHN,M.D.,MINNEAPOLIS,MN,55455,44.97358,-93.23316,True,False,False
1558335307,UCER,MUSTAFA,MD,SAINT PAUL,MN,55130,44.97298,-93.08268,True,False,False
1861881625,WEINBERGER,STEPHANIE,PA-C,SAINT PAUL,MN,55104,44.95447,-93.16221,True,False,False
1740801034,WHEELER,DARLA,MD,ROSEVILLE,MN,55113,45.01301,-93.15555,True,False,True
1851314173,WHITE,JAMES,M.D.,SAINT PAUL,MN,55102,44.93189,-93.12161,True,False,False
1740360734,WICAL,BEVERLY,MD,SAINT PAUL,MN,55101,44.9513,-93.09023,False,True,False
1912264086,WINSLOW,JESSICA,MD,ROSEVILLE,MN,55113,45.01301,-93.15555,True,False,False
1144894700,ZIEGLER,JOHN,,ST LOUIS PARK,MN,55426,44.95532,-93.38088,True,False,False
1487607495,ABOLS-MANTYH,INGRID,M.D.,BURNSVILLE,MN,55337,44.77668,-93.27503,True,False,False
1942247986,AGGARWAL,RAJIV,"M.B., B.S.",BURNSVILLE,MN,55337,44.77668,-93.27503,True,False,False
1992908826,BEDI,GURDESH,MD,BURNSVILLE,MN,55337,44.77668,-93.27503,True,False,False
1639463185,BERGMAN-BOCK,STUART,M.D.,BURNSVILLE,MN,55337,44.77668,-93.27503,True,False,False
1013224427,BRITO DE ALMEIDA,LEONARDO,M.D.,MINNEAPOLIS,MN,55455,44.97358,-93.23316,True,False,False
1194870634,BROWN,KEVIN,DO,WACONIA,MN,55387,44.85669,-93.77569,True,False,False
1598712465,CHADWICK,DONALD,M.D.,GOLDEN VALLEY,MN,55422,45.00908,-93.33952,False,True,False
1982610739,CORNELIUS,JASON,MD,MAPLE GROVE,MN,55369,45.12644,-93.44629,True,False,False
1952616690,DASTAGIR,AKRAM,M.D.,GOLDEN VALLEY,MN,55422,45.00908,-93.33952,True,False,False
1265488340,DONG,XIAOMING,M.D.,GOLDEN VALLEY,MN,55422,45.00908,-93.33952,True,False,False
1114241676,DORLAND,NATALIA,M.D.,MAPLE GROVE,MN,55369,45.12644,-93.44629,True,False,False
1952354870,ESPINOSA,ARMANTINA,M.D.,BURNSVILLE,MN,55337,44.77668,-93.27503,False,True,False
1306429238,GATES,MICHAEL,MD,BURNSVILLE,MN,55337,44.77668,-93.27503,True,False,False
1992745525,HOROWITZ,CHARLES,M.D.,MAPLE GROVE,MN,55369,45.12644,-93.44629,True,False,False
1194772103,HUBBARD,JACK,"Ph.D., M.D.",BURNSVILLE,MN,55337,44.77668,-93.27503,True,False,False
1588656417,KELKAR,PRAFUL,M.D.,GOLDEN VALLEY,MN,55422,45.00908,-93.33952,True,False,False
1912132572,MORAN,BRIAN,MD,DULUTH,MN,55805,46.80082,-92.09558,True,False,False
1376617449,MYERS,RUTH,MD,BURNSVILLE,MN,55306,44.73069,-93.292,True,False,False
1205049574,OSTRANDER,MATTHEW,MD,GOLDEN VALLEY,MN,55422,45.00908,-93.33952,True,False,False
1841511177,QUBTY,WILLIAM,MD,COON RAPIDS,MN,55433,45.16134,-93.31642,False,True,False
1508803834,SCOTT,LELAND,"M.D., Ph.D.",BURNSVILLE,MN,55337,44.77668,-93.27503,True,False,False
1548572647,SHARAF,ABOUBAKAR,MBBch,MAPLE GROVE,MN,55369,45.12644,-93.44629,True,False,False
1639197502,SILAS,MOLLY,M.D.,CHANHASSEN,MN,55317,44.85809,-93.55192,True,False,False
1538325345,VEEN,LYLA,M.D,COON RAPIDS,MN,55433,45.16134,-93.31642,True,False,False
1144951518,WOLFE,RANDI,,MINNETONKA,MN,55343,44.91441,-93.41625,True,False,False
1912923707,ZHAO,YU,"M.D, O.D",MAPLE GROVE,MN,55369,45.12644,-93.44629,True,False,False
1386718765,ADAM,GEORGE,M.D.,SAINT LOUIS PARK,MN,55416,44.94927,-93.33884,True,False,False
1295017044,AFEEFY,HEBA,"MD, PhD",SAINT CLOUD,MN,56303,45.57441,-94.21155,True,False,False
1508830779,AHMED,ANSAR,MBBS,MINNEAPOLIS,MN,55454,44.96966,-93.2422,True,False,False
1154883122,AKRAM,NIDA,MD,MINNEAPOLIS,MN,55455,44.97358,-93.23316,True,False,False
1487323457,ALABOUDI,MALAK,MD,ROCHESTER,MN,55905,44.05595,-92.52583,True,False,False
1922685528,ALAJBEGOVIC,KATARINA,MD,ROCHESTER,MN,55905,44.05595,-92.52583,True,False,False
1043565757,ALAPATI,JAYASRI,MD,COON RAPIDS,MN,55433,45.16134,-93.31642,True,False,False
1194779389,ALDINGER,JANIECE,M.D.,EDINA,MN,55435,44.87352,-93.33471,True,False,False
1669110607,ALEX,BRIANNA,MD,MINNEAPOLIS,MN,55455,44.97358,-93.23316,True,False,False
1417402751,ALKUWAITI,MOHAMMED,MBBS,MINNEAPOLIS,MN,55455,44.97358,-93.23316,True,False,False
1578748893,ALLEN,JAMES,M.D.,GOLDEN VALLEY,MN,55422,45.00908,-93.33952,True,False,False
1982894010,ALLEN,JEFFREY,M.D.,MINNEAPOLIS,MN,55455,44.97358,-93.23316,True,False,False
1982133674,ALMOAMEN,ALI,MB BCh BAO,MINNEAPOLIS,MN,55404,44.96197,-93.26085,True,False,False
1437103629,ALTAFULLAH,IRFAN,"M.B., B.S.",GOLDEN VALLEY,MN,55422,45.00908,-93.33952,True,False,False
1295775344,ANDERSON,DAVID,MD,MINNEAPOLIS,MN,55415,44.97478,-93.25765,True,False,False
1720607419,AREVALO CANIZALES,YURANY,MD,MINNEAPOLIS,MN,55404,44.96197,-93.26085,True,False,False
1760430128,ARLT,GEOFFREY,MD,MINNEAPOLIS,MN,55407,44.93503,-93.2529,True,False,False
1710610142,ARORA,SHAIFALI,MD,ROCHESTER,MN,55905,44.05595,-92.52583,True,False,False
1457454357,ASHE,JAMES,M.D.,MINNEAPOLIS,MN,55417,44.90409,-93.23078,True,False,False
1699955138,ASHE,KAREN,,MINNEAPOLIS,MN,55455,44.97358,-93.23316,True,False,False
1780329995,BAI,AMERTA,"MBBS, MS",ROCHESTER,MN,55905,44.05595,-92.52583,True,False,False
1184658486,BAKER,LOWELL,m.d.,MINNEAPOLIS,MN,55404,44.96197,-93.26085,True,False,False
1699741058,BANICA-WOLTERS,RALUCA,MD,EDINA,MN,55435,44.87352,-93.33471,True,False,False
1699914143,BANKIM BEHARI PATI,SANDIPAN PATI,,MINNEAPOLIS,MN,55455,44.97358,-93.23316,True,False,True
1326508375,BANKS,SAMANTHA,MD,ROCHESTER,MN,55905,44.05595,-92.52583,True,False,False
1447995659,BAUGHER,ELIZABETH,DO,ROCHESTER,MN,55905,44.05595,-92.52583,False,True,False
1437276573,BAZAKOS,ELIAS,M.D.,COON RAPIDS,MN,55433,45.16134,-93.31642,True,False,False
1457375008,BEATTIE,JEANNE,M.D.,ST LOUIS PARK,MN,55426,44.95532,-93.38088,True,False,False
1093788846,BELGRADE,MILES,MD,MINNEAPOLIS,MN,55454,44.96966,-93.2422,True,False,False
1255911988,BERMUDEZ NOGUERA,CAMILO,"MD, PhD",ROCHESTER,MN,55905,44.05595,-92.52583,True,False,False
1306466230,BERNS,MEAGHAN,MD,MINNEAPOLIS,MN,55404,44.96197,-93.26085,True,False,False
1013263011,BERRY,BRENT,M.D./Ph.D.,GOLDEN VALLEY,MN,55422,45.00908,-93.33952,True,False,False
1982858239,BHATTI,DANISH,MBBS,MINNEAPOLIS,MN,55404,44.96197,-93.26085,True,False,False
1902850159,BIRNBAUM,GARY,M.D.,GOLDEN VALLEY,MN,55422,45.00908,-93.33952,True,False,False
1619358371,BLATTNER,MARGARET,"MD, PhD",ROCHESTER,MN,55905,44.05595,-92.52583,True,False,False
1730152034,BOETTICHER,ABIGAIL,M.D.,MINNEAPOLIS,MN,55407,44.93503,-93.2529,True,True,False
1013544949,BREITENBUCHER,ADA,,MINNEAPOLIS,MN,55454,44.96966,-93.2422,True,False,False
1437185394,BRENINGSTALL,GALEN,M.D.,MINNEAPOLIS,MN,55455,44.97358,-93.23316,False,True,False
1710932009,BRODSKY,IVAN,M.D.,GOLDEN VALLEY,MN,55422,45.00908,-93.33952,True,False,False
1932355120,BROOMALL,EILEEN,MD,ROCHESTER,MN,55905,44.05595,-92.52583,False,True,False
1497374334,BUCIUC,MARINA,MD,ROCHESTER,MN,55905,44.05595,-92.52583,True,False,False
1740236546,BUNDLIE,SCOTT,MD,MINNEAPOLIS,MN,55415,44.97478,-93.25765,True,False,False
1235133851,BURSTEIN,LAWRENCE,M.D.,MINNEAPOLIS,MN,55407,44.93503,-93.2529,True,False,False
1841226735,BUSHARA,KHALAFALLA,"M.B., B.S.",MINNEAPOLIS,MN,55455,44.97358,-93.23316,True,False,False
1841088200,CACCIAGUERRA,LAURA,,ROCHESTER,MN,55905,44.05595,-92.52583,True,False,False
1679756720,CAI,DONGMING,M.D./Ph.D.,MINNEAPOLIS,MN,55416,44.94927,-93.33884,True,False,False
1194765388,CALKWOOD,JONATHAN,M.D.,GOLDEN VALLEY,MN,55422,45.00908,-93.33952,True,False,False
1942355490,CARPENTER,ADAM,M.D.,MINNEAPOLIS,MN,55455,44.97358,-93.23316,True,False,False
1396044806,CATALFAMO,AMY,MD,BLOOMINGTON,MN,55435,44.87352,-93.33471,True,True,False
1922023431,CHA,YOON-HEE,MD,MINNEAPOLIS,MN,55455,44.97358,-93.23316,True,False,False
1063449932,CHARNAS,LAWRENCE,"M.D., PhD",MINNEAPOLIS,MN,55455,44.97358,-93.23316,True,True,False
1225602394,CHAUDHARY,HIRA,MD,ROCHESTER,MN,55905,44.05595,-92.52583,True,False,False
1790074136,CHEEMA,NATASHA,MD,ST LOUIS PARK,MN,55416,44.94927,-93.33884,True,False,False
1235133265,CHIASSON,MARY,D.O.,BLOOMINGTON,MN,55435,44.87352,-93.33471,True,False,False
1225309875,CHO,JAEHOON,M.D.,COON RAPIDS,MN,55433,45.16134,-93.31642,True,False,False
1174839542,CHOI,HYOUNG WON,MD,MINNEAPOLIS,MN,55454,44.96966,-93.2422,False,True,False
1548010309,CHOUHDRY,HIRA,MD,ROCHESTER,MN,55905,44.05595,-92.52583,True,False,False
1972923423,CHRISTNOVICH,ANTHONY,D.O.,MINNEAPOLIS,MN,55455,44.97358,-93.23316,True,False,False
1841263696,CLAVEL,ALFRED,MD,MINNEAPOLIS,MN,55454,44.96966,-93.2422,True,False,False
1003444043,COBURN,RYAN,MD,ROCHESTER,MN,55905,44.05595,-92.52583,True,False,False
1982132528,COLE,MICHAEL,MD,MINNEAPOLIS,MN,55454,44.96966,-93.2422,True,True,False
1750745832,CONNOR,ALLYSON,MD,MINNEAPOLIS,MN,55455,44.97358,-93.23316,True,False,False
1013202100,CONWAY,BRITTANI,M.D.,MINNEAPOLIS,MN,55455,44.97358,-93.23316,True,False,False
1952729824,COOK,MELISSA,,WAUKESHA,WI,53186,43.02337,-88.20311,True,False,False
1649731985,CRANDALL,ROSS,MD,MINNEAPOLIS,MN,55404,44.96197,-93.26085,True,False,False
1265285308,CUNNINGHAM,RIKKI,MD,ROCHESTER,MN,55905,44.05595,-92.52583,True,False,False
1346735750,DABAJA,HICHAM,MD,MINNEAPOLIS,MN,55454,44.96966,-93.2422,False,True,True
1790709855,DAHLQUIST,NEIL,MD,MINNEAPOLIS,MN,55455,44.97358,-93.23316,True,False,False
1205004249,DAMERGIS,JOHN,M.D.,BLOOMINGTON,MN,55435,44.87352,-93.33471,True,False,False
1164403994,DANG,THANH,MD,BLOOMINGTON,MN,55435,44.87352,-93.33471,True,False,False
1205810488,DAVENPORT,JOHN,,ST LOUIS PARK,MN,55426,44.95532,-93.38088,True,False,False
1922426147,DOMINGO,KRISTINE,,MINNEAPOLIS,MN,55455,44.97358,-93.23316,True,False,False
1801474457,DOMINGUEZ,GRACE MARIE NICOLE,MD,ROCHESTER,MN,55905,44.05595,-92.52583,True,False,False
1033113063,DOVE,GERALD,M.D.,BLOOMINGTON,MN,55435,44.87352,-93.33471,True,False,True
1356959761,DUQUE RAMIREZ,ALEJANDRA,MD,MINNEAPOLIS,MN,55404,44.96197,-93.26085,True,False,False
1912199787,EBBERS-FURMANEK,CHRISTINE,D.O.,MINNEAPOLIS,MN,55435,44.87352,-93.33471,True,False,False
1922669076,EDWARDS,CHRISTOPHER,DO,ST LOUIS PARK,MN,55426,44.95532,-93.38088,True,False,False
1154607489,ELGALLAB,JANET,MD,MINNEAPOLIS,MN,55407,44.93503,-93.2529,False,True,False
1316109697,ENDURI,SAILAJA,MD,EDINA,MN,55435,44.87352,-93.33471,True,False,False
1417976077,EVANS,CHAD,M.D.,MINNEAPOLIS,MN,55435,44.87352,-93.33471,True,False,False
1780613075,EXCONDE,RUPERT,M.D.,MINNEAPOLIS,MN,55435,44.87352,-93.33471,True,False,True
1336880525,FARHAT,JORDAN,DO,MINNEAPOLIS,MN,55455,44.97358,-93.23316,True,False,False
1134125560,FARMER,CHARLOTTE,"RN, MA, CNP",MINNEAPOLIS,MN,55407,44.93503,-93.2529,True,False,False
1205321866,FERGUSON,KATHERINE,MD,BLOOMINGTON,MN,55435,44.87352,-93.33471,False,True,False
1093125890,FIGUEROA,MICHAEL,,SAINT LOUIS PARK,MN,55426,44.95532,-93.38088,True,False,False
1689603888,FIOL,MIGUEL,M.D.,MINNEAPOLIS,MN,55455,44.97358,-93.23316,True,False,False
1427071752,FLOBERG,JOHN,MD,MINNEAPOLIS,MN,55455,44.97358,-93.23316,True,False,False
1326095910,FRANCIS,GAIL,M.D.,GOLDEN VALLEY,MN,55422,45.00908,-93.33952,True,False,False
1578548335,FREKING,DANIEL,,ST LOUIS PARK,MN,55426,44.95532,-93.38088,True,False,False
1407981210,FRIDAY,TACJANA,MD,BLAINE,MN,55434,45.16809,-93.2505,True,False,False
1366245706,FRIEDENBERG,ISABEL,,ROCHESTER,MN,55905,44.05595,-92.52583,True,False,False
1548795305,GAGESCH,KELSEY,M.D.,MADISON,WI,53792,43.07754,-89.43065,True,False,False
1710877717,GATTAS,SUSANNAH,MBBS,ROCHESTER,MN,55905,44.05595,-92.52583,True,False,False
1588671259,GEDAN,JOEL,MD,EDINA,MN,55435,44.87352,-93.33471,True,False,False
1528012051,GHAZALI,MASOOD,"M.B., B.S.",COON RAPIDS,MN,55433,45.16134,-93.31642,True,False,False
1447776760,GIUSTE,FELIPE,,ROCHESTER,MN,55905,44.05595,-92.52583,True,False,False
1841584091,GOLDEN,ERIN,MD,MINNEAPOLIS,MN,55415,44.97478,-93.25765,True,False,False
1033113089,GOLDEN,RICHARD,M.D.,MINNEAPOLIS,MN,55407,44.93503,-93.2529,True,False,False
1275796732,GOLDSTEIN,JESSICA,M.D.,MINNEAPOLIS,MN,55454,44.96966,-93.2422,False,True,False
1386223741,GRADIN,COLLIN,MD,ST LOUIS PARK,MN,55426,44.95532,-93.38088,True,False,False
1417951435,GROESCHEL,ANA,M.D.,BLAINE,MN,55434,45.16809,-93.2505,True,False,False
1184360935,GULLAPALLI,GAUTAM,MBBS,ROCHESTER,MN,55905,44.05595,-92.52583,True,False,False
1811561376,HANES,ERNEST,DO,MINNEAPOLIS,MN,55435,44.87352,-93.33471,True,False,False
1750367512,HANSON,SANDRA,MD,ST LOUIS PARK,MN,55426,44.95532,-93.38088,True,False,False
1215458351,HARIHARAN,PRAVEEN,MD,MINNEAPOLIS,MN,55455,44.97358,-93.23316,True,False,False
1942838990,HASS,REECE,,ROCHESTER,MN,55905,44.05595,-92.52583,True,False,False
1326095092,HEIRING,JESSICA,,GOLDEN VALLEY,MN,55422,45.00908,-93.33952,True,False,False
1861257438,HELLER,GREGORY,MD,ROCHESTER,MN,55905,44.05595,-92.52583,True,False,False
1568569085,HENRY,THOMAS,M.D.,MINNEAPOLIS,MN,55455,44.97358,-93.23316,True,False,False
1598057952,HERINGLAKE JASPERS,CHRISTINA,M.D.,COON RAPIDS,MN,55433,45.16134,-93.31642,True,False,False
1154514487,HERNANDEZ,ERIC,"M.D., Ph.D.",WILLMAR,MN,56201,45.10152,-95.0419,True,False,False
1578133799,HERNANDEZ GUILARTE,MARIA,MD,EAU CLAIRE,WI,54703,44.83443,-91.51609,True,False,False
1912709916,HERNANDEZ,JAIRO,MD,ROCHESTER,MN,55905,44.05595,-92.52583,True,False,False
1598929804,HOANG-TIENOR,THUY AN,MD,MINNEAPOLIS,MN,55404,44.96197,-93.26085,True,False,False
1710470836,HOF,CAITLIN,MD,MINNEAPOLIS,MN,55404,44.96197,-93.26085,True,False,False
1114553013,HOLMES,CARMEN,MD,ROCHESTER,MN,55905,44.05595,-92.52583,True,False,False
1407897804,HOWELL,MICHAEL,MD,MINNEAPOLIS,MN,55455,44.97358,-93.23316,True,False,False
1427412584,HRACHOVA,MAYA,,MINNEAPOLIS,MN,55407,44.93503,-93.2529,True,False,False
1871975672,HWANG,BYUNGKWAN,M.D.,MINNEAPOLIS,MN,55407,44.93503,-93.2529,True,False,False
1083661680,IDELKOPE,BRUCE,M.D.,EDINA,MN,55435,44.87352,-93.33471,True,False,False
1134566276,INDAVARAPU,AJIT,MD,MINNEAPOLIS,MN,55415,44.97478,-93.25765,True,False,False
1124068770,INGENITO,ALLAN,M.D.,COON RAPIDS,MN,55433,45.16134,-93.31642,True,True,False
1053630335,IRFAN,MUNA,M.D.,MINNEAPOLIS,MN,55404,44.96197,-93.26085,True,False,False
1518901271,JANARDHAN,VALLABH,MBBS,MINNEAPOLIS,MN,55455,44.97358,-93.23316,True,False,False
1336145051,JANOUSEK,STEVEN,M.D.,BLOOMINGTON,MN,55435,44.87352,-93.33471,True,True,False
1356761639,JARNOT,JESSICA,M.D.,EDINA,MN,55435,44.87352,-93.33471,True,False,False
1538725981,JENSEN,KELSEY,MD,MINNEAPOLIS,MN,55404,44.96197,-93.26085,True,False,False
1669851572,JEWELL,ARMIN,D.O.,ST LOUIS PARK,MN,55426,44.95532,-93.38088,True,False,False
1598342164,JOHNSON,JAMELLE,MD,ROCHESTER,MN,55905,44.05595,-92.52583,True,False,False
1609750686,JOHNSON,REMY,MD,ROCHESTER,MN,55905,44.05595,-92.52583,True,False,False
1861280968,KAROAM,HASSAN,"MD, PhD",ROCHESTER,MN,55905,44.05595,-92.52583,True,False,False
1659532265,KELLY-WILLIAMS,KRISTEN,M.D.,EDINA,MN,55435,44.87352,-93.33471,True,False,False
1831543859,KESER,ZAFER,M.D.,ROCHESTER,MN,55905,44.05595,-92.52583,True,False,False
1619505591,KHASIYEV,FARID,M.D.,MINNEAPOLIS,MN,55455,44.97358,-93.23316,True,False,False
1750761151,KIMREY,KATHRYN,D.O.,EDINA,MN,55435,44.87352,-93.33471,True,False,False
1760185870,KNOPP,RACHEL,,ROCHESTER,MN,55905,44.05595,-92.52583,True,False,False
1245236397,KOHLI,JAGDEEP,MD,FRIDLEY,MN,55432,45.09695,-93.25467,True,False,False
1821529686,KOPEL,DAVID,MD,MINNEAPOLIS,MN,55404,44.96197,-93.26085,True,False,False
1417995036,KRIEL,ROBERT,MD,MINNEAPOLIS,MN,55415,44.97478,-93.25765,True,False,False
1013054386,KUYPER,DANIEL,MD,ST LOUIS PARK,MN,55426,44.95532,-93.38088,True,False,False
1922685940,KYO,TIFFANY,MD,MINNEAPOLIS,MN,55455,44.97358,-93.23316,True,False,False
1033599725,LABIN,EDWARD,MD,GOLDEN VALLEY,MN,55422,45.00908,-93.33952,True,False,False
1366522245,LAKSHMINARAYANAN,KAMAKSHI,MD,MINNEAPOLIS,MN,55455,44.97358,-93.23316,True,False,False
1740237254,LANGENDORF,FREDERICK,MD,MINNEAPOLIS,MN,55415,44.97478,-93.25765,True,False,False
1689678617,LANGER,SARA,M.D.,MINNEAPOLIS,MN,55407,44.93503,-93.2529,True,False,False
1336333509,LARSON-PETERS,SHELLY,M.D.,BLAINE,MN,55434,45.16809,-93.2505,True,False,False
1245234665,LEBOW,STEVEN,M.D.,MINNEAPOLIS,MN,55407,44.93503,-93.2529,True,False,False
1538174073,LEPPIK,ILO,M.D.,MINNEAPOLIS,MN,55416,44.94927,-93.33884,True,False,False
1326143553,LEWIS,SCOTT,"M.D., Ph.D.",MINNEAPOLIS,MN,55417,44.90409,-93.23078,True,False,False
1588198311,LIPSCHULTZ,ADAM,M.D.,MINNEAPOLIS,MN,55455,44.97358,-93.23316,True,False,False
1932392016,LOAVENBRUCK,ADAM,M.D.,MINNEAPOLIS,MN,55404,44.96197,-93.26085,True,False,False
1982608535,LUX,FRED,MD,BLOOMINGTON,MN,55435,44.87352,-93.33471,True,False,False
1306873625,MACDONALD,JOHN,M.D.,GOLDEN VALLEY,MN,55422,45.00908,-93.33952,False,True,False
1013958339,MACK,BRUCE,M.D.,GOLDEN VALLEY,MN,55422,45.00908,-93.33952,True,False,False
1841867769,MAHESHWARY,ANKUSH,MBBS,ROCHESTER,MN,55905,44.05595,-92.52583,True,False,False
1518191089,MAISER,SAMUEL,MD,MINNEAPOLIS,MN,55404,44.96197,-93.26085,True,False,False
1922980473,MANOEL OKU,MARIANA HIROMI,MD,ROCHESTER,MN,55905,44.05595,-92.52583,True,False,False
1588854608,MANOUSAKIS,GEORGIOS,M.D.,MINNEAPOLIS,MN,55455,44.97358,-93.23316,True,False,False
1356720510,MARCELLINO,CHRISTOPHER,M.D.,ROCHESTER,MN,55905,44.05595,-92.52583,True,False,False
1386900827,MARTIN,ANDREW,M.D.,MINNEAPOLIS,MN,55415,44.97478,-93.25765,True,False,False
1285374850,MASHAYEKHI,MATTHEW,DO,ROCHESTER,MN,55905,44.05595,-92.52583,True,False,False
1275574717,MASOOD,MOEEN,"M.B., B.S.",COON RAPIDS,MN,55433,45.16134,-93.31642,True,False,False
1841243029,MATEVA,VESSELINA,M.D.,HUDSON,WI,54016,44.97895,-92.69329,True,False,False
1437999133,MATHIS,GANIRU,MD,ROCHESTER,MN,55905,44.05595,-92.52583,True,False,False
1972859767,MATOS DIAZ,IVAN,M.D.,MINNEAPOLIS,MN,55407,44.93503,-93.2529,True,False,False
1821172123,MCCARTEN,JOHN,MD,MINNEAPOLIS,MN,55417,44.90409,-93.23078,True,False,False
1861805004,MCCULLOUGH-HICKS,MARGY,M.D.,MINNEAPOLIS,MN,55455,44.97358,-93.23316,True,False,False
1750483509,MEEKINS,GREGG,M.D.,MINNEAPOLIS,MN,55417,44.90409,-93.23078,True,False,False
1215563606,MEKLER,JOSHUA,"MD, MS",MINNEAPOLIS,MN,55404,44.96197,-93.26085,True,False,False
1629289319,MENON,UMA,M.D.,MINNEAPOLIS,MN,55404,44.96197,-93.26085,True,False,False
1689427353,MERRILL,REBECCA,MD,ROCHESTER,MN,55905,44.05595,-92.52583,True,False,False
1770927840,METZLER,ABBY,MD,MINNEAPOLIS,MN,55455,44.97358,-93.23316,True,False,False
1861724387,MILLER,BENJAMIN,M.D.,MINNEAPOLIS,MN,55455,44.97358,-93.23316,True,False,False
1598769523,MINETTE,SUSAN,D.O.,BLOOMINGTON,MN,55435,44.87352,-93.33471,True,False,False
1558106096,MODI,TANISH,MBBS,ROCHESTER,MN,55905,44.05595,-92.52583,True,False,False
1396023818,MOJUMDER,DEB,MD,MARSHFIELD,WI,54449,44.63687,-90.19925,True,False,False
1629635503,MONTALVAN AYALA,VICTOR,MD,MINNEAPOLIS,MN,55455,44.97358,-93.23316,True,False,False
1467957290,MONTENEGRO,MONIQUE,,EDINA,MN,55435,44.87352,-93.33471,True,False,False
1780777995,MORIARTY,GERALD,MD,MINNEAPOLIS,MN,55455,44.97358,-93.23316,True,False,False
1649211186,MURPHY,THOMAS,M.D.,COON RAPIDS,MN,55433,45.16134,-93.31642,True,False,False
1457338592,NANCE,MARTHA,,ST LOUIS PARK,MN,55426,44.95532,-93.38088,True,False,False
1790205078,NATTERU,PRASHANT,MD,LA CROSSE,WI,54601,43.80439,-91.1425,True,False,False
1598083081,NEIL,ELIZABETH,M.D.,MINNEAPOLIS,MN,55455,44.97358,-93.23316,True,False,False
1346266574,NI,OLIVER,MD,BLOOMINGTON,MN,55435,44.87352,-93.33471,True,False,False
1588668511,NIEMI,VANDA,M.D.,BLOOMINGTON,MN,55435,44.87352,-93.33471,True,False,False
1700880754,NORAN,STEVEN,MD,EDINA,MN,55435,44.87352,-93.33471,True,False,False
1649227141,NORBACK,BRUCE,M.D.,GOLDEN VALLEY,MN,55422,45.00908,-93.33952,True,False,False
1053203398,OH,JEE EUN,M.B. Ch.B.,ROCHESTER,MN,55905,44.05595,-92.52583,True,False,False
1194980045,OREHEK,ELEANOR,M.D.,BLOOMINGTON,MN,55435,44.87352,-93.33471,True,False,False
1154982585,ORTIZ GUERRERO,GLORIA,MD,ROCHESTER,MN,55905,44.05595,-92.52583,True,False,True
1215973474,OSBORNE,LEE,MD,MINNEAPOLIS,MN,55415,44.97478,-93.25765,True,False,False
1063875334,OSMAN,GAMALELDIN,MD,ROCHESTER,MN,55905,44.05595,-92.52583,True,False,False
1184062200,PANKAJ,PREETHY,M.B.B.S,MINNEAPOLIS,MN,55455,44.97358,-93.23316,True,False,False
1932054426,PARAMASIVAN,NAVEEN,"MBBS, MD",ROCHESTER,MN,55905,44.05595,-92.52583,True,False,False
1730751041,PARAMESWARAN PILLAI,ABHIRAM,M.B.B.S,MINNEAPOLIS,MN,55455,44.97358,-93.23316,True,False,False
1457243263,PARDO,KESHET,M.D.,ROCHESTER,MN,55905,44.05595,-92.52583,True,False,False
1306920111,PARRY,GARETH,MD,MINNEAPOLIS,MN,55455,44.97358,-93.23316,True,False,False
1073514949,PASSINI,BARRY,MD,MINNEAPOLIS,MN,55407,44.93503,-93.2529,True,False,False
1043350366,PATEL,SIMA,M.D.,MINNEAPOLIS,MN,55404,44.96197,-93.26085,True,False,False
1386689552,PATRICK,BARBARA,MD,MINNEAPOLIS,MN,55415,44.97478,-93.25765,True,False,False
1568265924,PHILLIPS,KRYSTYNA,,ROCHESTER,MN,55905,44.05595,-92.52583,True,False,False
1376039412,PICHE,JESSICA,MD,EDINA,MN,55435,44.87352,-93.33471,True,False,False
1295108710,POST,DENISE,"DNP, APRN, CNP",MINNEAPOLIS,MN,55407,44.93503,-93.2529,True,False,False
1619918448,RANDA,DANIEL,M.D.,COON RAPIDS,MN,55433,45.16134,-93.31642,True,False,False
1649534496,RASAMEESORAJ,TANAPORN,M.D.,ST LOUIS PARK,MN,55426,44.95532,-93.38088,True,False,False
1306649314,REDDY,NEHA,,ROCHESTER,MN,55905,44.05595,-92.52583,True,False,False
1679154587,RICHARDSON,CHRISTOPHER,MD,EDINA,MN,55435,44.87352,-93.33471,True,False,False
1568201580,RIGLER,NICOLE,MD,ROCHESTER,MN,55905,44.05595,-92.52583,True,False,False
1760802508,ROBERTSON,JETTER,D.O,MINNEAPOLIS,MN,55455,44.97358,-93.23316,True,False,False
1427851369,RODE,MATTHEW,MD,ROCHESTER,MN,55905,44.05595,-92.52583,True,False,False
1528006418,ROGIN,JOANNE,M.D.,GOLDEN VALLEY,MN,55422,45.00908,-93.33952,True,False,False
1255650826,ROOHANI,PEZHMAN,M.D.,MINNEAPOLIS,MN,55407,44.93503,-93.2529,True,False,False
1649372350,ROTTENBERG,DAVID,M.D.,MINNEAPOLIS,MN,55455,44.97358,-93.23316,True,False,False
1508860578,RUSSELL,DOROTHEA,"RN, MS, CNP",MINNEAPOLIS,MN,55407,44.93503,-93.2529,True,False,False
1770924300,RYAN,CONOR,MD,BLOOMINGTON,MN,55435,44.87352,-93.33471,True,True,False
1588668537,RYBERG,SOREN,MD,MINNEAPOLIS,MN,55407,44.93503,-93.2529,True,False,False
1649625393,SABAYAN,BEHNAM,MD,MINNEAPOLIS,MN,55404,44.96197,-93.26085,True,False,False
1982970463,SAEED,YUMNA,M.D.,BLOOMINGTON,MN,55435,44.87352,-93.33471,True,False,False
1619543840,SANFILIPPO,CHRISTOPHER,DO,ROCHESTER,MN,55905,44.05595,-92.52583,True,False,True
1912990060,SANTIAGO,ANTHONY,MD,MINNEAPOLIS,MN,55455,44.97358,-93.23316,True,False,False
1487696316,SCHAPIRO,RANDALL,M.D.,GOLDEN VALLEY,MN,55422,45.00908,-93.33952,True,False,False
1518547835,SCHIPANI,ELKE,MD,ROCHESTER,MN,55905,44.05595,-92.52583,True,False,False
1649244658,SCHMALSTIEG,WILLIAM,M.D.,MINNEAPOLIS,MN,55455,44.97358,-93.23316,True,False,False
1245234269,SCHRIEFER,THOMAS,M.D.,MINNEAPOLIS,MN,55407,44.93503,-93.2529,True,False,False
1124162169,SCHROCK,LAUREN,M.D.,MINNEAPOLIS,MN,55455,44.97358,-93.23316,True,False,False
1356331011,SCHUT,LAWRENCE,MD,MINNEAPOLIS,MN,55455,44.97358,-93.23316,True,False,False
1598561052,SEGAL,YAHEL,MD,ROCHESTER,MN,55905,44.05595,-92.52583,True,False,False
1073074241,SELLERS,ALEXANDER,MD,MINNEAPOLIS,MN,55404,44.96197,-93.26085,True,False,False
1538164363,SETHNA,MICHAEL,M.D.,BLOOMINGTON,MN,55435,44.87352,-93.33471,True,False,False
1124044334,SHA,ZHIYI,md,MINNEAPOLIS,MN,55455,44.97358,-93.23316,True,False,False
1144422544,SHAHKHAN,SYED,MD,BLOOMINGTON,MN,55435,44.87352,-93.33471,True,False,False
1366230799,SHAMMAS,MARIO,"MD, PhD",ROCHESTER,MN,55905,44.05595,-92.52583,True,False,False
1225391279,SHANDAL,VARUN,MD,MINNEAPOLIS,MN,55407,44.93503,-93.2529,True,False,False
1952533077,SHARIF,ASHFAQ,MD,BLOOMINGTON,MN,55435,44.87352,-93.33471,True,False,False
1295045201,SHARMA,KARTAVYA,MBBS,ROCHESTER,MN,55905,44.05595,-92.52583,True,False,False
1003667635,SHARMA,RISHI,MD,ROCHESTER,MN,55905,44.05595,-92.52583,True,False,False
1093005498,SHEVCHENKO,GENNADIY,MD,MINNEAPOLIS,MN,55406,44.93957,-93.22115,True,False,False
1548264583,SHRONTS,RICHARD,M.D.,MINNEAPOLIS,MN,55407,44.93503,-93.2529,True,False,False
1477593739,SILVERSTEIN,PAUL,MD,GOLDEN VALLEY,MN,55427,45.00628,-93.38022,True,False,False
1891301792,SIMOES JONES,FELIPE JORGE,MD,ROCHESTER,MN,55905,44.05595,-92.52583,True,False,False
1851342778,SINGH,SANJAY,MD,MINNEAPOLIS,MN,55407,44.93503,-93.2529,True,False,False
1619236098,SIT,NATHAN,M.D.,MINNEAPOLIS,MN,55415,44.97478,-93.25765,True,False,False
1114508256,SMITH,MATTHEW,,ROCHESTER,MN,55905,44.05595,-92.52583,True,False,False
1972117018,SNEHAL,ISHA,MBBS,ROCHESTER,MN,55905,44.05595,-92.52583,True,False,True
1013981869,SNYDER,BRUCE,MD,MINNEAPOLIS,MN,55454,44.96966,-93.2422,True,False,False
1033730502,SOHN,MARY,MD,ROCHESTER,MN,55905,44.05595,-92.52583,False,True,False
1639674930,SONBOL,MONA,,COON RAPIDS,MN,55433,45.16134,-93.31642,True,False,False
1639665771,SPAGNA,SYDNEY,MD,ST LOUIS PARK,MN,55426,44.95532,-93.38088,True,False,False
1306092655,SPELTZ,LAURA,MD,MINNEAPOLIS,MN,55454,44.96966,-93.2422,True,True,False
1801881594,SPIEGEL,RONALD,MD,BLOOMINGTON,MN,55435,44.87352,-93.33471,True,True,False
1295911238,STAAB,BETH,M.D.,BLOOMINGTON,MN,55435,44.87352,-93.33471,True,False,False
1376987826,STARNES,DONNIE,MD,ROCHESTER,MN,55905,44.05595,-92.52583,True,False,True
1396787297,STEIN,STEVEN,M.D.,EDINA,MN,55435,44.87352,-93.33471,True,False,False
1558011593,STERK,BRETT,MD,ROCHESTER,MN,55905,44.05595,-92.52583,True,False,False
1629231881,STREIB,CHRISTOPHER,MD,MINNEAPOLIS,MN,55455,44.97358,-93.23316,True,False,False
1780626598,STROBL,FREDERICK,M.D.,GOLDEN VALLEY,MN,55422,45.00908,-93.33952,True,False,False
1225271646,STULC,JESSICA,MD,GOLDEN VALLEY,MN,55422,45.00908,-93.33952,True,False,False
1598326308,STURGILL,FORREST,MD,ROCHESTER,MN,55905,44.05595,-92.52583,True,False,False
1275907156,SUAREZ OLIVEROS,JAVIER,MD,MINNEAPOLIS,MN,55417,44.90409,-93.23078,True,False,False
1174578785,SURI,MUHAMMAD,M.D.,MINNEAPOLIS,MN,55422,45.00908,-93.33952,True,False,False
1912054214,SURI,MUHAMMAD FAREED,MBBS,MINNEAPOLIS,MN,55455,44.97358,-93.23316,True,False,False
1306475686,SYC-MAZUREK,STEPHANIE,"MD, PhD",ROCHESTER,MN,55905,44.05595,-92.52583,True,False,False
1508830605,TANG,JUNGER,M.D.,GOLDEN VALLEY,MN,55422,45.00908,-93.33952,True,False,False
1710982632,TARREL,RONALD,D.O,MINNEAPOLIS,MN,55407,44.93503,-93.2529,True,False,False
1508845272,TAYLOR,FREDERICK,,ST LOUIS PARK,MN,55426,44.95532,-93.38088,True,False,False
1801089024,TENNEBAUM,BRUCE,M.D.,MINNEAPOLIS,MN,55410,44.91187,-93.31958,True,False,False
1376818757,THACKER,TAPAN,,MINNEAPOLIS,MN,55415,44.97478,-93.25765,True,False,False
1861128746,THATIKONDA,NITHISHA,MD,ROCHESTER,MN,55905,44.05595,-92.52583,True,False,False
1487900197,THOMPSON,STEPHEN,MD,MINNEAPOLIS,MN,55455,44.97358,-93.23316,True,False,True
1215984109,TIRYAKI,EZGI,MD,MINNEAPOLIS,MN,55415,44.97478,-93.25765,True,False,False
1821556978,TOBIN,GRACE,MD,MINNEAPOLIS,MN,55455,44.97358,-93.23316,True,False,False
1124210885,TODD,ADAM,,BLOOMINGTON,MN,55435,44.87352,-93.33471,True,False,False
1356704365,TORRISON,JACOB,MD,MINNEAPOLIS,MN,55455,44.97358,-93.23316,True,False,False
1295756518,TRAN-LIM,TERESA,M.D.,ST LOUIS PARK,MN,55426,44.95532,-93.38088,True,False,False
1477791580,TROBIANI,STEVEN,M.D.,ST LOUIS PARK,MN,55416,44.94927,-93.33884,True,False,False
1043051980,TROTTIER,ZACHARY,MD,ROCHESTER,MN,55905,44.05595,-92.52583,True,False,False
1689600595,TRUSHEIM,JOHN,M.D.,EDINA,MN,55435,44.87352,-93.33471,True,False,False
1811085137,TUITE,PAUL,md,MINNEAPOLIS,MN,55455,44.97358,-93.23316,True,False,False
1700841327,VITEK,JERROLD,MD,MINNEAPOLIS,MN,55455,44.97358,-93.23316,True,False,False
1538180864,WALCZAK,THADDEUS,M.D.,MINNEAPOLIS,MN,55416,44.94927,-93.33884,True,False,False
1679674501,WALK,DAVID,MD,MINNEAPOLIS,MN,55455,44.97358,-93.23316,True,False,False
1790997393,WANG,SONYA,M.D.,MINNEAPOLIS,MN,55416,44.94927,-93.33884,False,True,False
1023692787,WEBB,LAUREN,MD,ROCHESTER,MN,55905,44.05595,-92.52583,True,False,False
1215467790,WEBB-KAY,KEVIN,MD,ST LOUIS PARK,MN,55426,44.95532,-93.38088,True,False,False
1699079533,WESTREICH,GILBERT,M.D.,MINNEAPOLIS,MN,55403,44.96998,-93.2857,True,False,False
1104068303,WEXLER,ERIKA,M.D.,BLOOMINGTON,MN,55435,44.87352,-93.33471,True,True,False
1235459165,WILLGING,JEFFREY,M.D.,MINNEAPOLIS,MN,55455,44.97358,-93.23316,True,False,False
1265067367,WILLIAMS,ANDREW,MD,MINNEAPOLIS,MN,55404,44.96197,-93.26085,True,False,False
1033196969,WORLEY,JOHN,D.O.,ST LOUIS PARK,MN,55426,44.95532,-93.38088,True,False,False
1578909172,YEAGER,CHRISTINE,M.D.,MINNEAPOLIS,MN,55455,44.97358,-93.23316,True,False,False
1528322880,YOUN,ERICA,M.D.,BLOOMINGTON,MN,55435,44.87352,-93.33471,True,True,False
1831197326,YOUNG,MARK,M.D.,MINNEAPOLIS,MN,55407,44.93503,-93.2529,True,False,False
1477903995,ZEESE,JAMES,M.D.,MINNEAPOLIS,MN,55405,44.97026,-93.30476,True,False,False
1528387784,ZERIS,STAMATIS,MD,MINNEAPOLIS,MN,55415,44.97478,-93.25765,True,False,False
1609089994,ZINN,MATTHIAS,M.D.,MINNEAPOLIS,MN,55454,44.96966,-93.2422,False,True,False
1992721658,ZUBKOV,ALEXANDER,"MD, PhD",EDINA,MN,55435,44.87352,-93.33471,True,False,False
1477598977,ZWIEBEL,FELIX,M.D.,EDINA,MN,55435,44.87352,-93.33471,True,False,False
1760528418,ERICKSON,AMBER,MD,FLOODWOOD,MN,55736,46.96363,-92.93793,True,False,False
1013203033,BEAUDUY,CHENA,D.O.,DULUTH,MN,55805,46.80082,-92.09558,True,False,False
1023051356,BEAVER,GARY,DO,DULUTH,MN,55805,46.80082,-92.09558,True,False,False
1730141466,CRISOSTOMO,EDGARDO,M.D.,FARGO,ND,58104,46.79325,-96.83971,True,False,False
1174718027,HALLQUIST,ROBERTA,M.D.,DULUTH,MN,55812,46.81162,-92.07396,True,False,False
1639524770,HAYES,MICHAEL,MD,DULUTH,MN,55805,46.80082,-92.09558,True,False,False
1407889330,HOLT,WOLCOTT,,DULUTH,MN,55805,46.80082,-92.09558,True,False,False
1518346188,HVIDSTON,JACOB,M.D.,DULUTH,MN,55805,46.80082,-92.09558,True,False,False
1649774647,ILGARLI,ALLAHSHUKUR,MD,DULUTH,MN,55805,46.80082,-92.09558,False,True,False
1588669253,KAPLAN,DOUGLAS,MD,DULUTH,MN,55805,46.80082,-92.09558,True,False,False
1164534533,KROHN,KIMBERLY,MD,DULUTH,MN,55805,46.80082,-92.09558,False,True,False
1487688933,MEYERSON,REBECCA,,DULUTH,MN,55805,46.80082,-92.09558,True,False,False
1770011272,ROSTAD,STEPHEN,MD,DULUTH,MN,55805,46.80082,-92.09558,True,False,False
1891281846,ABDULRAZAQ,AISHA,,ROCHESTER,MN,55905,44.05595,-92.52583,True,False,False
1629053772,ADAMS,ANDREA,M.D.,ROCHESTER,MN,55905,44.05595,-92.52583,True,False,False
1386629335,AHLSKOG,JOHN,,ROCHESTER,MN,55905,44.05595,-92.52583,True,False,False
1952750416,AJINKYA,SHAUN,M.D.,ROCHESTER,MN,55905,44.05595,-92.52583,True,False,False
1720063878,AKSAMIT,ALLEN,M.D.,ROCHESTER,MN,55905,44.05595,-92.52583,True,False,False
1396399184,ALAMR,MAZEN,M.B.B.S,ROCHESTER,MN,55905,44.05595,-92.52583,True,False,False
1376292573,ALEXANDRES,CHRISTINA,MD,ROCHESTER,MN,55905,44.05595,-92.52583,True,False,False
1285184093,ALHAMMAD,REEM,MBBS,ROCHESTER,MN,55905,44.05595,-92.52583,True,False,False
1538591953,ALI,FARWA,MBBS,ROCHESTER,MN,55905,44.05595,-92.52583,True,False,False
1396009890,ANANDAN,CHARENYA,M. D.,ROCHESTER,MN,55905,44.05595,-92.52583,True,False,False
1770996340,ANDERSON,DANIEL,D.O.,LA CROSSE,WI,54601,43.80439,-91.1425,True,False,False
1972155513,ARIZA HUTCHINSON,VALERIA,MD,ROCHESTER,MN,55905,44.05595,-92.52583,True,False,False
1003227554,ARNOLD,CATHERINE,MD,ROCHESTER,MN,55905,44.05595,-92.52583,True,False,False
1114157856,ARUMAITHURAI,KOGULAVADANAN,MD,ROCHESTER,MN,55905,44.05595,-92.52583,True,False,False
1912972274,ATKINSON,PATTY,M.D.,ROCHESTER,MN,55905,44.05595,-92.52583,True,False,False
1063876902,BARKER,LINA,M.D.,ROCHESTER,MN,55905,44.05595,-92.52583,True,False,False
1316910573,BARTLESON,JOHN,M.D.,ROCHESTER,MN,55905,44.05595,-92.52583,True,False,False
1629680145,BEECHER,GRAYSON,MD,ROCHESTER,MN,55905,44.05595,-92.52583,True,False,False
1972578169,BENARROCH,EDUARDO,M.D.,ROCHESTER,MN,55905,44.05595,-92.52583,True,False,False
1679779474,BERINI,SARAH,,ROCHESTER,MN,55905,44.05595,-92.52583,True,False,False
1336884600,BLANDEN,FIORELLA,MD,ROCHESTER,MN,55905,44.05595,-92.52583,True,False,False
1689323800,BLAZEK RAMSAY,AUDREY,MD,ROCHESTER,MN,55905,44.05595,-92.52583,True,False,False
1649384405,BODENSTEINER,JOHN,M.D.,ROCHESTER,MN,55905,44.05595,-92.52583,True,True,False
1851378962,BOES,CHRISTOPHER,M.D.,ROCHESTER,MN,55905,44.05595,-92.52583,True,False,False
1053397216,BOEVE,BRADLEY,M.D.,ROCHESTER,MN,55905,44.05595,-92.52583,True,False,False
1922363308,BOTHA,HUGO,MBChB,ROCHESTER,MN,55905,44.05595,-92.52583,True,False,False
1730166513,BOWER,JAMES,M.D.,ROCHESTER,MN,55905,44.05595,-92.52583,True,False,False
1992090302,BRAKSICK,SHERRI,MD,ROCHESTER,MN,55905,44.05595,-92.52583,True,False,False
1710963921,BRITTON,JEFFREY,M.D.,ROCHESTER,MN,55905,44.05595,-92.52583,True,False,False
1942287032,BROWN,ROBERT,M.D.,ROCHESTER,MN,55905,44.05595,-92.52583,True,False,False
1366097370,BUDHRAM,ADRIAN,,ROCHESTER,MN,55905,44.05595,-92.52583,True,False,False
1265750962,BUNYAN,REEM,MD,ROCHESTER,MN,55905,44.05595,-92.52583,True,False,False
1710419270,BURANIQI,ERSIDA,M.D.,ROCHESTER,MN,55905,44.05595,-92.52583,False,True,False
1598995722,BURKHOLDER,DAVID,,ROCHESTER,MN,55905,44.05595,-92.52583,True,False,True
1083020499,CARABENCIOV,IVAN,M.D.,ROCHESTER,MN,55905,44.05595,-92.52583,True,False,False
1407484363,CAROLAN,JACOB,MD,ROCHESTER,MN,55901,44.06977,-92.50688,True,False,False
1144200437,CASCINO,GREGORY,M.D.,ROCHESTER,MN,55905,44.05595,-92.52583,True,False,True
1720065568,CASCINO,TERRENCE,M.D.,ROCHESTER,MN,55905,44.05595,-92.52583,True,False,False
1316524119,CHANG,BRYCE,MD,ROCHESTER,MN,55905,44.05595,-92.52583,True,False,False
1346071487,CHEEMA,IKREET,MD,ROCHESTER,MN,55905,44.05595,-92.52583,True,False,False
1346867264,CHIA,NICHOLAS,MBBS,ROCHESTER,MN,55905,44.05595,-92.52583,True,False,False
1568872414,CHIANG,CHIA-CHUN,MD,ROCHESTER,MN,55905,44.05595,-92.52583,True,False,False
1720494222,CHOU,CLAUDIA,M.D.,ROCHESTER,MN,55905,44.05595,-92.52583,True,False,False
1568435071,CHUKWUDELUNZU,FELIX,MD,EAU CLAIRE,WI,54703,44.83443,-91.51609,True,False,False
1730193269,CLARK,HEATHER,"PhD, CCC-SLP",ROCHESTER,MN,55905,44.05595,-92.52583,True,False,False
1740467422,COFFMAN,KEITH,MD,ROCHESTER,MN,55905,44.05595,-92.52583,True,True,False
1053541292,COON,ELIZABETH,MD,ROCHESTER,MN,55905,44.05595,-92.52583,True,False,False
1073532396,COTHRON,ANNA,MD,EAU CLAIRE,WI,54703,44.83443,-91.51609,True,False,False
1013264167,COUILLARD,PHILIPPE,,ROCHESTER,MN,55905,44.05595,-92.52583,True,False,False
1760837488,COX,BENJAMIN,M.D.,ROCHESTER,MN,55905,44.05595,-92.52583,True,False,False
1497702526,CRAMER-BORNEMANN,MICHEL,MD,ROCHESTER,MN,55904,43.95996,-92.40063,True,False,False
1821539024,CROSS,MADELINE,M.D.,ROCHESTER,MN,55905,44.05595,-92.52583,True,False,False
1023095940,CROSS,SHELLEY,M.D.,ROCHESTER,MN,55905,44.05595,-92.52583,True,False,False
1558332163,CRUM,BRIAN,M.D.,ROCHESTER,MN,55905,44.05595,-92.52583,True,False,False
1194702373,CUTRER,FRED,M.D.,ROCHESTER,MN,55905,44.05595,-92.52583,True,False,False
1790006450,CUTSFORTH-GREGORY,JEREMY,MD,ROCHESTER,MN,55905,44.05595,-92.52583,True,False,False
1457515173,DATAR,SUDHIR,MD,ROCHESTER,MN,55905,44.05595,-92.52583,True,False,False
1144664806,DAWSON,ELLIOT,,ROCHESTER,MN,55905,44.05595,-92.52583,True,False,False
1669594750,DE LUCA,GABRIELE,MD,ROCHESTER,MN,55905,44.05595,-92.52583,True,False,False
1891113833,DEVINE,MICHELLE,MD,ROCHESTER,MN,55904,43.95996,-92.40063,True,False,False
1659652162,DHAWAN,PRIYA,MD,ROCHESTER,MN,55905,44.05595,-92.52583,True,False,False
1255072674,DOWNS,AARON,MD,ROCHESTER,MN,55905,44.05595,-92.52583,False,True,False
1063498806,DRUBACH,DANIEL,M.D.,ROCHESTER,MN,55905,44.05595,-92.52583,True,False,False
1851648422,DUBEY,DIVYANSHU,,ROCHESTER,MN,55905,44.05595,-92.52583,True,False,False
1982683470,DYCK,P. JAMES,M.D.,ROCHESTER,MN,55905,44.05595,-92.52583,True,False,False
1104205160,EDLUND,WENDY,MD,ROCHESTER,MN,55905,44.05595,-92.52583,True,False,False
1194795641,EGGERS,SCOTT,M.D.,ROCHESTER,MN,55905,44.05595,-92.52583,True,False,False
1922071323,EMSLIE SMITH,ALISON,"M.D., PhD",ROCHESTER,MN,55905,44.05595,-92.52583,True,False,False
1811973837,EVANS,BRUCE,M.D.,ROCHESTER,MN,55905,44.05595,-92.52583,True,False,False
1467223438,FAWAZ,CHERINE,MD,ROCHESTER,MN,55905,44.05595,-92.52583,True,False,False
1902882020,FEALEY,ROBERT,M.D.,ROCHESTER,MN,55905,44.05595,-92.52583,True,False,False
1780946756,FINE,ANTHONY,,ROCHESTER,MN,55905,44.05595,-92.52583,True,False,True
1033812490,FINN,ERIN,MD,ROCHESTER,MN,55905,44.05595,-92.52583,True,False,False
1649435058,FLANAGAN,EOIN,M.B.B.Ch.,ROCHESTER,MN,55905,44.05595,-92.52583,True,False,False
1215900329,FLEMMING,KELLY,M.D.,ROCHESTER,MN,55905,44.05595,-92.52583,True,False,False
1932185980,FOLGER,WALTER,M.D.,ROCHESTER,MN,55905,44.05595,-92.52583,True,False,False
1386621126,FRANK,ANDREW,M.D.,ROCHESTER,MN,55905,44.05595,-92.52583,True,False,False
1083818140,FUGATE,JENNIFER,D.O.,ROCHESTER,MN,55905,44.05595,-92.52583,True,False,False
1164492518,FULGHAM,JIMMY,M.D.,ROCHESTER,MN,55905,44.05595,-92.52583,True,False,False
1114906583,GARZA,IVAN,M.D.,ROCHESTER,MN,55905,44.05595,-92.52583,True,False,False
1558333005,GAVRILOVA,RALITZA,M.D.,ROCHESTER,MN,55905,44.05595,-92.52583,True,False,False
1235303678,GHOSH,PARTHA,MD,ROCHESTER,MN,55905,44.05595,-92.52583,True,True,False
1033670294,GIL TOMMEE,CAROLINA,MD,ROCHESTER,MN,55905,44.05595,-92.52583,True,False,True
1396976569,GRAFF-RADFORD,JONATHAN,MD,ROCHESTER,MN,55905,44.05595,-92.52583,True,False,False
1528401296,GREGG,NICHOLAS,M.D.,ROCHESTER,MN,55905,44.05595,-92.52583,True,False,True
1619657525,HARINESAN,NIMALAN,MBBS,ROCHESTER,MN,55905,44.05595,-92.52583,True,False,False
1801873922,HARPER,CHARLES,M.D.,ROCHESTER,MN,55905,44.05595,-92.52583,True,False,False
1871745638,HASSAN,ANHAR,MBBCh.,ROCHESTER,MN,55905,44.05595,-92.52583,True,False,False
1316497894,HAWKES,MAXIMILIANO,M.D,ROCHESTER,MN,55905,44.05595,-92.52583,True,False,False
1023497955,HEWITT,ANGELA,MD,ROCHESTER,MN,55905,44.05595,-92.52583,False,True,False
1861195075,HILL,KATHERINE,MD,ROCHESTER,MN,55905,44.05595,-92.52583,True,False,False
1396184743,HOCQUARD,KATE,M.D.,ROCHESTER,MN,55904,43.95996,-92.40063,True,False,False
1306130844,HOFFMAN,ERNEST,"DO, PhD",ROCHESTER,MN,55905,44.05595,-92.52583,True,False,False
1417534298,HOOSHMAND,SARA,MD,ROCHESTER,MN,55905,44.05595,-92.52583,True,False,False
1679139687,IGHODARO,ESEOSA,"MD, PhD",ROCHESTER,MN,55905,44.05595,-92.52583,True,False,False
1477010882,ITOH,CHRISTOPHER,"MD, MHS",ROCHESTER,MN,55905,44.05595,-92.52583,True,False,False
1134583503,JACKSON,LAUREN,M.D.,ROCHESTER,MN,55905,44.05595,-92.52583,True,False,False
1356019160,JACKSON-TARLTON,CAITLIN,MD,ROCHESTER,MN,55905,44.05595,-92.52583,True,False,False
1245882380,JAGADISH,SPOORTHI,,EAU CLAIRE,WI,54703,44.83443,-91.51609,True,False,False
1750508453,JOHNSON,DEREK,M.D.,ROCHESTER,MN,55905,44.05595,-92.52583,True,False,False
1588014690,JOHNSON,STEPHEN,MD,ROCHESTER,MN,55905,44.05595,-92.52583,True,False,False
1295281632,JOLLIFFE,EVAN,M.B. Ch.B.,ROCHESTER,MN,55905,44.05595,-92.52583,True,False,False
1427312362,JONES,AMY,MD,ROCHESTER,MN,55905,44.05595,-92.52583,True,False,False
1932669884,JONES,BRANDON,MD,ROCHESTER,MN,55905,44.05595,-92.52583,False,True,False
1881840403,JONES,DAVID,MD,ROCHESTER,MN,55905,44.05595,-92.52583,True,False,False
1235117474,JONES,LYELL,M.D.,ROCHESTER,MN,55905,44.05595,-92.52583,True,False,False
1881973428,JOSEPH,VALENTINA,MBBS,ROCHESTER,MN,55905,44.05595,-92.52583,True,False,False
1326011289,JOSEPHS,KEITH,M.D.,ROCHESTER,MN,55905,44.05595,-92.52583,True,False,False
1265405922,JUNNA,MITHRI,M.D.,ROCHESTER,MN,55905,44.05595,-92.52583,True,False,False
1225015464,KANTARCI,ORHUN,M.D.,ROCHESTER,MN,55905,44.05595,-92.52583,True,False,False
1750727046,KASSARDJIAN,CHARLES,MD,ROCHESTER,MN,55905,44.05595,-92.52583,True,False,False
1326100363,KEATING,GESINA,MD,ROCHESTER,MN,55905,44.05595,-92.52583,True,True,False
1659345130,KEEGAN,BRIAN,M.D.,ROCHESTER,MN,55905,44.05595,-92.52583,True,False,False
1497134464,KELLY,CECILIA,,ROCHESTER,MN,55905,44.05595,-92.52583,True,False,False
1043452337,KHAN,MUHIB,MD,ROCHESTER,MN,55905,44.05595,-92.52583,True,False,False
1144648429,KHATTAK,JAMAL,M.D.,ROCHESTER,MN,55905,44.05595,-92.52583,True,False,False
1861471203,KIMMEL,DAVID,M.D.,ROCHESTER,MN,55905,44.05595,-92.52583,True,False,False
1194019307,KISSOON,NARAYAN,MD,ROCHESTER,MN,55905,44.05595,-92.52583,True,False,False
1861622375,KLAAS,JAMES,MD,ROCHESTER,MN,55905,44.05595,-92.52583,True,False,False
1184603144,KLASSEN,BRYAN,M.D.,ROCHESTER,MN,55905,44.05595,-92.52583,True,False,False
1780658377,KLEIN,CHRISTOPHER,M.D.,ROCHESTER,MN,55905,44.05595,-92.52583,True,False,False
1306818273,KNOPMAN,DAVID,M.D.,ROCHESTER,MN,55905,44.05595,-92.52583,True,False,False
1942272950,KOTAGAL,SURESH,"M.D., B.S.",ROCHESTER,MN,55905,44.05595,-92.52583,True,False,False
1649764291,KOTHAPALLI,NAGA PRADYUMNA,M.B.B.S.,MANKATO,MN,56001,44.13203,-93.97704,True,False,False
1376515551,KRUEGER,BRUCE,M.D.,ROCHESTER,MN,55905,44.05595,-92.52583,True,False,False
1073588729,KUMAR,NEERAJ,M.D.,ROCHESTER,MN,55905,44.05595,-92.52583,True,False,False
1750369427,LACHANCE,DANIEL,M.D.,ROCHESTER,MN,55905,44.05595,-92.52583,True,False,False
1336126267,LAGERLUND,TERRENCE,M.D.,ROCHESTER,MN,55905,44.05595,-92.52583,True,False,True
1114371416,LAMOTTE,GUILLAUME,M.D.,ROCHESTER,MN,55905,44.05595,-92.52583,True,False,False
1386394831,LANG,JONATHAN,"MD, PhD",ROCHESTER,MN,55905,44.05595,-92.52583,True,False,False
1952373334,LAUGHLIN,RUPLE,M.D.,ROCHESTER,MN,55905,44.05595,-92.52583,True,False,False
1578096152,LAVROV,IGOR,"M.D., Ph.D.",ROCHESTER,MN,55905,44.05595,-92.52583,True,False,False
1942396536,LEEP HUNDERFUND,ANDREA,M.D.,ROCHESTER,MN,55905,44.05595,-92.52583,True,False,False
1821078312,LEUNG,EDWARD,M.D.,ROCHESTER,MN,55905,44.05595,-92.52583,False,True,False
1912108333,LIEWLUCK,TEERIN,MD,ROCHESTER,MN,55905,44.05595,-92.52583,True,False,False
1730759556,LIM,SANGHEE,"MD, PhD",ROCHESTER,MN,55905,44.05595,-92.52583,True,False,False
1760680615,LIPFORD,MELISSA,MD,ROCHESTER,MN,55905,44.05595,-92.52583,True,False,False
1841270980,LITCHY,WILLIAM,M.D.,ROCHESTER,MN,55905,44.05595,-92.52583,True,False,False
1669175055,LIU,ANNA,MD,ROCHESTER,MN,55905,44.05595,-92.52583,True,False,False
1770557100,LOW,PHILLIP,M.D.,ROCHESTER,MN,55905,44.05595,-92.52583,True,False,False
1467430686,LUCCHINETTI,CLAUDIA,M.D.,ROCHESTER,MN,55905,44.05595,-92.52583,True,False,False
1255630182,LUNDSTROM,BRIAN,PhD,ROCHESTER,MN,55905,44.05595,-92.52583,True,False,True
1528389244,MADIGAN,NICOLAS,MBChB,ROCHESTER,MN,55905,44.05595,-92.52583,True,False,False
1750797460,MANTYH,WILLIAM,MD,ROCHESTER,MN,55905,44.05595,-92.52583,True,False,False
1780365304,MARTINEZ SOSA,SANTIAGO,MBBS,ROCHESTER,MN,55905,44.05595,-92.52583,True,False,False
1518221415,MARTINEZ-THOMPSON,JENNIFER,MD,ROCHESTER,MN,55905,44.05595,-92.52583,True,False,False
1285881425,MASSIE,RAMI,MD,ROCHESTER,MN,55905,44.05595,-92.52583,True,False,False
1316158116,MATARESE,CHRISTINE,DO,ROCHESTER,MN,55905,44.05595,-92.52583,False,True,False
1447277348,MAUERMANN,MICHELLE,MD,ROCHESTER,MN,55905,44.05595,-92.52583,True,False,False
1457883563,MCCARTER,STUART,MD,ROCHESTER,MN,55905,44.05595,-92.52583,True,False,False
1912676735,MCCOMBE,JENNIFER,"MD, MPH, FRCPC",ROCHESTER,MN,55905,44.05595,-92.52583,True,False,False
1174503908,MCEVOY,KATHLEEN,M.D.,ROCHESTER,MN,55905,44.05595,-92.52583,True,False,False
1558480087,MCKEON,ANDREW,MD,ROCHESTER,MN,55905,44.05595,-92.52583,True,False,False
1588643605,MEISSNER,IRENE,M.D.,ROCHESTER,MN,55905,44.05595,-92.52583,True,False,False
1245219377,MILONE,MARGHERITA,M.D.,ROCHESTER,MN,55905,44.05595,-92.52583,True,False,False
1598298317,MIRMAN,IGAL,MD,ROCHESTER,MN,55905,44.05595,-92.52583,True,False,False
1831456961,MITTAL,SHIVAM,M.D.,ROCHESTER,MN,55905,44.05595,-92.52583,True,False,False
1750188389,MONTINI,FEDERICO,"MD, PhD",ROCHESTER,MN,55905,44.05595,-92.52583,True,False,False
1720441967,MOUSTAFA,BAYAN,D.O,EAU CLAIRE,WI,54703,44.83443,-91.51609,True,False,False
1679920219,MURRAY,ANN,M.D.,ROCHESTER,MN,55905,44.05595,-92.52583,True,True,False
1639602204,MUSTAFA,RAFID,MD,ROCHESTER,MN,55905,44.05595,-92.52583,True,False,False
1245529676,NASR,DEENA,D.O,ROCHESTER,MN,55905,44.05595,-92.52583,True,False,False
1154071330,NATH,SAMIR,MD,ROCHESTER,MN,55905,44.05595,-92.52583,True,False,False
1376278259,NATHOO,NABEELA,"MD, PhD, FRCPC",ROCHESTER,MN,55905,44.05595,-92.52583,True,False,False
1093210775,NETH,BRYAN,MD,ROCHESTER,MN,55905,44.05595,-92.52583,True,False,False
1265135776,NGUYEN,RYAN,,ROCHESTER,MN,55905,44.05595,-92.52583,True,False,False
1679545354,NICKELS,KATHERINE,M.D.,ROCHESTER,MN,55905,44.05595,-92.52583,True,True,True
1811976889,NOSEWORTHY,JOHN,M.D.,ROCHESTER,MN,55905,44.05595,-92.52583,True,False,False
1316250830,O'FERRALL,ERIN,MD,ROCHESTER,MN,55905,44.05595,-92.52583,True,False,False
1346214152,O'NEILL,BRIAN,M.D.,ROCHESTER,MN,55905,44.05595,-92.52583,True,False,False
1326509225,OAKLEY,CARLEE,MD,ROCHESTER,MN,55905,44.05595,-92.52583,True,False,False
1447645668,OISHI,TATSUYA,M.D.,ROCHESTER,MN,55905,44.05595,-92.52583,True,False,False
1508204637,PAGANI-ESTEVEZ,GABRIEL,MD,ROCHESTER,MN,55905,44.05595,-92.52583,True,False,False
1326591967,PARKS,NATALIE,M.D.,ROCHESTER,MN,55905,44.05595,-92.52583,True,False,False
1932193786,PATTERSON,MARC,MD,ROCHESTER,MN,55905,44.05595,-92.52583,True,True,False
1710389580,PAYNE,ERIC,M.D.,ROCHESTER,MN,55905,44.05595,-92.52583,True,True,False
1982848123,PAZ SOLDAN,MIGUEL,MD,ROCHESTER,MN,55905,44.05595,-92.52583,True,False,False
1750732863,PEREZ RODRIGUEZ,RAFAEL,MD,EAU CLAIRE,WI,54703,44.83443,-91.51609,True,False,True
1124802236,PERMEZEL,FIONA,MBBS,ROCHESTER,MN,55905,44.05595,-92.52583,True,False,False
1457473043,PERRY,DAVID,MD,ROCHESTER,MN,55905,44.05595,-92.52583,True,False,False
1295713030,PETERSEN,RONALD,M.D.,ROCHESTER,MN,55905,44.05595,-92.52583,True,False,False
1255310934,PETTY,GEORGE,M.D.,ROCHESTER,MN,55905,44.05595,-92.52583,True,False,False
1619130945,PICCIONE,EZEQUIEL,M.D,ROCHESTER,MN,55905,44.05595,-92.52583,True,False,False
1356865547,PINTO,MARCUS VINICIUS,MD,ROCHESTER,MN,55905,44.05595,-92.52583,True,False,False
1154395358,PITTOCK,SEAN,M.D.,ROCHESTER,MN,55905,44.05595,-92.52583,True,False,False
1215610399,PUTKO,BRENDAN,MD,ROCHESTER,MN,55905,44.05595,-92.52583,True,False,False
1750877759,RABBANI,MARIA,MD,ROCHESTER,MN,55905,44.05595,-92.52583,True,False,False
1396715827,RABINSTEIN,ALEJANDRO,M.D.,ROCHESTER,MN,55905,44.05595,-92.52583,True,False,False
1396448841,RAEL,SOFIA,MD,ROCHESTER,MN,55905,44.05595,-92.52583,True,False,False
1912391459,RAMANAN,VIJAY,"MD, PhD",ROCHESTER,MN,55905,44.05595,-92.52583,True,False,False
1205377082,RASHED,HEBATALLAH,MBBS,ROCHESTER,MN,55905,44.05595,-92.52583,True,False,False
1558345439,REEVES,ANDREW,MD,MANKATO,MN,56001,44.13203,-93.97704,True,False,False
1902588890,REITER-CAMPEAU,SANDRA,MD,ROCHESTER,MN,55905,44.05595,-92.52583,True,False,False
1932186103,RENAUD,DEBORAH,M.D.,ROCHESTER,MN,55905,44.05595,-92.52583,True,True,False
1417607367,RIGBY,MICHAEL,"MD, PhD",ROCHESTER,MN,55905,44.05595,-92.52583,True,False,False
1609888270,ROBERTSON,CARRIE,MD,ROCHESTER,MN,55905,44.05595,-92.52583,True,False,False
1386621670,RODRIGUEZ,MOSES,M.D.,ROCHESTER,MN,55905,44.05595,-92.52583,True,False,False
1972206423,ROGERS,NATHANIEL,MD,ROCHESTER,MN,55905,44.05595,-92.52583,True,False,False
1548556970,RUETHER,EMILY,MD,ROCHESTER,MN,55905,44.05595,-92.52583,True,False,False
1649611260,RUFF,MICHAEL,MD,ROCHESTER,MN,55905,44.05595,-92.52583,True,False,False
1538146261,RUMMANS,TERESA,M.D.,ROCHESTER,MN,55905,44.05595,-92.52583,True,False,False
1831704931,SAIFY,MARIYA,MBBS,ROCHESTER,MN,55905,44.05595,-92.52583,False,True,False
1841279494,SANDRONI,PAOLA,M.D.,ROCHESTER,MN,55905,44.05595,-92.52583,True,False,False
1629573803,SANTILLI,ASHLEY,MD,ROCHESTER,MN,55905,44.05595,-92.52583,True,False,False
1740591627,SAVICA,RODOLFO,MD,ROCHESTER,MN,55905,44.05595,-92.52583,True,False,False
1861902983,SAW,JACQUI LYN,MBBS,ROCHESTER,MN,55905,44.05595,-92.52583,True,False,False
1932463981,SCHARF,EUGENE,MD,ROCHESTER,MN,55905,44.05595,-92.52583,True,False,False
1376517169,SELCEN,DUYGU,M.D.,ROCHESTER,MN,55905,44.05595,-92.52583,False,True,False
1124008107,SENCAKOVA,DRAHOMIRA,M.D.,ROCHESTER,MN,55905,44.05595,-92.52583,True,False,False
1972914844,SENER,UGUR,MD,ROCHESTER,MN,55905,44.05595,-92.52583,True,False,False
1497216162,SETTER,DEBORAH,"MD, PhD",ROCHESTER,MN,55904,43.95996,-92.40063,True,False,False
1568666923,SHAMS MOORKANI,MINOO,M.D.,ROCHESTER,MN,55905,44.05595,-92.52583,True,False,False
1598929267,SHARBROUGH,FRANK,MD,ROCHESTER,MN,55902,43.96721,-92.51596,True,False,False
1871150169,SHELLY,SHAHAR,,ROCHESTER,MN,55905,44.05595,-92.52583,True,False,False
1205806379,SHIN,CHEOLSU,M.D.,ROCHESTER,MN,55905,44.05595,-92.52583,True,False,False
1902248842,SHOUMAN,KAMAL,M.D.,ROCHESTER,MN,55905,44.05595,-92.52583,True,False,False
1134972888,SIEBOLD,LORRAINE,MD,ROCHESTER,MN,55905,44.05595,-92.52583,True,False,False
1194705525,SILBER,MICHAEL,MBChB,ROCHESTER,MN,55905,44.05595,-92.52583,True,False,False
1689229064,SIMPSON,HUGH,MBBS,ROCHESTER,MN,55905,44.05595,-92.52583,True,False,False
1720052632,SINGER,WOLFGANG,M.D.,ROCHESTER,MN,55905,44.05595,-92.52583,True,False,False
1427412089,SMITH,KELSEY,,ROCHESTER,MN,55905,44.05595,-92.52583,True,False,True
1417937814,SO,ELSON,M.D.,ROCHESTER,MN,55905,44.05595,-92.52583,True,False,True
1881397206,SOHUTSKAY,DAVID,MD,ROCHESTER,MN,55905,44.05595,-92.52583,True,False,False
1851962013,SOONTRAPA,PANNATHAT,MD,ROCHESTER,MN,55905,44.05595,-92.52583,True,False,False
1710957030,SORENSON,ERIC,M.D.,ROCHESTER,MN,55905,44.05595,-92.52583,True,False,False
1962887208,SPEELZIEK,SCOTT,M.D.,ROCHESTER,MN,55905,44.05595,-92.52583,True,False,False
1508184755,SPRITZER,SCOTT,D.O.,EAU CLAIRE,WI,54703,44.83443,-91.51609,True,False,False
1922090851,ST LOUIS,ERIK,MD,ROCHESTER,MN,55905,44.05595,-92.52583,True,False,False
1730168915,STAFF,NATHAN,M.D.,ROCHESTER,MN,55905,44.05595,-92.52583,True,False,False
1548369416,STEAD,SQUIRE,MD,ROCHESTER,MN,55905,44.05595,-92.52583,True,False,False
1093212805,STEEL,STEPHANIE,MD,ROCHESTER,MN,55905,44.05595,-92.52583,True,False,False
1437458726,STEIJLEN,KARA,M.D.,ROCHESTER,MN,55905,44.05595,-92.52583,True,False,False
1326218157,STERN,JENNIFER,M.D.,ROCHESTER,MN,55905,44.05595,-92.52583,True,False,False
1578542528,STEVENS,JOHN,M.D.,ROCHESTER,MN,55905,44.05595,-92.52583,True,False,False
1629486980,STITT,DEREK,M.D.,ROCHESTER,MN,55905,44.05595,-92.52583,True,False,False
1740663574,SUCHITA,IFFAT ARA,M.D.,ROCHESTER,MN,55905,44.05595,-92.52583,True,False,False
1346215977,SWANSON,JERRY,M.D.,ROCHESTER,MN,55905,44.05595,-92.52583,True,False,False
1831822816,SWART,GRACE,MD,ROCHESTER,MN,55905,44.05595,-92.52583,True,False,False
1689308413,SWITZER,AARON,"MSc, M.D.",ROCHESTER,MN,55905,44.05595,-92.52583,True,False,False
1790205680,TAJFIROUZ,DEENA,MD,ROCHESTER,MN,55905,44.05595,-92.52583,True,False,False
1063746139,TAYLOR,SEAN,MD,ROCHESTER,MN,55905,44.05595,-92.52583,True,False,False
1619497161,THAKOLWIBOON,SMATHORN,MD,LA CROSSE,WI,54601,43.80439,-91.1425,True,False,False
1750084224,THOMSEN,ANNA,MD,ROCHESTER,MN,55905,44.05595,-92.52583,True,False,False
1518168350,TILLEMA,JAN-MENDELT,M.D.,ROCHESTER,MN,55905,44.05595,-92.52583,True,False,False
1497727622,TIPPMANN PEIKERT,MAJA,M.D.,ROCHESTER,MN,55905,44.05595,-92.52583,True,False,False
1871353045,TISAVIPAT,NANTHAYA,MD,ROCHESTER,MN,55905,44.05595,-92.52583,True,False,False
1518384544,TISEL,SARAH,M.D.,ROCHESTER,MN,55905,44.05595,-92.52583,True,False,False
1063858777,TOBIN,WILLIAM,"MBBCh, PhD",ROCHESTER,MN,55905,44.05595,-92.52583,True,False,False
1649581166,TOLEDANO,MICHEL,MD,ROCHESTER,MN,55905,44.05595,-92.52583,True,False,False
1689010399,TOWNLEY,RYAN,MD,ROCHESTER,MN,55905,44.05595,-92.52583,True,False,False
1801328521,TRAPASSO,JOSEPH,,ROCHESTER,MN,55905,44.05595,-92.52583,True,False,False
1760232490,TRAPP,NOAH,MD,ROCHESTER,MN,55905,44.05595,-92.52583,False,True,False
1730838384,TRIPLET,ERIN,"MD, PhD",ROCHESTER,MN,55905,44.05595,-92.52583,False,True,False
1720568561,TRIPLETT,JAMES,"B.Med, M.Med",ROCHESTER,MN,55905,44.05595,-92.52583,True,False,False
1902883572,UHM,JOON,M.D.,ROCHESTER,MN,55905,44.05595,-92.52583,True,False,False
1306594387,VALERIUS,ALLISON,MD,ROCHESTER,MN,55905,44.05595,-92.52583,True,False,False
1003378902,VASQUEZ AVILA,ALEJANDRA,MD,ROCHESTER,MN,55905,44.05595,-92.52583,True,True,False
1386969079,WALLACE,ADAM,MD,ROCHESTER,MN,55905,44.05595,-92.52583,True,True,False
1376522557,WATSON,JAMES,M.D.,ROCHESTER,MN,55905,44.05595,-92.52583,True,False,False
1861252124,WETMORE,EMMA,,ROCHESTER,MN,55905,44.05595,-92.52583,True,False,False
1154767879,WHEALY,MARK,MD,ROCHESTER,MN,55905,44.05595,-92.52583,True,False,False
1326468075,WIDMEYER,MARY,MD,ROCHESTER,MN,55905,44.05595,-92.52583,True,False,False
1881664753,WIEBERS,DAVID,M.D.,ROCHESTER,MN,55905,44.05595,-92.52583,True,False,False
1831177765,WIJDICKS,EELCO,M.D.,ROCHESTER,MN,55905,44.05595,-92.52583,True,False,False
1679544126,WILKINSON,JAYNE,M.D.,ROCHESTER,MN,55905,44.05595,-92.52583,True,False,False
1356321319,WINDEBANK,ANTHONY,M.D.,ROCHESTER,MN,55905,44.05595,-92.52583,True,False,False
1255526430,WIRRELL,ELAINE,MD,ROCHESTER,MN,55905,44.05595,-92.52583,True,False,True
1336111855,WONG-KISIEL,LILY,M.D.,ROCHESTER,MN,55905,44.05595,-92.52583,True,False,True
1952899288,WOOD,KATHRYNE,,ROCHESTER,MN,55905,44.05595,-92.52583,True,False,False
1396725297,WORRELL,GREGORY,M.D.,ROCHESTER,MN,55905,44.05595,-92.52583,True,False,True
1598407264,XEROS,HELENA,MD,ROCHESTER,MN,55905,44.05595,-92.52583,True,False,False
1407235393,YOST,MICAH,D.O.,ROCHESTER,MN,55905,44.05595,-92.52583,True,False,False
1356314876,YOUNG,NATHAN,DO,ROCHESTER,MN,55905,44.05595,-92.52583,True,False,False
1871725705,YOUSSEF,PAUL,DO,ROCHESTER,MN,55905,44.05595,-92.52583,True,True,False
1346690906,ZAKHIA,GEORGE,MBChB,ROCHESTER,MN,55905,44.05595,-92.52583,True,False,False
1518320126,ZANDIEH,ALI,M.D.,MADISON,WI,53792,43.07754,-89.43065,True,True,False
1366882706,ZAQUERA CARVALHO,DIEGO,M.D.,ROCHESTER,MN,55905,44.05595,-92.52583,True,False,False
1376075259,ZEKERIDOU,ANASTASIA,M.D.,ROCHESTER,MN,55905,44.05595,-92.52583,True,False,False
1194305136,ZEYDAN,BURCU,MD,ROCHESTER,MN,55905,44.05595,-92.52583,True,False,False
1639916224,ZHANG,TONY,MBChB,ROCHESTER,MN,55905,44.05595,-92.52583,True,False,False
1982232260,ZHAO-FLEMING,HANNAH,"MD, PhD",ROCHESTER,MN,55905,44.05595,-92.52583,True,False,False
1154325173,AHO,KIMBERLY,MD,MANKATO,MN,56001,44.13203,-93.97704,True,False,False
1548362114,ALKURDY,NIDAL,MD,MANKATO,MN,56002,,,True,False,False
1184603193,DAVIDSON,LISA,MD,MANKATO,MN,56002,,,True,False,False
1396164380,WANG,HAN,"M.D., M.P.H.",MANKATO,MN,56001,44.13203,-93.97704,True,False,False
1083906150,ZIEGLER,RACHEL,MD,FAIRMONT,MN,56031,43.62216,-94.46744,True,False,False
1376521021,CHANG,ANDREW,MD,WILLMAR,MN,56201,45.10152,-95.0419,True,False,False
1780656702,BROSSARD,IRIS,M.D.,ST CLOUD,MN,56303,45.57441,-94.21155,True,False,False
1417914318,CLAUSEN,HOLLY,"PHD, LP",SAINT JOSEPH,MN,56374,45.60711,-94.33586,True,False,False
1265639140,DAS,PIYUSH,MBBS,LA CROSSE,WI,54601,43.80439,-91.1425,True,False,False
1467433409,DY,BELEN,MD,SAINT CLOUD,MN,56303,45.57441,-94.21155,True,False,False
1689782765,FERNANDEZ,ELIZABETH,md,SAINT CLOUD,MN,56303,45.57441,-94.21155,True,False,False
1184677445,KAPOOR,PUSHP,"MD, MRCPI",SAINT CLOUD,MN,56303,45.57441,-94.21155,True,False,False
1689632341,KEARNEY,MARIA,"PHD, LP",ST CLOUD,MN,56303,45.57441,-94.21155,True,False,False
1639138431,LARSON,KEITH,MD,SAINT CLOUD,MN,56303,45.57441,-94.21155,False,True,False
1497746648,NGUYEN,ANH,MD,SAINT CLOUD,MN,56303,45.57441,-94.21155,True,False,False
1083682561,PAYNE,TROY,MD,ST CLOUD,MN,56303,45.57441,-94.21155,True,False,False
1003979881,RENDE,ELIZABETH,,SAINT CLOUD,MN,56303,45.57441,-94.21155,True,False,False
1396899449,RIEKE,KATHLEEN,MD,ST CLOUD,MN,56303,45.57441,-94.21155,True,False,False
1508834136,ROMANOWSKY,JAMES,MD,ST CLOUD,MN,56303,45.57441,-94.21155,True,False,False
1508421488,SHAH,SMIT,MD,SAINT CLOUD,MN,56303,45.57441,-94.21155,True,False,False
1881855187,SHEA,KENNETH,M.D.,SAINT CLOUD,MN,56301,45.48813,-94.24229,True,False,False
1861807786,TASNEEM,NUDRAT,M.D.,SAINT CLOUD,MN,56303,45.57441,-94.21155,True,False,False
1083976195,THRONAUM,LEAH,D.O.,SAINT CLOUD,MN,56303,45.57441,-94.21155,True,False,False
1144712084,CALLENIUS,KATHLYN,DO,BRAINERD,MN,56401,46.32011,-94.11503,True,False,False
1962031914,GOODWIN,JACOB,MD,CROSBY,MN,56441,46.5702,-93.98312,True,False,False
1326195686,RUSTAD,JARED,MD,BRAINERD,MN,56401,46.32011,-94.11503,True,False,False
1275671570,STARZINSKI,DONALD,"M.D., Ph.D.",BRAINERD,MN,56401,46.32011,-94.11503,True,False,False
1093005639,MEEK,STEVEN,M.D.,SIOUX FALLS,SD,57108,43.47752,-96.70406,True,False,False
1942371752,PETTIT,ROSS,md,BEMIDJI,MN,56601,47.51242,-94.85697,True,True,False
1033283379,ROLLER,MATTHEW,MD,GRAND FORKS,ND,58201,47.87121,-97.14106,True,False,False
1649487588,ANDREWS,WILLIAM,MD,YANKTON,SD,57078,42.91596,-97.44362,True,False,False
1992708853,CASE,JAMES,MD,DAKOTA DUNES,SD,57049,42.52476,-96.50721,True,False,False
1477649531,GRUDEM,JON,MD,NORTH SIOUX CITY,SD,57049,42.52476,-96.50721,True,False,False
1790982395,HE,MEI,M.D.,DAKOTA DUNES,SD,57049,42.52476,-96.50721,True,False,False
1265497341,JARAMILLO,VICTOR,MD,FORT DODGE,IA,50501,42.49286,-94.19259,True,False,False
1003823410,NELSON,CAROL,MD,MITCHELL,SD,57301,43.71376,-98.04724,True,False,False
1487606067,SPAHIJA,BERISLAV,MD,BISMARCK,ND,58501,46.81868,-100.70201,True,False,False
1285157065,ABD ELAZIM,AHMED,,SIOUX FALLS,SD,57104,43.60469,-96.70745,True,False,False
1588049084,ABOU MERHI SAIFEDDINE,MOHAMAD,MD,SIOUX FALLS,SD,57105,43.52065,-96.73534,False,True,False
1316369523,AMIN,NESSIM,MD,SIOUX FALLS,SD,57104,43.60469,-96.70745,True,False,False
1396309670,AMIRJANYAN,HASMIK,MD,SIOUX FALLS,SD,57104,43.60469,-96.70745,True,False,True
1760001838,ANWAR,ARSALAN,M.D.,SIOUX FALLS,SD,57105,43.52065,-96.73534,True,False,False
1235423393,BELLISTON,SCOTT,D.O.,FARGO,ND,58103,46.85617,-96.82207,True,False,False
1487888012,BERGAN,MICHAEL,M.D.,SIOUX FALLS,SD,57108,43.47752,-96.70406,True,False,False
1326273681,BOYLE,JEFFREY,MD/PhD,SIOUX FALLS,SD,57105,43.52065,-96.73534,True,False,False
1265485312,BUNCH,BONNIE,MD,SIOUX FALLS,SD,57105,43.52065,-96.73534,True,False,False
1427265271,CAILLIER,REBECCA,M.D.,FARGO,ND,58103,46.85617,-96.82207,True,False,False
1619545993,DIAZ GONZALEZ,SANTIAGO,,SIOUX FALLS,SD,57104,43.60469,-96.70745,True,False,False
1568741007,DSOUZA,SHALOME,M.D.,SIOUX FALLS,SD,57105,43.52065,-96.73534,False,True,False
1447780671,DUCHSCHERER,JASON,MD,BISMARCK,ND,58503,46.90432,-100.75055,True,False,False
1710160379,EICKMAN,KARA,M.D.,FARGO,ND,58103,46.85617,-96.82207,True,False,False
1982199303,FAROOQI,MEHWISH,,SIOUX FALLS,SD,57104,43.60469,-96.70745,True,False,False
1821303959,FELDMAN,EFRAT,M.D,SIOUX FALLS,SD,57104,43.60469,-96.70745,True,False,False
1881880987,FENG,XUESHENG,MD,SIOUX FALLS,SD,57104,43.60469,-96.70745,True,False,False
1609899665,FREEMAN,JEROME,MD,SIOUX FALLS,SD,57104,43.60469,-96.70745,True,False,False
1316331861,GANDEE,RICHARD,DO,SIOUX FALLS,SD,57105,43.52065,-96.73534,True,False,False
1861981938,GONZALEZ OTARULA,KARINA,MD,SIOUX FALLS,SD,57104,43.60469,-96.70745,True,False,True
1942889969,JACOBSON,MATTHEW,MD,FARGO,ND,58103,46.85617,-96.82207,True,False,False
1740212208,JAQUEZ,FANNY,MD,SIOUX FALLS,SD,57104,43.60469,-96.70745,True,False,False
1891757258,JULIUS,STEVEN,M.D.,SIOUX FALLS,SD,57105,43.52065,-96.73534,True,False,False
1194221143,KENDROUD,SARAH,DO,FARGO,ND,58103,46.85617,-96.82207,True,False,False
1336308758,KEROS,SOTIRIOS,"M.D., Ph.D.",SIOUX FALLS,SD,57105,43.52065,-96.73534,False,True,False
1720442726,LEE,BRETT,,FARGO,ND,58103,46.85617,-96.82207,True,False,False
1003177338,LINN,ALEX,M.D.,SIOUX FALLS,SD,57105,43.52065,-96.73534,True,False,False
1710654868,LIU,MAO,"MD, Dr. med",SIOUX FALLS,SD,57104,43.60469,-96.70745,True,False,False
1043251648,LYNCH,JOHN,MD,MILWAUKEE,WI,53226,43.04948,-88.04215,True,False,False
1023128444,MATOS,EUGENIO,M.D.,SIOUX FALLS,SD,57104,43.60469,-96.70745,True,False,False
1245960889,MONTGOMERY,SEAN,MD,FARGO,ND,58103,46.85617,-96.82207,True,False,False
1871751305,NEWEY,CHRISTOPHER,D.O.,SIOUX FALLS,SD,57105,43.52065,-96.73534,True,False,False
1013295682,NUSS,ROBERT,M.D.,SIOUX FALLS,SD,57108,43.47752,-96.70406,True,False,False
1396751525,OPHEIM,WARREN,MD,SIOUX FALLS,SD,57105,43.52065,-96.73534,True,False,False
1538402037,PERSSON,JUSTIN,MD,SIOUX FALLS,SD,57105,43.52065,-96.73534,True,False,False
1902545528,PRESZLER,MATTHEW,MD,SIOUX FALLS,SD,57105,43.52065,-96.73534,True,False,False
1861057598,PURCELL,NICHOLAS,MD,SIOUX FALLS,SD,57105,43.52065,-96.73534,True,False,False
1558747279,RAI,WIJDAN,MD,SIOUX FALLS,SD,57104,43.60469,-96.70745,True,False,False
1285993253,RIDDER,ANDREW,M.D.,SIOUX FALLS,SD,57105,43.52065,-96.73534,True,False,False
1205283546,RIEDINGER,JOHN,,BISMARCK,ND,58503,46.90432,-100.75055,True,False,False
1083621395,ROSSING,WILLIAM,MD,SIOUX FALLS,SD,57105,43.52065,-96.73534,True,False,False
1831727924,SALEEM,SIDRA,MD,SIOUX FALLS,SD,57108,43.47752,-96.70406,True,False,False
1164638185,SALEM,BASSEL,MD,SIOUX FALLS,SD,57104,43.60469,-96.70745,True,False,False
1295701506,SANCHEZ,JORGE,MD,SIOUX FALLS,SD,57105,43.52065,-96.73534,True,False,False
1023039245,SCARBERRY,SUSAN,MD,FARGO,ND,58103,46.85617,-96.82207,True,False,False
1518584101,SCHOLZ,ANNA,MD,SIOUX FALLS,SD,57105,43.52065,-96.73534,False,True,False
1811977481,SWEET CIESIELSKI,KELLIE,DO,SIOUX FALLS,SD,57105,43.52065,-96.73534,False,True,False
1689024119,TOPIWALA,KARAN,M.B.B.S,SIOUX FALLS,SD,57104,43.60469,-96.70745,True,False,False
1508873811,VIOLA,LISA,DO,SIOUX FALLS,SD,57105,43.52065,-96.73534,True,False,False
1740802321,WAHBA,ABRAM,M.D.,SIOUX FALLS,SD,57104,43.60469,-96.70745,True,False,False
1043797392,WANG,XI,MD,SIOUX FALLS,SD,57105,43.52065,-96.73534,True,False,False
1952759805,YI,XIYAN,"M.D.,",SIOUX FALLS,SD,57104,43.60469,-96.70745,True,False,False
1558940486,ZEVALLOS MAU,CYNTHIA,MD,SIOUX FALLS,SD,57104,43.60469,-96.70745,True,False,False
1861408676,ZIMPRICH,TODD,MD,SIOUX FALLS,SD,57105,43.52065,-96.73534,True,False,False
1063591857,BROWN,DOUGLAS,MD,RAPID CITY,SD,57701,44.14153,-103.20508,True,False,False
1255481420,CWACH,HEATHER,MD,RAPID CITY,SD,57701,44.14153,-103.20508,True,False,False
1891845145,FINLEY,ROBERT,MD,RAPID CITY,SD,57701,44.14153,-103.20508,True,False,False
1144489550,GIANATASIO,RYAN,M.D.,RAPID CITY,SD,57701,44.14153,-103.20508,True,False,False
1003966334,HATA,STEVEN,MD,RAPID CITY,SD,57701,44.14153,-103.20508,True,False,False
1275160244,JAHANSOUZ,MOHAMADMOSTAFA,MD,RAPID CITY,SD,57701,44.14153,-103.20508,True,False,False
1396953774,KRUGER,JENNIFER,MD,RAPID CITY,SD,57701,44.14153,-103.20508,True,False,False
1265491195,MACLACHLAN,ROBERT,M.D.,RAPID CITY,SD,57701,44.14153,-103.20508,True,False,False
1619534021,MCCRANEY,LEE,DO,RAPID CITY,SD,57701,44.14153,-103.20508,True,False,False
1295173656,MERRIMAN,BARBARA,DO,RAPID CITY,SD,57701,44.14153,-103.20508,True,False,False
1790305787,OAK,EUNHYE,MD,RAPID CITY,SD,57701,44.14153,-103.20508,True,False,False
1942272778,SIMMONS,MATTHEW,MD,RAPID CITY,SD,57701,44.14153,-103.20508,True,False,False
1851440135,TSCHIDA,BRIAN,MD,RAPID CITY,SD,57701,44.14153,-103.20508,True,False,False
1447342076,WEISENSEE,LAURIE,MD,FORT MEADE,SD,57741,44.40493,-103.46671,True,False,False
1689055428,WESTERHUIS,BRIAN,MD,RAPID CITY,SD,57701,44.14153,-103.20508,True,False,False
1215954201,BAILLY,RICHARD,MD,FARGO,ND,58103,46.85617,-96.82207,True,False,False
1750519153,BREKER,DANE,M.D.,FARGO,ND,58103,46.85617,-96.82207,True,False,False
1104033968,CHRISTENSON,SHAUN,M.D.,FARGO,ND,58103,46.85617,-96.82207,True,False,False
1720252216,DECOCK,CHRISTOPHER,M.D.,FARGO,ND,58103,46.85617,-96.82207,False,True,False
1093932212,DIAMOND,AMANDA,,FARGO,ND,58103,46.85617,-96.82207,True,False,False
1376528786,ESTRADA,GUILLERMO,MD,FARGO,ND,58102,46.9209,-96.83183,True,False,False
1720095482,FABER,KEVIN,MD,FARGO,ND,58103,46.85617,-96.82207,True,False,False
1740498104,HARLOW,TANYA,,FARGO,ND,58103,46.85617,-96.82207,True,False,False
1841218419,KNUTSON,CYNTHIA,MD,FARGO,ND,58103,46.85617,-96.82207,True,False,False
1609051242,KUNECKA,PAULINA,,FARGO,ND,58103,46.85617,-96.82207,True,False,False
1417167628,LARSON,DONALD,M.D.,FARGO,ND,58102,46.9209,-96.83183,True,False,False
1669489597,LOU,JAU-SHIN,MD,FARGO,ND,58103,46.85617,-96.82207,True,False,False
1265674873,MANCHAK,MICHAEL,M.D.,FARGO,ND,58103,46.85617,-96.82207,True,False,False
1558488197,MILLER,GARY,MD,FARGO,ND,58103,46.85617,-96.82207,True,False,False
1033178231,MILLER,JESS,MD,BISMARCK,ND,58501,46.81868,-100.70201,True,False,False
1407017882,MUNTEAN,EUGENIU,MD,FARGO,ND,58103,46.85617,-96.82207,True,False,False
1588630800,NELSON,MERLIN,MD,FARGO,ND,58102,46.9209,-96.83183,True,False,False
1366423048,PENNEY,CURTIS,D.O.,FARGO,ND,58103,46.85617,-96.82207,True,False,False
1851459499,RASMUSSON,KAREN,MD,FARGO,ND,58102,46.9209,-96.83183,True,False,False
1053573287,SAMARAWEERA,RAVINDA,M.D.,FARGO,ND,58103,46.85617,-96.82207,True,False,False
1437590577,SEQUEIRA,ALEXANDRA,"MD, MSc",FARGO,ND,58103,46.85617,-96.82207,True,False,False
1326069667,WENSTROM,TIMOTHY,PSYD,FARGO,ND,58103,46.85617,-96.82207,True,False,False
1770876815,EDWARDS,CORY,MD,GRAND FORKS,ND,58201,47.87121,-97.14106,True,False,False
1841553427,MILES,JAMES,MD,GRAND FORKS,ND,58201,47.87121,-97.14106,True,False,False
1861628711,NOVACEK,REBECCA,MD,GRAND FORKS,ND,58201,47.87121,-97.14106,True,False,False
1932151586,DUNNIGAN,RALPH,M.D.,BISMARCK,ND,58501,46.81868,-100.70201,True,False,False
1578644647,KRIENGKRAIRUT,SIRIWAN,M.D.,BISMARCK,ND,58501,46.81868,-100.70201,True,True,False
1104024488,MILLER,STEPHANIE,MD,BISMARCK,ND,58503,46.90432,-100.75055,True,False,False
1376624445,WONGJIRAD,CHATREE,MD,BISMARCK,ND,58501,46.81868,-100.70201,True,False,False
1437788494,ADAMU,ABDULLAHI MUSA,MD,MINOT,ND,58701,48.14259,-101.32131,True,False,False
1437246337,LEE,KON HWEII,MD,MINOT,ND,58701,48.14259,-101.32131,True,False,False
1992093983,MEDEL,ROSINA,MD,MINOT,ND,58701,48.14259,-101.32131,True,False,False
1821054347,NICO,BAHRAM,M.D.,MINOT,ND,58701,48.14259,-101.32131,True,False,False
1447284500,SAID,AREEN,MD,MINOT,ND,58702,48.23214,-101.29379,True,False,False
1114451523,TABISH,SHAKEEL,,MINOT,ND,58701,48.14259,-101.32131,True,False,False
1942476825,MARBURGER,TESSA,M.D.,WILLISTON,ND,58801,48.21311,-103.75325,True,False,False
1962842419,PERALTA,PHILIPPINE,MD,NEW RICHMOND,WI,54017,45.11889,-92.52065,True,False,False
1841294345,GULHAN,ADAM,MD,MARINETTE,WI,54143,45.08657,-87.70086,True,False,False
1366529901,HAFFAR,AHMAD,MD,OSHKOSH,WI,54904,44.02148,-88.62508,True,False,False
1679520332,BHATT,KRISHNA,M.D.,MANITOWOC,WI,54220,44.09757,-87.72976,True,False,False
1841713088,AJAM,YOUSAF,MD,GREEN BAY,WI,54301,44.48205,-88.02034,True,False,False
1093169773,BRUHNDING,AUBREE,DO,GREEN BAY,WI,54301,44.48205,-88.02034,True,False,False
1831486828,BUBOLZ,AARON,D.O.,GREEN BAY,WI,54311,44.48328,-87.89609,True,False,False
1639194301,CASE,CELESTE,MD,GREEN BAY,WI,54301,44.48205,-88.02034,True,False,False
1366608713,CUEVA,WILSON,M.D.,GREEN BAY,WI,54311,44.48328,-87.89609,True,False,False
1871815225,DARKHABANI,M. ZIAD,MD,GREEN BAY,WI,54311,44.48328,-87.89609,True,False,False
1679506091,EDGAR,TERENCE,MD,GREEN BAY,WI,54301,44.48205,-88.02034,False,True,True
1851928444,FENELON,REBECCA,MD,GREEN BAY,WI,54311,44.48328,-87.89609,True,False,False
1295820637,GEROULIS,SOPHOS,M.D.,SUMMIT,WI,53066,43.11314,-88.48992,True,False,False
1649205170,HEVERLY,DAVID,MD,GREEN BAY,WI,54301,44.48205,-88.02034,True,False,False
1740252972,HSU,DAVID,MD,MADISON,WI,53792,43.07754,-89.43065,True,True,False
1114942604,KAUFMAN,DAVID,MD,GREEN BAY,WI,54301,44.48205,-88.02034,True,False,False
1538227848,KHABBAZ,SANY,MD,GREEN BAY,WI,54311,44.48328,-87.89609,True,False,False
1720636657,KHAN,MUHAMMAD,MD,GREEN BAY,WI,54301,44.48205,-88.02034,True,False,False
1043586480,KNEY,ADAM,MD,MADISON,WI,53792,43.07754,-89.43065,True,True,False
1568752665,KNOX,ANDREW,MD,MADISON,WI,53792,43.07754,-89.43065,True,True,False
1689162661,KONG,TSEUN HAN JAMES,"M.B.B.Ch, B.A.O.",GREEN BAY,WI,54301,44.48205,-88.02034,True,False,False
1902465073,LAWAL,OMOLARA,MD,GREEN BAY,WI,54301,44.48205,-88.02034,True,False,False
1043327489,NAPIER,JAMES,MD,GREEN BAY,WI,54308,,,True,False,False
1801537774,STAMPFL,BENJAMIN,MD,GREEN BAY,WI,54301,44.48205,-88.02034,True,False,False
1235164229,STANKO,HEATHER,MD,GREEN BAY,WI,54301,44.48205,-88.02034,True,False,False
1962519066,TEETZEN,MERLE,MD,GREEN BAY,WI,54308,,,True,False,False
1548756968,WANG,QIANG,MD,GREEN BAY,WI,54301,44.48205,-88.02034,True,False,False
1114027307,ZWEIFEL,THOMAS,D.O.,SHEBOYGAN,WI,53081,43.71276,-87.74032,True,False,False
1356065395,ADEN,ABDIRAHIM,,MARSHFIELD,WI,54449,44.63687,-90.19925,True,False,False
1053302422,AGGARWAL,SANDEEP,MD,WAUSAU,WI,54401,44.96559,-89.70676,True,False,False
1629179221,AHLUWALIA,SHARAT,MD,EAU CLAIRE,WI,54701,44.74438,-91.51058,True,False,False
1487730925,BISWAS,AMIT,MD,WAUSAU,WI,54401,44.96559,-89.70676,True,False,False
1902822133,BOERO,JAIME,MD PHD,MARSHFIELD,WI,54449,44.63687,-90.19925,True,False,False
1477587889,CAMPBELL,L,MD,MARSHFIELD,WI,54449,44.63687,-90.19925,True,False,False
1588833925,DELLINGER,CARYL,MD,MARSHFIELD,WI,54449,44.63687,-90.19925,True,False,False
1093788515,DEXTER,DONN,MD,EAU CLAIRE,WI,54701,44.74438,-91.51058,True,False,False
1508916263,DOTTI,MARCO,MD,STEVENS POINT,WI,54481,44.51577,-89.63778,True,False,False
1891767042,FELDER,MITCHELL,MD,MARSHFIELD,WI,54449,44.63687,-90.19925,True,False,False
1962991174,HINDI,FAWZI,MD,WAUSAU,WI,54401,44.96559,-89.70676,True,False,False
1184952954,ILYAS,MOHAMMED,MD,MARSHFIELD,WI,54449,44.63687,-90.19925,False,True,False
1104936384,KARANJIA,PERCY,MD,MARSHFIELD,WI,54449,44.63687,-90.19925,True,False,False
1013170067,KATSNELSON,MICHAEL,M.D.,MARSHFIELD,WI,54449,44.63687,-90.19925,True,False,False
1194743070,KLASINSKI,MICHELE,MD,STEVENS POINT,WI,54481,44.51577,-89.63778,True,False,False
1992811012,KOEHN,MONICA,MD,MARSHFIELD,WI,54449,44.63687,-90.19925,True,False,False
1629188800,LAWLER,BENJAMIN,MD,MARSHFIELD,WI,54449,44.63687,-90.19925,True,False,False
1366552549,MADDEN,KENNETH,MD PHD,MARSHFIELD,WI,54449,44.63687,-90.19925,True,False,False
1124127139,MERINO,RODRIGO,MD,WAUSAU,WI,54401,44.96559,-89.70676,True,False,False
1386030609,MINGBUNJERDSUK,PROMPAN,M.D.,MARSHFIELD,WI,54449,44.63687,-90.19925,True,False,False
1457451833,NESKOVIC,VERICA,MD,WESTON,WI,54476,44.88805,-89.5241,True,False,False
1407982978,RAVE,TODD,MD,STEVENS POINT,WI,54481,44.51577,-89.63778,True,False,False
1811007016,ROLAK,LOREN,MD,MARSHFIELD,WI,54449,44.63687,-90.19925,True,False,False
1194965129,RUGGLES,KEVIN,MD,WAUSAU,WI,54401,44.96559,-89.70676,True,False,False
1215467485,SANCHEZ PADRON,CESAR,MD,MARSHFIELD,WI,54449,44.63687,-90.19925,True,False,False
1750491957,SANDOK,EVAN,MD,LA CROSSE,WI,54601,43.80439,-91.1425,True,False,False
1174625610,SANDSTROM,STEVEN,M.D.,FOND DU LAC,WI,54937,43.76132,-88.43035,True,False,False
1669509485,SHEWMAKE,KARL,MD,WAUSAU,WI,54401,44.96559,-89.70676,True,False,False
1255441432,SORENSEN,RODNEY,DO,MARSHFIELD,WI,54449,44.63687,-90.19925,True,False,False
1457887341,SZMANDA,JULIA,DO,WAUSAU,WI,54401,44.96559,-89.70676,True,False,False
1518961366,TEMPLE,JOHN PETER,MD,LA CROSSE,WI,54601,43.80439,-91.1425,False,True,False
1831206424,TOMASI,MARIE,M.D.,WESTON,WI,54476,44.88805,-89.5241,True,False,False
1427346766,CAHILL,JOSEPH,M.D.,RHINELANDER,WI,54501,45.65303,-89.34502,True,False,False
1376584987,FORESTER,MARY,DO,MINOCQUA,WI,54548,45.85982,-89.82106,True,False,False
1841244761,PALLAGI,JEANNE,MD,HARTLAND,WI,53029,43.14521,-88.34689,True,False,False
1912060971,SZMANDA,MARK,md,RHINELANDER,WI,54501,45.65303,-89.34502,True,False,False
1013064997,ANDERSEN,IVY,MD,LA CROSSE,WI,54601,43.80439,-91.1425,True,False,False
1821523440,BAKK,IAN,MD,LA CROSSE,WI,54601,43.80439,-91.1425,True,False,False
1790927390,BIEMILLER,RACHEL,MD,LA CROSSE,WI,54601,43.80439,-91.1425,True,False,False
1831162346,BOUNDS,JAMES,MD,LA CROSSE,WI,54601,43.80439,-91.1425,True,False,False
1922029339,BRYANT,PAT,MD,LA CROSSE,WI,54601,43.80439,-91.1425,True,False,False
1699017129,DOERRLER,MICHAEL,D.O.,LA CROSSE,WI,54601,43.80439,-91.1425,True,False,False
1023495413,ELKHETALI,ABDURAHMAN,,LA CROSSE,WI,54601,43.80439,-91.1425,True,False,False
1295730190,FISCHER,GREGORY,MD,LA CROSSE,WI,54601,43.80439,-91.1425,True,False,False
1346653284,GERVELIS,WHITNEY,D.O.,LA CROSSE,WI,54601,43.80439,-91.1425,False,True,False
1053316778,GOODSETT,MARY,MD,LA CROSSE,WI,54601,43.80439,-91.1425,True,False,False
1588660013,HUTTER,RICHARD,MD,LA CROSSE,WI,54601,43.80439,-91.1425,True,False,False
1699930594,KUMAR MERKES,RAGASRI,D.O.,LA CROSSE,WI,54601,43.80439,-91.1425,True,False,False
1063449619,LANSKA,DOUGLAS,M.D.,TOMAH,WI,54660,43.98256,-90.49021,True,False,False
1053872515,LEE,WONHEE,MD,LA CROSSE,WI,54601,43.80439,-91.1425,True,False,False
1275794109,LEONE,MICHAEL,M.D.,LA CROSSE,WI,54601,43.80439,-91.1425,True,False,False
1437189602,LOBECK,LORRI,M.D.,LA CROSSE,WI,54601,43.80439,-91.1425,True,False,False
1447577424,MCILRATH,JESSICA,DO,ONALASKA,WI,54650,43.91066,-91.22523,True,False,False
1932635935,MIXIS,BENJAMIN,,LA CROSSE,WI,54601,43.80439,-91.1425,True,False,False
1184614687,PUPILLO,GREGORY,MD,LA CROSSE,WI,54601,43.80439,-91.1425,True,False,False
1134387798,SPANEL,PAUL,D.O.,LA CROSSE,WI,54601,43.80439,-91.1425,True,False,False
1801978648,TOWER,KARA,D.O.,LA CROSSE,WI,54601,43.80439,-91.1425,True,False,False
1821093709,VISHWANAT,BALAJI,MD,LA CROSSE,WI,54601,43.80439,-91.1425,True,False,False
1821521402,WYROSTEK,STEPHANIE,,LA CROSSE,WI,54601,43.80439,-91.1425,True,False,False
1265826762,YANG,MICHAEL,MD,LA CROSSE,WI,54601,43.80439,-91.1425,True,False,False
1972772044,BELL,MONTE,M.D.,EAU CLAIRE,WI,54701,44.74438,-91.51058,True,False,False
1538358098,FUGOSO,LEONARDO,MD,EAU CLAIRE,WI,54701,44.74438,-91.51058,True,False,False
1639142623,HANSON,RAE,MD,EAU CLAIRE,WI,54703,44.83443,-91.51609,True,False,False
1609988310,KONZEN,JON,DO,EAU CLAIRE,WI,54701,44.74438,-91.51058,True,False,False
1043328347,MILLER,VINCENT,MD,CHIPPEWA FALLS,WI,54729,44.94402,-91.39495,True,False,False
1013980838,NYE,DAVID,MD,EAU CLAIRE,WI,54703,44.83443,-91.51609,True,False,False
1912979899,YOUNG,TIMOTHY,MD,EAU CLAIRE,WI,54703,44.83443,-91.51609,True,False,False
1578593869,KOZIEL-ANDRZEJEWSKA,AURELIA,,ASHLAND,WI,54806,46.5508,-90.86913,True,False,False
1619039419,AMBAS,FELIPE,M.D.,WINNEBAGO,WI,54985,44.07507,-88.51838,True,False,False
1548200777,BROCKINGTON,JOHN,MD,OSHKOSH,WI,54904,44.02148,-88.62508,True,False,False
1528077583,CARDELLI,DOMINIC,MD,APPLETON,WI,54913,44.34148,-88.39996,True,False,False
1992735336,FERNANDEZ GATTI,EMILIO,M.D.,OSHKOSH,WI,54904,44.02148,-88.62508,True,False,False
1669995528,GHANNAM,MALIK,MD,DES MOINES,IA,50314,41.60535,-93.63122,True,False,True
1811935752,GU,XIAN,M.D.,FOND DU LAC,WI,54935,43.77424,-88.43516,True,False,False
1497052021,HARMELINK,MATTHEW,M.D.,MILWAUKEE,WI,53226,43.04948,-88.04215,False,True,False
1104322981,IMPALLOMENI,ALLYSON,MD,MADISON,WI,53792,43.07754,-89.43065,True,True,False
1710972294,JAFFRI,MOSSADIQ,MD,OSHKOSH,WI,54904,44.02148,-88.62508,True,False,False
1194714469,JARES,JOSEPH,MD,NEENAH,WI,54956,44.1825,-88.52769,True,False,False
1679630263,JONES,ROBERT,M.D.,OSHKOSH,WI,54904,44.02148,-88.62508,True,False,False
1457345258,KAPERICK,VIRGINIA,M.D.,MILWAUKEE,WI,53226,43.04948,-88.04215,False,True,False
1649336462,KERSWILL,RANDY,M.D.,WINNEBAGO,WI,54985,44.07507,-88.51838,True,False,False
1487604526,KOKONTIS,LISA,MD,NEENAH,WI,54956,44.1825,-88.52769,True,False,False
1629029707,LARSON,GIZELL,MD,NEENAH,WI,54956,44.1825,-88.52769,True,False,False
1265967152,LI,HUI,MD,MADISON,WI,53792,43.07754,-89.43065,True,True,False
1033523329,LONG,DANIEL,D.O,NEENAH,WI,54956,44.1825,-88.52769,True,False,False
1295803427,LUY TAN,WILSON,MD,OSHKOSH,WI,54904,44.02148,-88.62508,True,False,False
1356382535,MATTIO,THOMAS,MD,NEENAH,WI,54956,44.1825,-88.52769,True,False,False
1932630985,MICHLOWSKI,THOMAS,,WINNEBAGO,WI,54985,44.07507,-88.51838,True,False,False
1356603161,MIR,SAAD,MD,OSHKOSH,WI,54904,44.02148,-88.62508,True,False,False
1154328896,PARNELL,KELLEY,MD,NEENAH,WI,54956,44.1825,-88.52769,True,False,False
1376963694,POLLOCK,SHANNON,M.D.,MILWAUKEE,WI,53226,43.04948,-88.04215,False,True,False
1457302432,PRICE,STEVEN,MD,NEENAH,WI,54956,44.1825,-88.52769,True,False,False
1316007164,SIDDIQUI,ATHER,M.D.,WINNEBAGO,WI,54985,44.07507,-88.51838,True,False,False
1295198083,SINGH,AVANTIKA,,MILWAUKEE,WI,53226,43.04948,-88.04215,False,True,False
1780744532,SZADKOWSKI,SYLVESTER,M.D.,WINNEBAGO,WI,54985,44.07507,-88.51838,True,False,False
1144329996,ACOSTA,JUAN,MD,AMES,IA,50010,42.0336,-93.58826,True,False,False
1295985398,BAWEJA,ANU,MD,AMES,IA,50010,42.0336,-93.58826,True,False,False
1518252014,CLEMMONS,EDWARD,DO,AMES,IA,50010,42.0336,-93.58826,True,False,False
1306345210,GRINENKO,OLESYA,"MD, PhD",AMES,IA,50010,42.0336,-93.58826,True,False,False
1184613374,KITCHELL,MICHAEL,M.D.,AMES,IA,50010,42.0336,-93.58826,True,False,False
1275069627,LOVE,BETSY,M.D.,ANKENY,IA,50023,41.73146,-93.63099,True,False,False
1699765800,MCKEE,JOHN,MD,AMES,IA,50010,42.0336,-93.58826,True,False,False
1609867688,MOORE,DAVID,M.D.,AMES,IA,50010,42.0336,-93.58826,True,False,False
1205274669,RAMIC,SEMIRA,DO,AMES,IA,50010,42.0336,-93.58826,True,False,False
1366016255,SCRAMSTAD,CARLY,,AMES,IA,50010,42.0336,-93.58826,True,False,False
1235101015,BARCELLOS,SUSAN,M.D.,GUTHRIE CENTER,IA,50115,41.68714,-94.55865,True,False,False
1174967947,BUHROW,JACOB,MD,GRIMES,IA,50111,41.69178,-93.80431,True,False,False
1043418809,CILIBERTO,MICHAEL,MD,IOWA CITY,IA,52242,41.66264,-91.54787,False,True,True
1356753859,LUTZ,KATIE,M.D.,IOWA CITY,IA,52242,41.66264,-91.54787,True,True,False
1326034984,MATHEWS,KATHERINE,MD,IOWA CITY,IA,52242,41.66264,-91.54787,False,True,False
1194706218,ROSENFELD,MICHAEL,M.D.,GRINNELL,IA,50112,41.7313,-92.71481,True,False,False
1114214541,SAADE,DIMAH,M.D.,IOWA CITY,IA,52242,41.66264,-91.54787,False,True,False
1275514606,SPENCER,SELDEN,,IOWA CITY,IA,52242,41.66264,-91.54787,True,False,False
1699768218,BRENTON,DOUGLAS,M.D.,WEST DES MOINES,IA,50266,41.56942,-93.79934,True,False,False
1528212594,GUTU,STEPHEN,M.D.,WEST DES MOINES,IA,50266,41.56942,-93.79934,False,True,False
1972063709,WANG,DAVID,MD,WEST DES MOINES,IA,50266,41.56942,-93.79934,True,False,False
1740250489,WOLFE,IRVING,DO,DES MOINES,IA,50312,41.58092,-93.67593,True,False,False
1639283294,ADELMAN,STEVE,DO,DES MOINES,IA,50314,41.60535,-93.63122,True,False,False
1194382119,ARNESON,ERIK,MD,DES MOINES,IA,50314,41.60535,-93.63122,True,False,False
1912011859,BABIKIAN,PAUL,MD,DES MOINES,IA,50314,41.60535,-93.63122,True,False,False
1588613251,BAHLS,FREDRICK,"MD, PhD",DES MOINES,IA,50310,41.62783,-93.67321,True,False,False
1346448875,BARTELS,PETER,D.O.,DES MOINES,IA,50309,41.58487,-93.62063,True,False,False
1699723221,BENJAMIN,DEBRA,D.O.,DES MOINES,IA,50310,41.62783,-93.67321,True,False,False
1588920151,CROXTON,AMANDA,D.O.,DES MOINES,IA,50309,41.58487,-93.62063,False,True,False
1427203116,DORO,JOSEPH,D.O.,DES MOINES,IA,50310,41.62783,-93.67321,True,False,False
1689055790,EISCHEID,ALEX,M.D.,DES MOINES,IA,50314,41.60535,-93.63122,True,False,False
1134233794,FRIEDGOOD,DAVID,DO,DES MOINES,IA,50314,41.60535,-93.63122,True,False,False
1578855631,FU,ARADIA,,DES MOINES,IA,50309,41.58487,-93.62063,True,False,True
1518977412,HAMILTON,RANDALL,MD,DES MOINES,IA,50314,41.60535,-93.63122,True,False,False
1639157373,HANSEN,CALVIN,MD,DES MOINES,IA,50309,41.58487,-93.62063,True,False,False
1972180792,HUANG,ANGELA,MD,DES MOINES,IA,50309,41.58487,-93.62063,True,False,False
1285748004,HUGHES,BRUCE,MD,DES MOINES,IA,50314,41.60535,-93.63122,True,False,False
1346354198,JACOBY,MICHAEL,MD,DES MOINES,IA,50314,41.60535,-93.63122,True,False,False
1902219363,JORGENSEN,KYLE,M.D.,DES MOINES,IA,50314,41.60535,-93.63122,True,False,False
1982043782,KOHOUT,KEITH,DO,DES MOINES,IA,50314,41.60535,-93.63122,True,False,False
1821483843,KOVI,SHIVAKRISHNA,MD,DES MOINES,IA,50309,41.58487,-93.62063,True,False,False
1225117799,LEVY,JAMES,Ph.D.,DES MOINES,IA,50314,41.60535,-93.63122,True,False,False
1376953059,MASTERSON,HALEY,MD,DES MOINES,IA,50314,41.60535,-93.63122,False,True,False
1750376034,NARAWONG,DUANGCHAI,MD,DES MOINES,IA,50309,41.58487,-93.62063,True,False,False
1710418959,OKONKWO,JERRIS-STEPHANIE,D.O.,DES MOINES,IA,50309,41.58487,-93.62063,True,False,False
1477950988,PATEL,RIFALI,MD,DES MOINES,IA,50314,41.60535,-93.63122,False,True,False
1760596514,PURICELLI,MARK,DO,DES MOINES,IA,50314,41.60535,-93.63122,True,False,False
1710972823,RANKIN,LYNN,MD,DES MOINES,IA,50316,41.60865,-93.59763,True,False,False
1972646917,SCHMOLCK,HEIKE,MD,DES MOINES,IA,50314,41.60535,-93.63122,True,False,False
1750369344,STRUCK,LYNN,MD,DES MOINES,IA,50309,41.58487,-93.62063,True,False,False
1164630216,SWENSON,ANDREA,M.D.,IOWA CITY,IA,52242,41.66264,-91.54787,True,False,False
1285863290,THABET,FAROUQ,MD,DES MOINES,IA,50314,41.60535,-93.63122,False,True,False
1265609234,TRIPATHY,ASIT,M.D,DES MOINES,IA,50309,41.58487,-93.62063,False,True,False
1619591344,VILLARROEL GOMEZ,KAREN,MD,DES MOINES,IA,50309,41.58487,-93.62063,False,True,False
1679550503,WRIGHT,JOHN,M.D.,DES MOINES,IA,50314,41.60535,-93.63122,True,False,False
1194703074,ZADEH,WENDY,MD,DES MOINES,IA,50314,41.60535,-93.63122,True,False,False
1467446955,HAYREH,SANT,M.D.,MASON CITY,IA,50401,43.15371,-93.20016,True,False,False
1184612202,VERMA,RAJINDER,M.D.,MASON CITY,IA,50401,43.15371,-93.20016,True,False,False
1619920089,BEKAVAC,IVO,MD PhD,WATERLOO,IA,50701,42.41584,-92.34144,True,False,False
1255712618,MCMILLEN,MARIE,DO,WATERLOO,IA,50702,42.45745,-92.31237,True,False,False
1043262181,NAKHASI,ASHOK,M.D.,WATERLOO,IA,50702,42.45745,-92.31237,True,False,False
1023021151,O'SHAUGHNESSY,BRIAN,MD,WATERLOO,IA,50703,42.54851,-92.28049,True,False,False
1477765584,SHAH,SANGEETA,MD,WATERLOO,IA,50702,42.45745,-92.31237,True,False,False
1508803354,SIRES,BRIAN,M.D.,WATERLOO,IA,50702,42.45745,-92.31237,True,False,False
1427093210,NITZ,DENNIS,MD,SIOUX CITY,IA,51104,42.53542,-96.40413,True,False,False
1205859170,CHEN,MICHAEL,DO,COUNCIL BLUFFS,IA,51503,41.23203,-95.77811,True,False,False
1265422034,KHAN,SOHAIL,MD,RED OAK,IA,51566,41.0163,-95.2313,True,False,False
1245364728,ROSALES,TERESA,M.D.,CLARINDA,IA,51632,40.74694,-95.04956,True,False,False
1821675398,PHILLIPS,CHRISTOPHER,MD,ROCHESTER,MN,55905,44.05595,-92.52583,False,False,True
1801479472,ROFFE VAZQUEZ,DANIEL,M.D.,ROCHESTER,MN,55905,44.05595,-92.52583,False,False,True
1114687522,THOMAS,JIMMY,,WEST FARGO,ND,58078,46.86303,-96.93126,False,False,True
