rank,isd,district,county,locale,classification,confirmation_status,nurse_risk_tier,prob_no_nurse,school_year,total_enrollment,sped_count,ohd_count,ohd_share_of_enrollment_pct,suppression_flag
1,833,South Washington County,Washington County,Suburb,FOUND_MED_POLICY_ONLY,,LOW_RISK_LARGE,7%,"2025-26 (Dec 1, 2025 count)",21283,4238,526,2.47,not_suppressed_in_source
2,728,Elk River Public School District,Sherburne County,Suburb,FOUND_MED_POLICY_ONLY,,LOW_RISK_LARGE,7%,"2025-26 (Dec 1, 2025 count)",15591,2796,289,1.85,not_suppressed_in_source
3,742,St. Cloud,Stearns County,City,FOUND_MED_POLICY_ONLY,,LOW_RISK_LARGE,7%,"2025-26 (Dec 1, 2025 count)",14601,3166,276,1.89,not_suppressed_in_source
4,621,Mounds View Public School District,Ramsey County,Suburb,NOT_FOUND,,LOW_RISK_LARGE,7%,"2025-26 (Dec 1, 2025 count)",12436,1841,274,2.2,not_suppressed_in_source
5,152,Moorhead Area Public Schools,Clay County,Suburb,FOUND_MED_POLICY_ONLY,,LOW_RISK_LARGE,7%,"2025-26 (Dec 1, 2025 count)",8621,1840,237,2.75,not_suppressed_in_source
6,192,Farmington Public School District,Dakota County,Suburb,FOUND_MED_POLICY_ONLY,,LOW_RISK_LARGE,7%,"2025-26 (Dec 1, 2025 count)",6879,1446,165,2.4,not_suppressed_in_source
7,199,Inver Grove Heights Schools,Dakota County,Suburb,FOUND_MED_POLICY_ONLY,,LOW_RISK_LARGE,7%,"2025-26 (Dec 1, 2025 count)",3694,835,155,4.2,not_suppressed_in_source
8,276,Minnetonka Public School District,Hennepin County,City,FOUND_MED_POLICY_ONLY,,LOW_RISK_LARGE,7%,"2025-26 (Dec 1, 2025 count)",7416,1078,139,1.87,not_suppressed_in_source
9,31,Bemidji Area Schools,Beltrami County,Town,NOT_VERIFIABLE,,LOW_RISK_LARGE,7%,"2025-26 (Dec 1, 2025 count)",5171,1182,122,2.36,not_suppressed_in_source
10,761,Owatonna Public School District,Steele County,Town,FOUND_MED_POLICY_ONLY,,LOW_RISK_LARGE,7%,"2025-26 (Dec 1, 2025 count)",5228,1013,115,2.2,not_suppressed_in_source
11,347,Willmar,Kandiyohi County,Town,FOUND_MED_POLICY_ONLY,,LOW_RISK_LARGE,7%,"2025-26 (Dec 1, 2025 count)",4791,1074,115,2.4,not_suppressed_in_source
12,721,New Prague Area Schools,Scott County,Town,FOUND_MED_POLICY_ONLY,,LOW_RISK_LARGE,7%,"2025-26 (Dec 1, 2025 count)",3748,638,113,3.01,not_suppressed_in_source
13,659,Northfield Public School District,Rice County,Town,FOUND_MED_POLICY_ONLY,,LOW_RISK_LARGE,7%,"2025-26 (Dec 1, 2025 count)",3676,754,112,3.05,not_suppressed_in_source
14,256,Red Wing Public School District,Goodhue County,Rural,FOUND_MED_POLICY_ONLY,,LOW_RISK_LARGE,7%,"2025-26 (Dec 1, 2025 count)",2588,597,98,3.79,not_suppressed_in_source
15,283,St. Louis Park Public School District,Hennepin County,City,FOUND_MED_POLICY_ONLY,,LOW_RISK_LARGE,7%,"2025-26 (Dec 1, 2025 count)",6410,874,94,1.47,not_suppressed_in_source
16,701,Hibbing Public School District,St. Louis County,Town,NOT_FOUND,,LOW_RISK_LARGE,7%,"2025-26 (Dec 1, 2025 count)",2458,558,89,3.62,not_suppressed_in_source
17,748,Sartell-St. Stephen School District,Stearns County,Suburb,FOUND_MED_POLICY_ONLY,,LOW_RISK_LARGE,7%,"2025-26 (Dec 1, 2025 count)",4247,838,87,2.05,not_suppressed_in_source
18,656,Faribault,Rice County,Town,FOUND_MED_POLICY_ONLY,in_progress,LOW_RISK_LARGE,7%,"2025-26 (Dec 1, 2025 count)",4711,878,84,1.78,not_suppressed_in_source
19,482,Little Falls Community Schools,Morrison County,Town,FOUND_MED_POLICY_ONLY,,LOW_RISK_LARGE,7%,"2025-26 (Dec 1, 2025 count)",2731,622,77,2.82,not_suppressed_in_source
20,138,North Branch Area Public Schools,Chisago County,Rural,FOUND_MED_POLICY_ONLY,,LOW_RISK_LARGE,7%,"2025-26 (Dec 1, 2025 count)",3182,583,73,2.29,not_suppressed_in_source
21,13,Columbia Heights Public School Dist,Anoka County,Suburb,FOUND_MED_POLICY_ONLY,,LOW_RISK_LARGE,7%,"2025-26 (Dec 1, 2025 count)",3415,671,68,1.99,not_suppressed_in_source
22,882,Monticello Public School District,Wright County,Town,FOUND_MED_POLICY_ONLY,,LOW_RISK_LARGE,7%,"2025-26 (Dec 1, 2025 count)",4037,786,68,1.68,not_suppressed_in_source
23,2905,Tri-City United School District,Le Sueur County,Rural,FOUND_MED_POLICY_ONLY,,LOW_RISK_LARGE,7%,"2025-26 (Dec 1, 2025 count)",2422,520,64,2.64,not_suppressed_in_source
24,465,Litchfield Public School District,Meeker County,Town,NOT_VERIFIABLE,,LOW_RISK_LARGE,7%,"2025-26 (Dec 1, 2025 count)",1804,431,63,3.49,not_suppressed_in_source
25,726,Becker Public School District,Sherburne County,Rural,FOUND_MED_POLICY_ONLY,,LOW_RISK_LARGE,7%,"2025-26 (Dec 1, 2025 count)",2448,500,59,2.41,not_suppressed_in_source
26,704,Proctor Public School District,St. Louis County,Suburb,FOUND_MED_POLICY_ONLY,,LOW_RISK_LARGE,7%,"2025-26 (Dec 1, 2025 count)",1724,338,55,3.19,not_suppressed_in_source
27,2142,St. Louis County School District,St. Louis County,Rural,FOUND_MED_POLICY_ONLY,,LOW_RISK_LARGE,7%,"2025-26 (Dec 1, 2025 count)",1967,499,55,2.8,not_suppressed_in_source
28,861,Winona Area,Winona County,Town,FOUND_MED_POLICY_ONLY,,LOW_RISK_LARGE,7%,"2025-26 (Dec 1, 2025 count)",3881,735,53,1.37,not_suppressed_in_source
29,534,Stewartville Public Schools,Olmsted County,Town,FOUND_MED_POLICY_ONLY,,LOW_RISK_LARGE,7%,"2025-26 (Dec 1, 2025 count)",1753,388,51,2.91,not_suppressed_in_source
30,2859,Glencoe-Silver Lake School District,McLeod County,Town,FOUND_MED_POLICY_ONLY,,LOW_RISK_LARGE,7%,"2025-26 (Dec 1, 2025 count)",1772,373,47,2.65,not_suppressed_in_source
31,879,Delano Public School District,Wright County,Town,FOUND_MED_POLICY_ONLY,,LOW_RISK_LARGE,7%,"2025-26 (Dec 1, 2025 count)",2457,416,46,1.87,not_suppressed_in_source
32,282,St. Anthony-New Brighton Schools,Hennepin County,Suburb,FOUND_MED_POLICY_ONLY,,LOW_RISK_LARGE,7%,"2025-26 (Dec 1, 2025 count)",1755,222,46,2.62,not_suppressed_in_source
33,508,St. Peter Public School District,Nicollet County,Town,FOUND_MED_POLICY_ONLY,,LOW_RISK_LARGE,7%,"2025-26 (Dec 1, 2025 count)",2151,469,46,2.14,not_suppressed_in_source
34,518,Worthington Public School District,Nobles County,Town,NOT_VERIFIABLE,,LOW_RISK_LARGE,7%,"2025-26 (Dec 1, 2025 count)",3803,634,46,1.21,not_suppressed_in_source
35,531,Byron Public School District,Olmsted County,Town,FOUND_MED_POLICY_ONLY,,LOW_RISK_LARGE,7%,"2025-26 (Dec 1, 2025 count)",1920,281,44,2.29,not_suppressed_in_source
36,316,Greenway Public School District,Itasca County,Rural,FOUND_MED_POLICY_ONLY,,ELEVATED_RISK_MID,60%,"2025-26 (Dec 1, 2025 count)",1208,355,44,3.64,not_suppressed_in_source
37,332,Mora Public School District,Kanabec County,Rural,FOUND_MED_POLICY_ONLY,,LOW_RISK_LARGE,7%,"2025-26 (Dec 1, 2025 count)",1611,395,43,2.67,not_suppressed_in_source
38,876,Annandale Public School District,Wright County,Rural,FOUND_MED_POLICY_ONLY,,LOW_RISK_LARGE,7%,"2025-26 (Dec 1, 2025 count)",1714,320,42,2.45,not_suppressed_in_source
39,413,Marshall Public School District,Lyon County,Town,FOUND_MED_POLICY_ONLY,,LOW_RISK_LARGE,7%,"2025-26 (Dec 1, 2025 count)",2980,536,42,1.41,not_suppressed_in_source
40,829,Waseca Public Schools,Waseca County,Town,FOUND_MED_POLICY_ONLY,,LOW_RISK_LARGE,7%,"2025-26 (Dec 1, 2025 count)",1676,374,41,2.45,not_suppressed_in_source
41,2155,Wadena-Deer Creek School District,Wadena County,Town,FOUND_MED_POLICY_ONLY,,LOW_RISK_LARGE,7%,"2025-26 (Dec 1, 2025 count)",1337,402,39,2.92,not_suppressed_in_source
42,381,Lake Superior Public School Dist.,Lake County,Rural,FOUND_MED_POLICY_ONLY,,LOW_RISK_LARGE,7%,"2025-26 (Dec 1, 2025 count)",1370,340,38,2.77,not_suppressed_in_source
43,549,Perham-Dent Public Schools,Otter Tail County,Rural,FOUND_MED_POLICY_ONLY,,LOW_RISK_LARGE,7%,"2025-26 (Dec 1, 2025 count)",1863,328,38,2.04,not_suppressed_in_source
44,204,Kasson-Mantorville School District,Dodge County,Town,FOUND_MED_POLICY_ONLY,,LOW_RISK_LARGE,7%,"2025-26 (Dec 1, 2025 count)",2039,379,36,1.77,not_suppressed_in_source
45,578,Pine City Public School District,Pine County,Rural,FOUND_MED_POLICY_ONLY,,LOW_RISK_LARGE,7%,"2025-26 (Dec 1, 2025 count)",1522,228,36,2.37,not_suppressed_in_source
46,745,Albany Public School District,Stearns County,Rural,FOUND_MED_POLICY_ONLY,,LOW_RISK_LARGE,7%,"2025-26 (Dec 1, 2025 count)",1746,326,35,2.0,not_suppressed_in_source
47,23,Frazee-Vergas Public Schools,Becker County,Rural,FOUND_MED_POLICY_ONLY,,ELEVATED_RISK_MID,60%,"2025-26 (Dec 1, 2025 count)",1000,251,35,3.5,not_suppressed_in_source
48,2180,Maccray School District,Chippewa County,Rural,FOUND_MED_POLICY_ONLY,,ELEVATED_RISK_MID,60%,"2025-26 (Dec 1, 2025 count)",701,191,34,4.85,not_suppressed_in_source
49,38,Red Lake Public School District,Beltrami County,Rural,NOT_VERIFIABLE,,LOW_RISK_LARGE,7%,"2025-26 (Dec 1, 2025 count)",1908,510,34,1.78,not_suppressed_in_source
50,361,International Falls School District,Koochiching County,Town,FOUND_MED_POLICY_ONLY,,ELEVATED_RISK_MID,60%,"2025-26 (Dec 1, 2025 count)",1075,216,33,3.07,not_suppressed_in_source
51,113,Walker-Hackensack-Akeley School District,Cass County,Rural,FOUND_MED_POLICY_ONLY,,ELEVATED_RISK_MID,60%,"2025-26 (Dec 1, 2025 count)",798,239,32,4.01,not_suppressed_in_source
52,2396,A.C.G.C. Public School District,Meeker County,Rural,FOUND_MED_POLICY_ONLY,,ELEVATED_RISK_MID,60%,"2025-26 (Dec 1, 2025 count)",831,220,31,3.73,not_suppressed_in_source
53,846,Breckenridge Public School District,Wilkin County,Town,FOUND_MED_POLICY_ONLY,,ELEVATED_RISK_MID,60%,"2025-26 (Dec 1, 2025 count)",773,184,31,4.01,not_suppressed_in_source
54,286,Brooklyn Center,Hennepin County,Suburb,FOUND_MED_POLICY_ONLY,,LOW_RISK_LARGE,7%,"2025-26 (Dec 1, 2025 count)",1328,285,31,2.33,not_suppressed_in_source
55,2165,Hinckley-Finlayson School District,Pine County,Rural,FOUND_MED_POLICY_ONLY,,ELEVATED_RISK_MID,60%,"2025-26 (Dec 1, 2025 count)",925,218,31,3.35,not_suppressed_in_source
56,2895,Jackson County Central School Dist.,Jackson County,Rural,FOUND_MED_POLICY_ONLY,,LOW_RISK_LARGE,7%,"2025-26 (Dec 1, 2025 count)",1153,283,31,2.69,not_suppressed_in_source
57,2135,Maple River School District,Blue Earth County,Rural,FOUND_MED_POLICY_ONLY,,ELEVATED_RISK_MID,60%,"2025-26 (Dec 1, 2025 count)",921,227,31,3.37,not_suppressed_in_source
58,750,Rocori Public School District,Stearns County,Rural,FOUND_MED_POLICY_ONLY,,LOW_RISK_LARGE,7%,"2025-26 (Dec 1, 2025 count)",2025,330,31,1.53,not_suppressed_in_source
59,682,Roseau Public School District,Roseau County,Rural,NOT_FOUND,,LOW_RISK_LARGE,7%,"2025-26 (Dec 1, 2025 count)",1081,198,31,2.87,not_suppressed_in_source
60,777,Benson Public School District,Swift County,Rural,FOUND_MED_POLICY_ONLY,,ELEVATED_RISK_MID,60%,"2025-26 (Dec 1, 2025 count)",827,188,30,3.63,not_suppressed_in_source
61,182,Crosby-Ironton School District,Crow Wing County,Rural,FOUND_MED_POLICY_ONLY,,ELEVATED_RISK_MID,60%,"2025-26 (Dec 1, 2025 count)",1042,265,30,2.88,not_suppressed_in_source
62,2753,Long Prairie-Grey Eagle School Dist,Todd County,Rural,FOUND_MED_POLICY_ONLY,,ELEVATED_RISK_MID,60%,"2025-26 (Dec 1, 2025 count)",1522,336,30,1.97,not_suppressed_in_source
63,162,Bagley Public School District,Clearwater County,Rural,FOUND_MED_POLICY_ONLY,,ELEVATED_RISK_MID,60%,"2025-26 (Dec 1, 2025 count)",863,205,29,3.36,not_suppressed_in_source
64,14,Fridley Public School District,Anoka County,Suburb,FOUND_MED_POLICY_ONLY,,LOW_RISK_LARGE,7%,"2025-26 (Dec 1, 2025 count)",3506,472,29,0.83,not_suppressed_in_source
65,695,Chisholm Public School District,St. Louis County,Town,FOUND_MED_POLICY_ONLY,,ELEVATED_RISK_MID,60%,"2025-26 (Dec 1, 2025 count)",701,184,28,3.99,not_suppressed_in_source
66,300,La Crescent-Hokah School District,Houston County,Suburb,FOUND_MED_POLICY_ONLY,,ELEVATED_RISK_MID,60%,"2025-26 (Dec 1, 2025 count)",1020,182,28,2.75,not_suppressed_in_source
67,2342,West Central Area,Grant County,Rural,FOUND_MED_POLICY_ONLY,,ELEVATED_RISK_MID,60%,"2025-26 (Dec 1, 2025 count)",772,181,28,3.63,not_suppressed_in_source
68,2853,Lac Qui Parle Valley Schools,Lac qui Parle County,Rural,FOUND_MED_POLICY_ONLY,,ELEVATED_RISK_MID,60%,"2025-26 (Dec 1, 2025 count)",966,204,27,2.8,not_suppressed_in_source
69,484,Pierz Public School District,Morrison County,Rural,NOT_VERIFIABLE,,LOW_RISK_LARGE,7%,"2025-26 (Dec 1, 2025 count)",991,170,27,2.72,not_suppressed_in_source
70,2176,Warren-Alvarado-Oslo School Dist.,Marshall County,Rural,FOUND_MED_POLICY_ONLY,,ELEVATED_RISK_MID,60%,"2025-26 (Dec 1, 2025 count)",640,114,27,4.22,not_suppressed_in_source
71,252,Cannon Falls Public School District,Goodhue County,Rural,FOUND_MED_POLICY_ONLY,,LOW_RISK_LARGE,7%,"2025-26 (Dec 1, 2025 count)",1163,266,26,2.24,not_suppressed_in_source
72,593,Crookston Public School District,Polk County,Town,FOUND_MED_POLICY_ONLY,,LOW_RISK_LARGE,7%,"2025-26 (Dec 1, 2025 count)",1372,345,26,1.9,not_suppressed_in_source
73,139,Rush City Public School District,Chisago County,Rural,FOUND_MED_POLICY_ONLY,,ELEVATED_RISK_MID,60%,"2025-26 (Dec 1, 2025 count)",843,192,26,3.08,not_suppressed_in_source
74,2805,Zumbrota-Mazeppa School District,Goodhue County,Rural,FOUND_MED_POLICY_ONLY,,LOW_RISK_LARGE,7%,"2025-26 (Dec 1, 2025 count)",1278,236,26,2.03,not_suppressed_in_source
75,166,Cook County Public Schools,Cook County,Rural,FOUND_MED_POLICY_ONLY,,HIGH_RISK_SMALL,83%,"2025-26 (Dec 1, 2025 count)",446,135,25,5.61,not_suppressed_in_source
76,2365,Gfw Public Schools,Sibley County,Rural,FOUND_MED_POLICY_ONLY,,ELEVATED_RISK_MID,60%,"2025-26 (Dec 1, 2025 count)",873,193,25,2.86,not_suppressed_in_source
77,821,Menahga Public School District,Wadena County,Rural,FOUND_MED_POLICY_ONLY,,ELEVATED_RISK_MID,60%,"2025-26 (Dec 1, 2025 count)",887,136,25,2.82,not_suppressed_in_source
78,1,Aitkin Public School District,Aitkin County,Rural,FOUND_MED_POLICY_ONLY,,ELEVATED_RISK_MID,60%,"2025-26 (Dec 1, 2025 count)",934,209,24,2.57,not_suppressed_in_source
79,108,Central Public School District,Carver County,Rural,FOUND_MED_POLICY_ONLY,,ELEVATED_RISK_MID,60%,"2025-26 (Dec 1, 2025 count)",1212,232,24,1.98,not_suppressed_in_source
80,463,Eden Valley-Watkins School District,Meeker County,Rural,FOUND_MED_POLICY_ONLY,,ELEVATED_RISK_MID,60%,"2025-26 (Dec 1, 2025 count)",741,178,24,3.24,not_suppressed_in_source
81,345,New London-Spicer School District,Kandiyohi County,Town,NOT_VERIFIABLE,,LOW_RISK_LARGE,7%,"2025-26 (Dec 1, 2025 count)",1291,233,24,1.86,not_suppressed_in_source
82,553,New York Mills Public School Dist.,Otter Tail County,Rural,FOUND_MED_POLICY_ONLY,,ELEVATED_RISK_MID,60%,"2025-26 (Dec 1, 2025 count)",694,166,24,3.46,not_suppressed_in_source
83,2310,Sibley East School District,Sibley County,Rural,FOUND_MED_POLICY_ONLY,,LOW_RISK_LARGE,7%,"2025-26 (Dec 1, 2025 count)",1248,247,24,1.92,not_suppressed_in_source
84,716,Belle Plaine Public Schools,Scott County,Town,FOUND_MED_POLICY_ONLY,,LOW_RISK_LARGE,7%,"2025-26 (Dec 1, 2025 count)",1733,391,23,1.33,not_suppressed_in_source
85,813,Lake City Public School District,Wabasha County,Town,FOUND_MED_POLICY_ONLY,,LOW_RISK_LARGE,7%,"2025-26 (Dec 1, 2025 count)",1239,179,23,1.86,not_suppressed_in_source
86,2711,Mesabi East,St. Louis County,Rural,FOUND_MED_POLICY_ONLY,,ELEVATED_RISK_MID,60%,"2025-26 (Dec 1, 2025 count)",771,164,23,2.98,not_suppressed_in_source
87,2908,Brandon-Evansville Public Schools,Douglas County,Rural,FOUND_MED_POLICY_ONLY,,ELEVATED_RISK_MID,60%,"2025-26 (Dec 1, 2025 count)",621,141,22,3.54,not_suppressed_in_source
88,2159,Buffalo Lake-Hector-Stewart,Renville County,Rural,FOUND_MED_POLICY_ONLY,,HIGH_RISK_SMALL,83%,"2025-26 (Dec 1, 2025 count)",519,127,22,4.24,not_suppressed_in_source
89,51,Foley Public School District,Benton County,Rural,FOUND_MED_POLICY_ONLY,,LOW_RISK_LARGE,7%,"2025-26 (Dec 1, 2025 count)",1683,309,22,1.31,not_suppressed_in_source
90,2184,Luverne Public School District,Rock County,Rural,FOUND_MED_POLICY_ONLY,,LOW_RISK_LARGE,7%,"2025-26 (Dec 1, 2025 count)",1113,218,22,1.98,not_suppressed_in_source
91,533,Dover-Eyota Public School District,Olmsted County,Rural,NOT_FOUND,,LOW_RISK_LARGE,7%,"2025-26 (Dec 1, 2025 count)",738,116,21,2.85,not_suppressed_in_source
92,2754,Cedar Mountain School District,Redwood County,Rural,FOUND_MED_POLICY_ONLY,,HIGH_RISK_SMALL,83%,"2025-26 (Dec 1, 2025 count)",325,83,20,6.15,not_suppressed_in_source
93,2397,Le Sueur-Henderson School District,Le Sueur County,Rural,FOUND_MED_POLICY_ONLY,,ZERO_SUPPORT_STAFF,95%,"2025-26 (Dec 1, 2025 count)",1125,213,20,1.78,not_suppressed_in_source
94,881,Maple Lake Public School District,Wright County,Rural,FOUND_MED_POLICY_ONLY,,ELEVATED_RISK_MID,60%,"2025-26 (Dec 1, 2025 count)",860,187,20,2.33,not_suppressed_in_source
95,2897,Redwood Area School District,Redwood County,Town,FOUND_MED_POLICY_ONLY,,LOW_RISK_LARGE,7%,"2025-26 (Dec 1, 2025 count)",1396,364,20,1.43,not_suppressed_in_source
96,743,Sauk Centre Public School District,Stearns County,Town,FOUND_MED_POLICY_ONLY,,LOW_RISK_LARGE,7%,"2025-26 (Dec 1, 2025 count)",1378,275,20,1.45,not_suppressed_in_source
97,2134,United South Central Schools,Faribault County,Rural,FOUND_MED_POLICY_ONLY,,ELEVATED_RISK_MID,60%,"2025-26 (Dec 1, 2025 count)",914,179,20,2.19,not_suppressed_in_source
98,787,Browerville Public School District,Todd County,Rural,NOT_FOUND,,ELEVATED_RISK_MID,60%,"2025-26 (Dec 1, 2025 count)",598,143,19,3.18,not_suppressed_in_source
99,2580,East Central School District,Pine County,Rural,FOUND_MED_POLICY_ONLY,,ELEVATED_RISK_MID,60%,"2025-26 (Dec 1, 2025 count)",800,155,19,2.38,not_suppressed_in_source
100,739,Kimball Public School District,Stearns County,Rural,FOUND_MED_POLICY_ONLY,,ELEVATED_RISK_MID,60%,"2025-26 (Dec 1, 2025 count)",738,162,19,2.57,not_suppressed_in_source
101,2889,Lake Park Audubon School District,Becker County,Rural,FOUND_MED_POLICY_ONLY,,ELEVATED_RISK_MID,60%,"2025-26 (Dec 1, 2025 count)",719,151,19,2.64,not_suppressed_in_source
102,740,Melrose Public School District,Stearns County,Rural,FOUND_MED_POLICY_ONLY,,LOW_RISK_LARGE,7%,"2025-26 (Dec 1, 2025 count)",1621,290,19,1.17,not_suppressed_in_source
103,173,Mountain Lake Public Schools,Cottonwood County,Rural,FOUND_MED_POLICY_ONLY,,HIGH_RISK_SMALL,83%,"2025-26 (Dec 1, 2025 count)",627,140,19,3.03,not_suppressed_in_source
104,2169,Murray County Central Schools,Murray County,Rural,NOT_FOUND,,ELEVATED_RISK_MID,60%,"2025-26 (Dec 1, 2025 count)",721,156,19,2.64,not_suppressed_in_source
105,2174,Pine River-Backus School District,Cass County,Rural,FOUND_MED_POLICY_ONLY,,ELEVATED_RISK_MID,60%,"2025-26 (Dec 1, 2025 count)",913,235,19,2.08,not_suppressed_in_source
106,32,Blackduck Public School,Beltrami County,Rural,FOUND_MED_POLICY_ONLY,,ELEVATED_RISK_MID,60%,"2025-26 (Dec 1, 2025 count)",559,134,18,3.22,not_suppressed_in_source
107,299,Caledonia Public School District,Houston County,Rural,FOUND_MED_POLICY_ONLY,,ELEVATED_RISK_MID,60%,"2025-26 (Dec 1, 2025 count)",955,145,18,1.88,not_suppressed_in_source
108,317,Deer River Public School District,Itasca County,Rural,FOUND_MED_POLICY_ONLY,,ELEVATED_RISK_MID,60%,"2025-26 (Dec 1, 2025 count)",786,229,18,2.29,not_suppressed_in_source
109,239,Rushford-Peterson Public Schools,Fillmore County,Rural,NOT_FOUND,,ELEVATED_RISK_MID,60%,"2025-26 (Dec 1, 2025 count)",588,81,18,3.06,not_suppressed_in_source
110,690,Warroad,Roseau County,Rural,FOUND_MED_POLICY_ONLY,,LOW_RISK_LARGE,7%,"2025-26 (Dec 1, 2025 count)",1009,219,18,1.78,not_suppressed_in_source
111,177,Windom Public School District,Cottonwood County,Rural,NOT_FOUND,,LOW_RISK_LARGE,7%,"2025-26 (Dec 1, 2025 count)",1205,297,18,1.49,not_suppressed_in_source
112,314,Braham Public School District,Isanti County,Rural,FOUND_MED_POLICY_ONLY,,ELEVATED_RISK_MID,60%,"2025-26 (Dec 1, 2025 count)",954,185,17,1.78,not_suppressed_in_source
113,414,Minneota Public School District,Lyon County,Rural,FOUND_MED_POLICY_ONLY,,ELEVATED_RISK_MID,60%,"2025-26 (Dec 1, 2025 count)",451,95,17,3.77,not_suppressed_in_source
114,2168,Nrheg School District,Waseca County,Rural,FOUND_MED_POLICY_ONLY,,ELEVATED_RISK_MID,60%,"2025-26 (Dec 1, 2025 count)",743,122,17,2.29,not_suppressed_in_source
115,146,Barnesville Public School Dist.,Clay County,Rural,FOUND_MED_POLICY_ONLY,,ELEVATED_RISK_MID,60%,"2025-26 (Dec 1, 2025 count)",866,123,16,1.85,not_suppressed_in_source
116,2534,Bird Island-Olivia-Lake Lillian,Renville County,Rural,FOUND_MED_POLICY_ONLY,,ELEVATED_RISK_MID,60%,"2025-26 (Dec 1, 2025 count)",737,138,16,2.17,not_suppressed_in_source
117,93,Carlton Public School District,Carlton County,Town,FOUND_MED_POLICY_ONLY,,HIGH_RISK_SMALL,83%,"2025-26 (Dec 1, 2025 count)",591,141,16,2.71,not_suppressed_in_source
118,2198,Fillmore Central,Fillmore County,Rural,NOT_FOUND,,ELEVATED_RISK_MID,60%,"2025-26 (Dec 1, 2025 count)",617,125,16,2.59,not_suppressed_in_source
119,2683,Greenbush Middle River Schools,Roseau County,Rural,FOUND_MED_POLICY_ONLY,,HIGH_RISK_SMALL,83%,"2025-26 (Dec 1, 2025 count)",359,80,16,4.46,not_suppressed_in_source
120,150,Hawley Public School District,Clay County,Rural,FOUND_MED_POLICY_ONLY,,LOW_RISK_LARGE,7%,"2025-26 (Dec 1, 2025 count)",989,161,16,1.62,not_suppressed_in_source
121,2172,Kenyon-Wanamingo School District,Goodhue County,Rural,FOUND_MED_POLICY_ONLY,,ELEVATED_RISK_MID,60%,"2025-26 (Dec 1, 2025 count)",745,162,16,2.15,not_suppressed_in_source
122,424,Lester Prairie Public Schools,McLeod County,Rural,FOUND_MED_POLICY_ONLY,,HIGH_RISK_SMALL,83%,"2025-26 (Dec 1, 2025 count)",500,101,16,3.2,not_suppressed_in_source
123,294,Houston Public School District,Houston County,Rural,FOUND_MED_POLICY_ONLY,,LOW_RISK_LARGE,7%,"2025-26 (Dec 1, 2025 count)",427,101,15,3.51,not_suppressed_in_source
124,2137,Kingsland,Fillmore County,Rural,FOUND_MED_POLICY_ONLY,,ELEVATED_RISK_MID,60%,"2025-26 (Dec 1, 2025 count)",666,137,15,2.25,not_suppressed_in_source
125,2448,Martin County West School District,Martin County,Rural,FOUND_MED_POLICY_ONLY,,ELEVATED_RISK_MID,60%,"2025-26 (Dec 1, 2025 count)",645,132,15,2.33,not_suppressed_in_source
126,115,Cass Lake-Bena Public Schools,Cass County,Rural,FOUND_MED_POLICY_ONLY,,LOW_RISK_LARGE,7%,"2025-26 (Dec 1, 2025 count)",1076,313,14,1.3,not_suppressed_in_source
127,2752,Fairmont Area School District,Martin County,Town,FOUND_MED_POLICY_ONLY,,LOW_RISK_LARGE,7%,"2025-26 (Dec 1, 2025 count)",1974,319,14,0.71,not_suppressed_in_source
128,4,Mcgregor Public School District,Aitkin County,Rural,FOUND_MED_POLICY_ONLY,,HIGH_RISK_SMALL,83%,"2025-26 (Dec 1, 2025 count)",497,135,14,2.82,not_suppressed_in_source
129,97,Moose Lake Public School District,Carlton County,Rural,FOUND_MED_POLICY_ONLY,,ELEVATED_RISK_MID,60%,"2025-26 (Dec 1, 2025 count)",583,136,14,2.4,not_suppressed_in_source
130,195,Randolph Public School District,Dakota County,Rural,FOUND_MED_POLICY_ONLY,,ELEVATED_RISK_MID,60%,"2025-26 (Dec 1, 2025 count)",440,67,14,3.18,not_suppressed_in_source
131,84,Sleepy Eye Public School District,Brown County,Rural,FOUND_MED_POLICY_ONLY,,ELEVATED_RISK_MID,60%,"2025-26 (Dec 1, 2025 count)",827,153,14,1.69,not_suppressed_in_source
132,858,St. Charles Public School District,Winona County,Rural,FOUND_MED_POLICY_ONLY,,ELEVATED_RISK_MID,60%,"2025-26 (Dec 1, 2025 count)",967,156,14,1.45,not_suppressed_in_source
133,435,Waubun-Ogema-White Earth Schools,Mahnomen County,Rural,FOUND_MED_POLICY_ONLY,,ELEVATED_RISK_MID,60%,"2025-26 (Dec 1, 2025 count)",619,138,14,2.26,not_suppressed_in_source
134,803,Wheaton Area Public School District,Traverse County,Rural,FOUND_MED_POLICY_ONLY,,HIGH_RISK_SMALL,83%,"2025-26 (Dec 1, 2025 count)",290,68,14,4.83,not_suppressed_in_source
135,786,Bertha-Hewitt Public School District,Todd County,Rural,FOUND_MED_POLICY_ONLY,,ELEVATED_RISK_MID,60%,"2025-26 (Dec 1, 2025 count)",500,122,13,2.6,not_suppressed_in_source
136,2860,Blue Earth Area School District,Faribault County,Rural,FOUND_MED_POLICY_ONLY,,LOW_RISK_LARGE,7%,"2025-26 (Dec 1, 2025 count)",1151,213,13,1.13,not_suppressed_in_source
137,432,Mahnomen Public School District,Mahnomen County,Rural,FOUND_MED_POLICY_ONLY,,ELEVATED_RISK_MID,60%,"2025-26 (Dec 1, 2025 count)",770,212,13,1.69,not_suppressed_in_source
138,712,Mountain Iron-Buhl School District,St. Louis County,Town,FOUND_MED_POLICY_ONLY,,ELEVATED_RISK_MID,60%,"2025-26 (Dec 1, 2025 count)",592,119,13,2.2,not_suppressed_in_source
139,319,Nashwauk-Keewatin School District,Itasca County,Rural,NOT_VERIFIABLE,in_progress,ELEVATED_RISK_MID,60%,"2025-26 (Dec 1, 2025 count)",516,142,13,2.52,not_suppressed_in_source
140,333,Ogilvie Public School District,Kanabec County,Rural,FOUND_MED_POLICY_ONLY,,HIGH_RISK_SMALL,83%,"2025-26 (Dec 1, 2025 count)",492,121,13,2.64,not_suppressed_in_source
141,630,Red Lake Falls Public School Dist.,Red Lake County,Rural,NOT_FOUND,,HIGH_RISK_SMALL,83%,"2025-26 (Dec 1, 2025 count)",366,56,13,3.55,not_suppressed_in_source
142,2884,Red Rock Central School District,Redwood County,Rural,FOUND_MED_POLICY_ONLY,,HIGH_RISK_SMALL,83%,"2025-26 (Dec 1, 2025 count)",482,93,13,2.7,not_suppressed_in_source
143,2904,Tracy Area Public School District,Lyon County,Rural,FOUND_MED_POLICY_ONLY,,ELEVATED_RISK_MID,60%,"2025-26 (Dec 1, 2025 count)",777,154,13,1.67,not_suppressed_in_source
144,811,Wabasha-Kellogg School District,Wabasha County,Suburb,FOUND_MED_POLICY_ONLY,,ELEVATED_RISK_MID,60%,"2025-26 (Dec 1, 2025 count)",559,106,13,2.33,not_suppressed_in_source
145,91,Barnum Public School District,Carlton County,Rural,NOT_VERIFIABLE,,ELEVATED_RISK_MID,60%,"2025-26 (Dec 1, 2025 count)",606,139,12,1.98,not_suppressed_in_source
146,891,Canby Public School District,Yellow Medicine County,Rural,NOT_VERIFIABLE,,ELEVATED_RISK_MID,60%,"2025-26 (Dec 1, 2025 count)",574,74,12,2.09,not_suppressed_in_source
147,2898,Westbrook-Walnut Grove Schools,Cottonwood County,Rural,FOUND_MED_POLICY_ONLY,,HIGH_RISK_SMALL,83%,"2025-26 (Dec 1, 2025 count)",488,109,12,2.46,not_suppressed_in_source
148,473,Isle Public School District,Mille Lacs County,Rural,FOUND_MED_POLICY_ONLY,,HIGH_RISK_SMALL,83%,"2025-26 (Dec 1, 2025 count)",342,74,11,3.22,not_suppressed_in_source
149,390,Lake Of The Woods School District,Lake of the Woods County,Rural,FOUND_MED_POLICY_ONLY,,HIGH_RISK_SMALL,83%,"2025-26 (Dec 1, 2025 count)",428,83,11,2.57,not_suppressed_in_source
150,441,Marshall County Central Schools,Marshall County,Rural,NOT_VERIFIABLE,,HIGH_RISK_SMALL,83%,"2025-26 (Dec 1, 2025 count)",321,46,11,3.43,not_suppressed_in_source
151,547,Parkers Prairie Public Schools,Otter Tail County,Rural,FOUND_MED_POLICY_ONLY,,ELEVATED_RISK_MID,60%,"2025-26 (Dec 1, 2025 count)",440,91,11,2.5,not_suppressed_in_source
152,548,Pelican Rapids Public Schools,Otter Tail County,Rural,FOUND_MED_POLICY_ONLY,,ELEVATED_RISK_MID,60%,"2025-26 (Dec 1, 2025 count)",1011,155,11,1.09,not_suppressed_in_source
153,75,St. Clair Public School District,Blue Earth County,Rural,FOUND_MED_POLICY_ONLY,,ELEVATED_RISK_MID,60%,"2025-26 (Dec 1, 2025 count)",393,57,11,2.8,not_suppressed_in_source
154,511,Adrian Public School District,Nobles County,Rural,FOUND_MED_POLICY_ONLY,,ELEVATED_RISK_MID,60%,"2025-26 (Dec 1, 2025 count)",455,81,10,2.2,not_suppressed_in_source
155,599,Fertile-Beltrami School District,Polk County,Rural,FOUND_MED_POLICY_ONLY,,HIGH_RISK_SMALL,83%,"2025-26 (Dec 1, 2025 count)",404,63,10,2.48,not_suppressed_in_source
156,738,Holdingford Public School District,Stearns County,Rural,FOUND_MED_POLICY_ONLY,,LOW_RISK_LARGE,7%,"2025-26 (Dec 1, 2025 count)",804,106,10,1.24,not_suppressed_in_source
157,837,Madelia Public School District,Watonwan County,Rural,FOUND_MED_POLICY_ONLY,,ELEVATED_RISK_MID,60%,"2025-26 (Dec 1, 2025 count)",679,114,10,1.47,not_suppressed_in_source
158,308,Nevis Public School District,Hubbard County,Rural,FOUND_MED_POLICY_ONLY,,ELEVATED_RISK_MID,60%,"2025-26 (Dec 1, 2025 count)",382,83,10,2.62,not_suppressed_in_source
159,507,Nicollet Public School District,Nicollet County,Rural,FOUND_MED_POLICY_ONLY,,HIGH_RISK_SMALL,83%,"2025-26 (Dec 1, 2025 count)",379,59,10,2.64,not_suppressed_in_source
160,500,Southland Public School District,Mower County,Rural,FOUND_MED_POLICY_ONLY,,ELEVATED_RISK_MID,60%,"2025-26 (Dec 1, 2025 count)",565,122,10,1.77,not_suppressed_in_source
161,261,Ashby Public School District,Grant County,Rural,FOUND_MED_POLICY_ONLY,,HIGH_RISK_SMALL,83%,"2025-26 (Dec 1, 2025 count)",236,48,9,3.81,small_count_1_to_9
162,2906,Red Lake County Central Public Sch,Red Lake County,Rural,FOUND_MED_POLICY_ONLY,,HIGH_RISK_SMALL,83%,"2025-26 (Dec 1, 2025 count)",330,67,9,2.73,small_count_1_to_9
163,2902,Rtr Public Schools,Lincoln County,Rural,FOUND_MED_POLICY_ONLY,,ELEVATED_RISK_MID,60%,"2025-26 (Dec 1, 2025 count)",539,90,9,1.67,small_count_1_to_9
164,818,Verndale Public School District,Wadena County,Rural,FOUND_MED_POLICY_ONLY,,HIGH_RISK_SMALL,83%,"2025-26 (Dec 1, 2025 count)",354,70,9,2.54,small_count_1_to_9
165,577,Willow River Public School District,Pine County,Rural,FOUND_MED_POLICY_ONLY,,HIGH_RISK_SMALL,83%,"2025-26 (Dec 1, 2025 count)",403,86,9,2.23,small_count_1_to_9
166,2910,Ada-Borup-West Public Schools,Norman County,Rural,NOT_VERIFIABLE,,ELEVATED_RISK_MID,60%,"2025-26 (Dec 1, 2025 count)",583,117,8,1.37,small_count_1_to_9
167,696,Ely Public School District,St. Louis County,Rural,FOUND_MED_POLICY_ONLY,,ELEVATED_RISK_MID,60%,"2025-26 (Dec 1, 2025 count)",434,80,8,1.84,small_count_1_to_9
168,505,Fulda Public School District,Murray County,Rural,FOUND_MED_POLICY_ONLY,,HIGH_RISK_SMALL,83%,"2025-26 (Dec 1, 2025 count)",384,97,8,2.08,small_count_1_to_9
169,330,Heron Lake-Okabena School District,Jackson County,Rural,FOUND_MED_POLICY_ONLY,,HIGH_RISK_SMALL,83%,"2025-26 (Dec 1, 2025 count)",239,46,8,3.35,small_count_1_to_9
170,671,Hills-Beaver Creek School District,Rock County,Rural,FOUND_MED_POLICY_ONLY,,HIGH_RISK_SMALL,83%,"2025-26 (Dec 1, 2025 count)",375,56,8,2.13,small_count_1_to_9
171,404,Lake Benton Public School District,Lincoln County,Rural,FOUND_MED_POLICY_ONLY,,HIGH_RISK_SMALL,83%,"2025-26 (Dec 1, 2025 count)",160,30,8,5.0,small_count_1_to_9
172,118,Northland Community Schools,Cass County,Rural,FOUND_MED_POLICY_ONLY,,HIGH_RISK_SMALL,83%,"2025-26 (Dec 1, 2025 count)",401,162,8,2.0,small_count_1_to_9
173,391,Cleveland Public School District,Le Sueur County,Rural,FOUND_MED_POLICY_ONLY,,ELEVATED_RISK_MID,60%,"2025-26 (Dec 1, 2025 count)",386,57,7,1.81,small_count_1_to_9
174,601,Fosston Public School District,Polk County,Rural,FOUND_MED_POLICY_ONLY,,ELEVATED_RISK_MID,60%,"2025-26 (Dec 1, 2025 count)",502,103,7,1.39,small_count_1_to_9
175,2886,Glenville-Emmons School District,Freeborn County,Rural,FOUND_MED_POLICY_ONLY,,HIGH_RISK_SMALL,83%,"2025-26 (Dec 1, 2025 count)",285,57,7,2.46,small_count_1_to_9
176,2,Hill City Public School District,Aitkin County,Rural,FOUND_MED_POLICY_ONLY,,HIGH_RISK_SMALL,83%,"2025-26 (Dec 1, 2025 count)",221,71,7,3.17,small_count_1_to_9
177,297,Spring Grove School District,Houston County,Rural,FOUND_MED_POLICY_ONLY,,HIGH_RISK_SMALL,83%,"2025-26 (Dec 1, 2025 count)",343,61,7,2.04,small_count_1_to_9
178,2358,Tri-County School District,Kittson County,Rural,NOT_FOUND,,HIGH_RISK_SMALL,83%,"2025-26 (Dec 1, 2025 count)",273,52,7,2.56,small_count_1_to_9
179,514,Ellsworth Public School District,Nobles County,Rural,FOUND_MED_POLICY_ONLY,,ZERO_SUPPORT_STAFF,95%,"2025-26 (Dec 1, 2025 count)",134,23,6,4.48,small_count_1_to_9
180,403,Ivanhoe Public School District,Lincoln County,Rural,FOUND_MED_POLICY_ONLY,,HIGH_RISK_SMALL,83%,"2025-26 (Dec 1, 2025 count)",198,35,6,3.03,small_count_1_to_9
181,497,Lyle Public School District,Mower County,Rural,FOUND_MED_POLICY_ONLY,,HIGH_RISK_SMALL,83%,"2025-26 (Dec 1, 2025 count)",197,69,6,3.05,small_count_1_to_9
182,486,Swanville Public School District,Morrison County,Rural,NOT_FOUND,,HIGH_RISK_SMALL,83%,"2025-26 (Dec 1, 2025 count)",268,44,6,2.24,small_count_1_to_9
183,914,Ulen-Hitterdal Public School Dist,Clay County,Rural,FOUND_MED_POLICY_ONLY,,HIGH_RISK_SMALL,83%,"2025-26 (Dec 1, 2025 count)",280,49,6,2.14,small_count_1_to_9
184,487,Upsala Public School District,Morrison County,Rural,NOT_VERIFIABLE,,HIGH_RISK_SMALL,83%,"2025-26 (Dec 1, 2025 count)",349,53,6,1.72,small_count_1_to_9
185,242,Alden-Conger Public School District,Freeborn County,Rural,FOUND_MED_POLICY_ONLY,,HIGH_RISK_SMALL,83%,"2025-26 (Dec 1, 2025 count)",245,46,5,2.04,small_count_1_to_9
186,592,Climax-Shelly Public Schools,Polk County,Rural,FOUND_MED_POLICY_ONLY,,HIGH_RISK_SMALL,83%,"2025-26 (Dec 1, 2025 count)",115,34,5,4.35,small_count_1_to_9
187,402,Hendricks Public School District,Lincoln County,Rural,FOUND_MED_POLICY_ONLY,,HIGH_RISK_SMALL,83%,"2025-26 (Dec 1, 2025 count)",154,20,5,3.25,small_count_1_to_9
188,264,Herman-Norcross Community School,Grant County,Rural,FOUND_MED_POLICY_ONLY,,HIGH_RISK_SMALL,83%,"2025-26 (Dec 1, 2025 count)",105,25,5,4.76,small_count_1_to_9
189,36,Kelliher Public School District,Beltrami County,Rural,FOUND_MED_POLICY_ONLY,pending,HIGH_RISK_SMALL,83%,"2025-26 (Dec 1, 2025 count)",163,34,5,3.07,small_count_1_to_9
190,229,Lanesboro Public School District,Fillmore County,Rural,NOT_FOUND,,HIGH_RISK_SMALL,83%,"2025-26 (Dec 1, 2025 count)",282,49,5,1.77,small_count_1_to_9
191,306,Laporte Public School District,Hubbard County,Rural,FOUND_MED_POLICY_ONLY,,HIGH_RISK_SMALL,83%,"2025-26 (Dec 1, 2025 count)",217,55,5,2.3,small_count_1_to_9
192,2856,Stephen-Argyle Central Schools,Marshall County,Rural,FOUND_MED_POLICY_ONLY,,HIGH_RISK_SMALL,83%,"2025-26 (Dec 1, 2025 count)",288,43,5,1.74,small_count_1_to_9
193,676,Badger Public School District,Roseau County,Rural,FOUND_MED_POLICY_ONLY,,HIGH_RISK_SMALL,83%,"2025-26 (Dec 1, 2025 count)",171,31,4,2.34,small_count_1_to_9
194,836,Butterfield-Odin Public Schools,Watonwan County,Rural,FOUND_MED_POLICY_ONLY,,HIGH_RISK_SMALL,83%,"2025-26 (Dec 1, 2025 count)",227,51,4,1.76,small_count_1_to_9
195,852,Campbell-Tintah Public Schools,Wilkin County,Rural,FOUND_MED_POLICY_ONLY,,HIGH_RISK_SMALL,83%,"2025-26 (Dec 1, 2025 count)",81,18,4,4.94,small_count_1_to_9
196,771,Chokio-Alberta Public Schools,Stevens County,Rural,FOUND_MED_POLICY_ONLY,,HIGH_RISK_SMALL,83%,"2025-26 (Dec 1, 2025 count)",161,34,4,2.48,small_count_1_to_9
197,81,Comfrey Public School District,Brown County,Rural,FOUND_MED_POLICY_ONLY,,HIGH_RISK_SMALL,83%,"2025-26 (Dec 1, 2025 count)",132,23,4,3.03,small_count_1_to_9
198,95,Cromwell-Wright Public Schools,Carlton County,Rural,FOUND_MED_POLICY_ONLY,,HIGH_RISK_SMALL,83%,"2025-26 (Dec 1, 2025 count)",246,56,4,1.63,small_count_1_to_9
199,238,Mabel-Canton Public School District,Fillmore County,Rural,FOUND_MED_POLICY_ONLY,,HIGH_RISK_SMALL,83%,"2025-26 (Dec 1, 2025 count)",315,74,4,1.27,small_count_1_to_9
200,707,Nett Lake Public School District,St. Louis County,Rural,FOUND_MED_POLICY_ONLY,,HIGH_RISK_SMALL,83%,"2025-26 (Dec 1, 2025 count)",66,28,4,6.06,small_count_1_to_9
201,2215,Norman County East School District,Norman County,Rural,FOUND_MED_POLICY_ONLY,,HIGH_RISK_SMALL,83%,"2025-26 (Dec 1, 2025 count)",305,68,4,1.31,small_count_1_to_9
202,2907,Round Lake-Brewster Public Schools,Nobles County,Rural,NOT_FOUND,,HIGH_RISK_SMALL,83%,"2025-26 (Dec 1, 2025 count)",239,48,4,1.67,small_count_1_to_9
203,100,Wrenshall Public School District,Carlton County,Rural,FOUND_MED_POLICY_ONLY,,HIGH_RISK_SMALL,83%,"2025-26 (Dec 1, 2025 count)",266,62,4,1.5,small_count_1_to_9
204,600,Fisher Public School District,Polk County,Rural,FOUND_MED_POLICY_ONLY,in_progress,HIGH_RISK_SMALL,83%,"2025-26 (Dec 1, 2025 count)",146,23,3,2.05,small_count_1_to_9
205,447,Grygla Public School District,Marshall County,Rural,NOT_FOUND,in_progress,HIGH_RISK_SMALL,83%,"2025-26 (Dec 1, 2025 count)",120,28,3,2.5,small_count_1_to_9
206,815,Prinsburg Public School District,Kandiyohi County,Rural,NOT_VERIFIABLE,,ZERO_SUPPORT_STAFF,95%,"2025-26 (Dec 1, 2025 count)",396,21,3,0.76,small_count_1_to_9
207,850,Rothsay Public School District,Wilkin County,Rural,FOUND_MED_POLICY_ONLY,,HIGH_RISK_SMALL,83%,"2025-26 (Dec 1, 2025 count)",194,29,3,1.55,small_count_1_to_9
208,550,Underwood Public School District,Otter Tail County,Rural,NOT_FOUND,,ELEVATED_RISK_MID,60%,"2025-26 (Dec 1, 2025 count)",313,39,3,0.96,small_count_1_to_9
209,801,Browns Valley Public School Dist,Traverse County,Rural,NOT_FOUND,,HIGH_RISK_SMALL,83%,"2025-26 (Dec 1, 2025 count)",96,27,2,2.08,small_count_1_to_9
210,581,Edgerton Public School District,Pipestone County,Rural,FOUND_MED_POLICY_ONLY,,HIGH_RISK_SMALL,83%,"2025-26 (Dec 1, 2025 count)",592,53,2,0.34,small_count_1_to_9
211,698,Floodwood Public School District,St. Louis County,Rural,FOUND_MED_POLICY_ONLY,,HIGH_RISK_SMALL,83%,"2025-26 (Dec 1, 2025 count)",160,34,2,1.25,small_count_1_to_9
212,415,Lynd Public School District,Lyon County,Rural,FOUND_MED_POLICY_ONLY,,ZERO_SUPPORT_STAFF,95%,"2025-26 (Dec 1, 2025 count)",154,20,2,1.3,small_count_1_to_9
213,363,South Koochiching School District,Koochiching County,Rural,NOT_VERIFIABLE,,HIGH_RISK_SMALL,83%,"2025-26 (Dec 1, 2025 count)",164,30,2,1.22,small_count_1_to_9
214,458,Truman Public School District,Martin County,Rural,FOUND_MED_POLICY_ONLY,,HIGH_RISK_SMALL,83%,"2025-26 (Dec 1, 2025 count)",321,62,2,0.62,small_count_1_to_9
215,2536,Granada Huntley East Chain,Martin County,Rural,FOUND_MED_POLICY_ONLY,,HIGH_RISK_SMALL,83%,"2025-26 (Dec 1, 2025 count)",259,47,1,0.39,small_count_1_to_9
216,356,Lancaster Public School District,Kittson County,Rural,NOT_VERIFIABLE,,HIGH_RISK_SMALL,83%,"2025-26 (Dec 1, 2025 count)",150,35,1,0.67,small_count_1_to_9
217,362,Littlefork-Big Falls School Dist.,Koochiching County,Rural,NOT_VERIFIABLE,,HIGH_RISK_SMALL,83%,"2025-26 (Dec 1, 2025 count)",182,27,1,0.55,small_count_1_to_9
218,323,Franconia Public School District,Washington County,Rural,NOT_VERIFIABLE,,ZERO_SUPPORT_STAFF,95%,"2025-26 (Dec 1, 2025 count)",0,2,0,,not_suppressed_in_source
219,25,Pine Point Public School District,Becker County,Rural,FOUND_MED_POLICY_ONLY,,ZERO_SUPPORT_STAFF,95%,"2025-26 (Dec 1, 2025 count)",53,18,0,0.0,not_suppressed_in_source
