isd,district,county,locale,enrollment_2024,seizure_classification,has_public_seizure_plan,support_staff_fte_nces2024,nurse_risk_tier,prob_no_lsn_based_on_mdh2022,dual_risk_no_plan_likely_no_nurse,county_uninsured_pct,county_disability_pct,combined_risk_score,nces_leaid,nces_state_leaid
514,Ellsworth Public School District,Nobles County,Rural,136,FOUND_MED_POLICY_ONLY,False,0.0,ZERO_SUPPORT_STAFF,95%,True,16.5,33.2,14,2711460,MN-010514
2907,Round Lake-Brewster Public Schools,Nobles County,Rural,495,NOT_FOUND,False,1.0,HIGH_RISK_SMALL,83%,True,16.5,33.2,13,2700388,MN-012907
511,Adrian Public School District,Nobles County,Rural,589,FOUND_MED_POLICY_ONLY,False,1.0,ELEVATED_RISK_MID,60%,True,16.5,33.2,12,2702730,MN-010511
836,Butterfield-Odin Public Schools,Watonwan County,Rural,213,FOUND_MED_POLICY_ONLY,False,4.0,HIGH_RISK_SMALL,83%,True,13.4,33.0,12,2707320,MN-010836
815,Prinsburg Public School District,Kandiyohi County,Rural,0,NOT_VERIFIABLE,False,0.0,ZERO_SUPPORT_STAFF,95%,True,10.0,30.0,12,2716830,MN-020815
435,Waubun-Ogema-White Earth Schools,Mahnomen County,Rural,727,FOUND_MED_POLICY_ONLY,False,6.0,ELEVATED_RISK_MID,60%,True,11.4,42.2,11,2742120,MN-010435
432,Mahnomen Public School District,Mahnomen County,Rural,674,FOUND_MED_POLICY_ONLY,False,6.0,ELEVATED_RISK_MID,60%,True,11.4,42.2,11,2718660,MN-010432
837,Madelia Public School District,Watonwan County,Rural,646,FOUND_MED_POLICY_ONLY,False,7.0,ELEVATED_RISK_MID,60%,True,13.4,33.0,11,2718570,MN-010837
173,Mountain Lake Public Schools,Cottonwood County,Rural,498,FOUND_MED_POLICY_ONLY,False,14.0,HIGH_RISK_SMALL,83%,True,10.2,32.9,11,2723010,MN-010173
818,Verndale Public School District,Wadena County,Rural,484,FOUND_MED_POLICY_ONLY,False,3.0,HIGH_RISK_SMALL,83%,True,8.8,34.4,11,2740920,MN-010818
2898,Westbrook-Walnut Grove Schools,Cottonwood County,Rural,497,FOUND_MED_POLICY_ONLY,False,18.0,HIGH_RISK_SMALL,83%,True,10.2,32.9,11,2700183,MN-012898
333,Ogilvie Public School District,Kanabec County,Rural,472,FOUND_MED_POLICY_ONLY,False,15.0,HIGH_RISK_SMALL,83%,True,8.5,33.8,11,2723970,MN-010333
441,Marshall County Central Schools,Marshall County,Rural,463,NOT_VERIFIABLE,False,3.0,HIGH_RISK_SMALL,83%,True,8.2,31.9,11,2723550,MN-010441
242,Alden-Conger Public School District,Freeborn County,Rural,444,FOUND_MED_POLICY_ONLY,False,5.0,HIGH_RISK_SMALL,83%,True,9.8,32.7,11,2703030,MN-010242
2159,Buffalo Lake-Hector-Stewart,Renville County,Rural,451,FOUND_MED_POLICY_ONLY,False,5.0,HIGH_RISK_SMALL,83%,True,9.8,33.2,11,2700023,MN-012159
581,Edgerton Public School District,Pipestone County,Rural,437,FOUND_MED_POLICY_ONLY,False,3.0,HIGH_RISK_SMALL,83%,True,9.1,32.6,11,2711220,MN-010581
495,Grand Meadow Public School District,Mower County,Rural,443,FOUND_MED_POLICY_ONLY,False,5.0,HIGH_RISK_SMALL,83%,True,10.6,30.9,11,2713140,MN-010495
473,Isle Public School District,Mille Lacs County,Rural,394,FOUND_MED_POLICY_ONLY,False,10.0,HIGH_RISK_SMALL,83%,True,8.3,32.7,11,2715510,MN-010473
577,Willow River Public School District,Pine County,Rural,436,FOUND_MED_POLICY_ONLY,False,5.0,HIGH_RISK_SMALL,83%,True,8.7,33.9,11,2742750,MN-010577
2884,Red Rock Central School District,Redwood County,Rural,404,FOUND_MED_POLICY_ONLY,False,5.0,HIGH_RISK_SMALL,83%,True,8.5,31.7,11,2700132,MN-012884
2754,Cedar Mountain School District,Redwood County,Rural,390,FOUND_MED_POLICY_ONLY,False,17.0,HIGH_RISK_SMALL,83%,True,8.5,31.7,11,2700110,MN-012754
803,Wheaton Area Public School District,Traverse County,Rural,352,FOUND_MED_POLICY_ONLY,False,-1.0,HIGH_RISK_SMALL,83%,True,8.5,33.8,11,2742330,MN-010803
505,Fulda Public School District,Murray County,Rural,336,FOUND_MED_POLICY_ONLY,False,4.0,HIGH_RISK_SMALL,83%,True,8.3,31.7,11,2712480,MN-010505
671,Hills-Beaver Creek School District,Rock County,Rural,343,FOUND_MED_POLICY_ONLY,False,4.0,HIGH_RISK_SMALL,83%,True,8.0,30.8,11,2714040,MN-010671
100,Wrenshall Public School District,Carlton County,Rural,347,FOUND_MED_POLICY_ONLY,False,5.0,HIGH_RISK_SMALL,83%,True,8.0,31.0,11,2744190,MN-010100
36,Kelliher Public School District,Beltrami County,Rural,311,FOUND_MED_POLICY_ONLY,False,3.0,HIGH_RISK_SMALL,83%,True,8.2,32.7,11,2717010,MN-010036
261,Ashby Public School District,Grant County,Rural,315,FOUND_MED_POLICY_ONLY,False,4.0,HIGH_RISK_SMALL,83%,True,8.0,32.3,11,2703300,MN-010261
850,Rothsay Public School District,Wilkin County,Rural,334,FOUND_MED_POLICY_ONLY,False,3.0,HIGH_RISK_SMALL,83%,True,8.0,31.3,11,2732460,MN-010850
497,Lyle Public School District,Mower County,Rural,306,FOUND_MED_POLICY_ONLY,False,4.0,HIGH_RISK_SMALL,83%,True,10.6,30.9,11,2718360,MN-010497
2536,Granada Huntley East Chain,Martin County,Rural,317,FOUND_MED_POLICY_ONLY,False,4.0,HIGH_RISK_SMALL,83%,True,8.4,31.8,11,2713040,MN-012536
95,Cromwell-Wright Public Schools,Carlton County,Rural,300,FOUND_MED_POLICY_ONLY,False,2.0,HIGH_RISK_SMALL,83%,True,8.0,31.0,11,2709690,MN-010095
93,Carlton Public School District,Carlton County,Town,308,FOUND_MED_POLICY_ONLY,False,6.0,HIGH_RISK_SMALL,83%,True,8.0,31.0,11,2707590,MN-010093
2856,Stephen-Argyle Central Schools,Marshall County,Rural,282,FOUND_MED_POLICY_ONLY,False,2.0,HIGH_RISK_SMALL,83%,True,8.2,31.9,11,2700127,MN-012856
458,Truman Public School District,Martin County,Rural,229,FOUND_MED_POLICY_ONLY,False,6.0,HIGH_RISK_SMALL,83%,True,8.4,31.8,11,2740680,MN-010458
2886,Glenville-Emmons School District,Freeborn County,Rural,236,FOUND_MED_POLICY_ONLY,False,3.0,HIGH_RISK_SMALL,83%,True,9.8,32.7,11,2700148,MN-012886
2215,Norman County East School District,Norman County,Rural,166,FOUND_MED_POLICY_ONLY,False,4.0,HIGH_RISK_SMALL,83%,True,8.3,31.7,11,2700101,MN-012215
801,Browns Valley Public School Dist,Traverse County,Rural,205,NOT_FOUND,False,1.0,HIGH_RISK_SMALL,83%,True,8.5,33.8,11,2707110,MN-010801
415,Lynd Public School District,Lyon County,Rural,175,FOUND_MED_POLICY_ONLY,False,0.0,ZERO_SUPPORT_STAFF,95%,True,8.5,29.1,11,2718390,MN-010415
852,Campbell-Tintah Public Schools,Wilkin County,Rural,115,FOUND_MED_POLICY_ONLY,False,1.0,HIGH_RISK_SMALL,83%,True,8.0,31.3,11,2707450,MN-010852
447,Grygla Public School District,Marshall County,Rural,135,NOT_FOUND,False,2.0,HIGH_RISK_SMALL,83%,True,8.2,31.9,11,2718920,MN-010447
81,Comfrey Public School District,Brown County,Rural,104,FOUND_MED_POLICY_ONLY,False,4.0,HIGH_RISK_SMALL,83%,True,8.1,30.2,11,2709540,MN-010081
264,Herman-Norcross Community School,Grant County,Rural,92,FOUND_MED_POLICY_ONLY,False,1.0,HIGH_RISK_SMALL,83%,True,8.0,32.3,11,2713890,MN-010264
25,Pine Point Public School District,Becker County,Rural,46,FOUND_MED_POLICY_ONLY,False,0.0,ZERO_SUPPORT_STAFF,95%,True,7.5,30.3,11,2728960,MN-010025
518,Worthington Public School District,Nobles County,Town,4064,NOT_VERIFIABLE,False,52.0,LOW_RISK_LARGE,7%,False,16.5,33.2,10,2744160,MN-010518
2753,Long Prairie-Grey Eagle School Dist,Todd County,Rural,984,FOUND_MED_POLICY_ONLY,False,12.0,ELEVATED_RISK_MID,60%,True,10.4,34.5,10,2700109,MN-012753
2165,Hinckley-Finlayson School District,Pine County,Rural,869,FOUND_MED_POLICY_ONLY,False,11.0,ELEVATED_RISK_MID,60%,True,8.7,33.9,10,2714070,MN-012165
821,Menahga Public School District,Wadena County,Rural,987,FOUND_MED_POLICY_ONLY,False,9.0,ELEVATED_RISK_MID,60%,True,8.8,34.4,10,2720580,MN-010821
162,Bagley Public School District,Clearwater County,Rural,870,FOUND_MED_POLICY_ONLY,False,7.0,ELEVATED_RISK_MID,60%,True,8.9,33.2,10,2703570,MN-010162
2397,Le Sueur-Henderson School District,Le Sueur County,Rural,908,FOUND_MED_POLICY_ONLY,False,0.0,ZERO_SUPPORT_STAFF,95%,True,7.7,27.0,10,2718070,MN-012397
2134,United South Central Schools,Faribault County,Rural,763,FOUND_MED_POLICY_ONLY,False,10.0,ELEVATED_RISK_MID,60%,True,9.3,34.3,10,2700005,MN-012134
2168,Nrheg School District,Waseca County,Rural,762,FOUND_MED_POLICY_ONLY,False,12.0,ELEVATED_RISK_MID,60%,True,8.9,30.7,10,2700089,MN-012168
777,Benson Public School District,Swift County,Rural,760,FOUND_MED_POLICY_ONLY,False,30.0,ELEVATED_RISK_MID,60%,True,9.1,33.9,10,2704470,MN-010777
2580,East Central School District,Pine County,Rural,732,FOUND_MED_POLICY_ONLY,False,7.0,ELEVATED_RISK_MID,60%,True,8.7,33.9,10,2711085,MN-012580
2180,Maccray School District,Chippewa County,Rural,722,FOUND_MED_POLICY_ONLY,False,6.0,ELEVATED_RISK_MID,60%,True,9.9,32.6,10,2700091,MN-012180
2342,West Central Area,Grant County,Rural,743,FOUND_MED_POLICY_ONLY,False,8.0,ELEVATED_RISK_MID,60%,True,8.0,32.3,10,2700104,MN-012342
32,Blackduck Public School,Beltrami County,Rural,696,FOUND_MED_POLICY_ONLY,False,8.0,ELEVATED_RISK_MID,60%,True,8.2,32.7,10,2705730,MN-010032
2169,Murray County Central Schools,Murray County,Rural,721,NOT_FOUND,False,7.0,ELEVATED_RISK_MID,60%,True,8.3,31.7,10,2700090,MN-012169
2910,Ada-Borup-West Public Schools,Norman County,Rural,705,NOT_VERIFIABLE,False,8.0,ELEVATED_RISK_MID,60%,True,8.3,31.7,10,2700480,MN-012910
91,Barnum Public School District,Carlton County,Rural,660,NOT_VERIFIABLE,False,11.0,ELEVATED_RISK_MID,60%,True,8.0,31.0,10,2703690,MN-010091
2448,Martin County West School District,Martin County,Rural,624,FOUND_MED_POLICY_ONLY,False,11.0,ELEVATED_RISK_MID,60%,True,8.4,31.8,10,2718960,MN-012448
2534,Bird Island-Olivia-Lake Lillian,Renville County,Rural,636,FOUND_MED_POLICY_ONLY,False,5.0,ELEVATED_RISK_MID,60%,True,9.8,33.2,10,2705660,MN-012534
2365,Gfw Public Schools,Sibley County,Rural,572,FOUND_MED_POLICY_ONLY,False,22.0,ELEVATED_RISK_MID,60%,True,9.0,30.4,10,2712580,MN-012365
84,Sleepy Eye Public School District,Brown County,Rural,562,FOUND_MED_POLICY_ONLY,False,5.0,ELEVATED_RISK_MID,60%,True,8.1,30.2,10,2733210,MN-010084
891,Canby Public School District,Yellow Medicine County,Rural,604,NOT_VERIFIABLE,False,4.0,ELEVATED_RISK_MID,60%,True,8.5,31.3,10,2707470,MN-010891
97,Moose Lake Public School District,Carlton County,Rural,561,FOUND_MED_POLICY_ONLY,False,13.0,ELEVATED_RISK_MID,60%,True,8.0,31.0,10,2721450,MN-010097
2176,Warren-Alvarado-Oslo School Dist.,Marshall County,Rural,589,FOUND_MED_POLICY_ONLY,False,5.0,ELEVATED_RISK_MID,60%,True,8.2,31.9,10,2700024,MN-012176
846,Breckenridge Public School District,Wilkin County,Town,576,FOUND_MED_POLICY_ONLY,False,7.0,ELEVATED_RISK_MID,60%,True,8.0,31.3,10,2706150,MN-010846
787,Browerville Public School District,Todd County,Rural,566,NOT_FOUND,False,3.0,ELEVATED_RISK_MID,60%,True,10.4,34.5,10,2706300,MN-010787
786,Bertha-Hewitt Public School District,Todd County,Rural,506,FOUND_MED_POLICY_ONLY,False,6.0,ELEVATED_RISK_MID,60%,True,10.4,34.5,10,2705430,MN-010786
500,Southland Public School District,Mower County,Rural,520,FOUND_MED_POLICY_ONLY,False,3.0,ELEVATED_RISK_MID,60%,True,10.6,30.9,10,2702720,MN-010500
599,Fertile-Beltrami School District,Polk County,Rural,495,FOUND_MED_POLICY_ONLY,False,2.0,HIGH_RISK_SMALL,83%,True,8.3,29.7,10,2711910,MN-010599
424,Lester Prairie Public Schools,McLeod County,Rural,435,FOUND_MED_POLICY_ONLY,False,5.0,HIGH_RISK_SMALL,83%,True,8.3,29.3,10,2702640,MN-010424
390,Lake Of The Woods School District,Lake of the Woods County,Rural,462,FOUND_MED_POLICY_ONLY,False,6.0,HIGH_RISK_SMALL,83%,True,7.0,31.0,10,2717570,MN-010390
229,Lanesboro Public School District,Fillmore County,Rural,442,NOT_FOUND,False,13.0,HIGH_RISK_SMALL,83%,True,7.6,31.6,10,2717910,MN-010229
4,Mcgregor Public School District,Aitkin County,Rural,414,FOUND_MED_POLICY_ONLY,False,9.0,HIGH_RISK_SMALL,83%,True,7.4,34.7,10,2719170,MN-010004
542,Battle Lake Public School District,Otter Tail County,Rural,414,FOUND_MED_POLICY_ONLY,False,6.0,HIGH_RISK_SMALL,83%,True,7.5,30.6,10,2703750,MN-010542
630,Red Lake Falls Public School Dist.,Red Lake County,Rural,421,NOT_FOUND,False,3.0,HIGH_RISK_SMALL,83%,True,7.6,30.9,10,2730450,MN-010630
362,Littlefork-Big Falls School Dist.,Koochiching County,Rural,402,NOT_VERIFIABLE,False,3.0,HIGH_RISK_SMALL,83%,True,7.3,32.7,10,2718270,MN-010362
306,Laporte Public School District,Hubbard County,Rural,332,FOUND_MED_POLICY_ONLY,False,4.0,HIGH_RISK_SMALL,83%,True,6.9,30.1,10,2717940,MN-010306
118,Northland Community Schools,Cass County,Rural,344,FOUND_MED_POLICY_ONLY,False,6.0,HIGH_RISK_SMALL,83%,True,7.4,34.1,10,2730870,MN-010118
2906,Red Lake County Central Public Sch,Red Lake County,Rural,343,FOUND_MED_POLICY_ONLY,False,3.0,HIGH_RISK_SMALL,83%,True,7.6,30.9,10,2700385,MN-012906
486,Swanville Public School District,Morrison County,Rural,367,NOT_FOUND,False,4.0,HIGH_RISK_SMALL,83%,True,7.7,30.1,10,2738280,MN-010486
2888,Clinton-Graceville-Beardsley,Big Stone County,Rural,333,FOUND_MED_POLICY_ONLY,False,3.0,HIGH_RISK_SMALL,83%,True,7.9,32.0,10,2700150,MN-012888
487,Upsala Public School District,Morrison County,Rural,327,NOT_VERIFIABLE,False,3.0,HIGH_RISK_SMALL,83%,True,7.7,30.1,10,2740860,MN-010487
330,Heron Lake-Okabena School District,Jackson County,Rural,260,FOUND_MED_POLICY_ONLY,False,3.0,HIGH_RISK_SMALL,83%,True,7.7,30.5,10,2713930,MN-010330
238,Mabel-Canton Public School District,Fillmore County,Rural,269,FOUND_MED_POLICY_ONLY,False,3.0,HIGH_RISK_SMALL,83%,True,7.6,31.6,10,2718540,MN-010238
561,Goodridge Public School District,Pennington County,Rural,275,FOUND_MED_POLICY_ONLY,False,2.0,HIGH_RISK_SMALL,83%,True,7.9,30.7,10,2713020,MN-010561
2,Hill City Public School District,Aitkin County,Rural,267,FOUND_MED_POLICY_ONLY,False,2.0,HIGH_RISK_SMALL,83%,True,7.4,34.7,10,2714010,MN-010002
2171,Kittson Central School District,Kittson County,Rural,247,FOUND_MED_POLICY_ONLY,False,2.0,HIGH_RISK_SMALL,83%,True,7.0,31.0,10,2791447,MN-012171
600,Fisher Public School District,Polk County,Rural,222,FOUND_MED_POLICY_ONLY,False,4.0,HIGH_RISK_SMALL,83%,True,8.3,29.7,10,2712180,MN-010600
402,Hendricks Public School District,Lincoln County,Rural,244,FOUND_MED_POLICY_ONLY,False,2.0,HIGH_RISK_SMALL,83%,True,7.7,32.0,10,2713680,MN-010402
2683,Greenbush Middle River Schools,Roseau County,Rural,222,FOUND_MED_POLICY_ONLY,False,2.0,HIGH_RISK_SMALL,83%,True,7.8,30.7,10,2700107,MN-012683
676,Badger Public School District,Roseau County,Rural,223,FOUND_MED_POLICY_ONLY,False,2.0,HIGH_RISK_SMALL,83%,True,7.8,30.7,10,2703540,MN-010676
356,Lancaster Public School District,Kittson County,Rural,208,NOT_VERIFIABLE,False,2.0,HIGH_RISK_SMALL,83%,True,7.0,31.0,10,2717880,MN-010356
592,Climax-Shelly Public Schools,Polk County,Rural,159,FOUND_MED_POLICY_ONLY,False,3.0,HIGH_RISK_SMALL,83%,True,8.3,29.7,10,2709360,MN-010592
363,South Koochiching School District,Koochiching County,Rural,203,NOT_VERIFIABLE,False,3.0,HIGH_RISK_SMALL,83%,True,7.3,32.7,10,2732700,MN-010363
2358,Tri-County School District,Kittson County,Rural,179,NOT_FOUND,False,3.0,HIGH_RISK_SMALL,83%,True,7.0,31.0,10,2791446,MN-012358
698,Floodwood Public School District,St. Louis County,Rural,168,FOUND_MED_POLICY_ONLY,False,2.0,HIGH_RISK_SMALL,83%,True,6.8,30.8,10,2712210,MN-010698
771,Chokio-Alberta Public Schools,Stevens County,Rural,142,FOUND_MED_POLICY_ONLY,False,1.0,HIGH_RISK_SMALL,83%,True,9.7,29.5,10,2708940,MN-010771
404,Lake Benton Public School District,Lincoln County,Rural,102,FOUND_MED_POLICY_ONLY,False,1.0,HIGH_RISK_SMALL,83%,True,7.7,32.0,10,2717460,MN-010404
403,Ivanhoe Public School District,Lincoln County,Rural,71,FOUND_MED_POLICY_ONLY,False,1.0,HIGH_RISK_SMALL,83%,True,7.7,32.0,10,2715540,MN-010403
707,Nett Lake Public School District,St. Louis County,Rural,48,FOUND_MED_POLICY_ONLY,False,2.0,HIGH_RISK_SMALL,83%,True,6.8,30.8,10,2733720,MN-010707
323,Franconia Public School District,Washington County,Rural,0,NOT_VERIFIABLE,False,0.0,ZERO_SUPPORT_STAFF,95%,True,5.8,23.5,10,2708880,MN-020323
2137,Kingsland,Fillmore County,Rural,524,FOUND_MED_POLICY_ONLY,False,9.0,ELEVATED_RISK_MID,60%,True,7.6,31.6,9,2700007,MN-012137
2711,Mesabi East,St. Louis County,Rural,862,FOUND_MED_POLICY_ONLY,False,7.0,ELEVATED_RISK_MID,60%,True,6.8,30.8,9,2791450,MN-012711
840,St. James Public School District,Watonwan County,Rural,1143,NOT_FOUND,False,12.0,LOW_RISK_LARGE,7%,False,13.4,33.0,9,2733600,MN-010840
316,Greenway Public School District,Itasca County,Rural,970,FOUND_MED_POLICY_ONLY,False,10.0,ELEVATED_RISK_MID,60%,True,7.1,32.7,9,2709480,MN-010316
182,Crosby-Ironton School District,Crow Wing County,Rural,988,FOUND_MED_POLICY_ONLY,False,9.0,ELEVATED_RISK_MID,60%,True,7.0,30.7,9,2709750,MN-010182
361,International Falls School District,Koochiching County,Town,914,FOUND_MED_POLICY_ONLY,False,10.0,ELEVATED_RISK_MID,60%,True,7.3,32.7,9,2715000,MN-010361
2174,Pine River-Backus School District,Cass County,Rural,906,FOUND_MED_POLICY_ONLY,False,8.0,ELEVATED_RISK_MID,60%,True,7.4,34.1,9,2728970,MN-012174
548,Pelican Rapids Public Schools,Otter Tail County,Rural,842,FOUND_MED_POLICY_ONLY,False,7.0,ELEVATED_RISK_MID,60%,True,7.5,30.6,9,2728170,MN-010548
317,Deer River Public School District,Itasca County,Rural,833,FOUND_MED_POLICY_ONLY,False,16.0,ELEVATED_RISK_MID,60%,True,7.1,32.7,9,2710140,MN-010317
2853,Lac Qui Parle Valley Schools,Lac qui Parle County,Rural,890,FOUND_MED_POLICY_ONLY,False,21.0,ELEVATED_RISK_MID,60%,True,7.3,31.4,9,2700125,MN-012853
23,Frazee-Vergas Public Schools,Becker County,Rural,834,FOUND_MED_POLICY_ONLY,False,12.0,ELEVATED_RISK_MID,60%,True,7.5,30.3,9,2712360,MN-010023
553,New York Mills Public School Dist.,Otter Tail County,Rural,822,FOUND_MED_POLICY_ONLY,False,4.0,ELEVATED_RISK_MID,60%,True,7.5,30.6,9,2723520,MN-010553
314,Braham Public School District,Isanti County,Rural,783,FOUND_MED_POLICY_ONLY,False,7.0,ELEVATED_RISK_MID,60%,True,8.0,29.0,9,2706060,MN-010314
2904,Tracy Area Public School District,Lyon County,Rural,670,FOUND_MED_POLICY_ONLY,False,4.0,ELEVATED_RISK_MID,60%,True,8.5,29.1,9,2700326,MN-012904
113,Walker-Hackensack-Akeley School District,Cass County,Rural,686,FOUND_MED_POLICY_ONLY,False,13.0,ELEVATED_RISK_MID,60%,True,7.4,34.1,9,2702910,MN-010113
2889,Lake Park Audubon School District,Becker County,Rural,663,FOUND_MED_POLICY_ONLY,False,10.0,ELEVATED_RISK_MID,60%,True,7.5,30.3,9,2700162,MN-012889
695,Chisholm Public School District,St. Louis County,Town,640,FOUND_MED_POLICY_ONLY,False,7.0,ELEVATED_RISK_MID,60%,True,6.8,30.8,9,2708910,MN-010695
2902,Rtr Public Schools,Lincoln County,Rural,646,FOUND_MED_POLICY_ONLY,False,5.0,ELEVATED_RISK_MID,60%,True,7.7,32.0,9,2700294,MN-012902
239,Rushford-Peterson Public Schools,Fillmore County,Rural,648,NOT_FOUND,False,5.0,ELEVATED_RISK_MID,60%,True,7.6,31.6,9,2728290,MN-010239
601,Fosston Public School District,Polk County,Rural,596,FOUND_MED_POLICY_ONLY,False,6.0,ELEVATED_RISK_MID,60%,True,8.3,29.7,9,2712300,MN-010601
308,Nevis Public School District,Hubbard County,Rural,621,FOUND_MED_POLICY_ONLY,False,6.0,ELEVATED_RISK_MID,60%,True,6.9,30.1,9,2723370,MN-010308
712,Mountain Iron-Buhl School District,St. Louis County,Town,637,FOUND_MED_POLICY_ONLY,False,4.0,ELEVATED_RISK_MID,60%,True,6.8,30.8,9,2700001,MN-010712
319,Nashwauk-Keewatin School District,Itasca County,Rural,541,NOT_VERIFIABLE,False,5.0,ELEVATED_RISK_MID,60%,True,7.1,32.7,9,2723310,MN-010319
2198,Fillmore Central,Fillmore County,Rural,575,NOT_FOUND,False,15.0,ELEVATED_RISK_MID,60%,True,7.6,31.6,9,2700100,MN-012198
550,Underwood Public School District,Otter Tail County,Rural,554,NOT_FOUND,False,4.0,ELEVATED_RISK_MID,60%,True,7.5,30.6,9,2740830,MN-010550
414,Minneota Public School District,Lyon County,Rural,554,FOUND_MED_POLICY_ONLY,False,6.0,ELEVATED_RISK_MID,60%,True,8.5,29.1,9,2721270,MN-010414
696,Ely Public School District,St. Louis County,Rural,528,FOUND_MED_POLICY_ONLY,False,4.0,ELEVATED_RISK_MID,60%,True,6.8,30.8,9,2711520,MN-010696
547,Parkers Prairie Public Schools,Otter Tail County,Rural,531,FOUND_MED_POLICY_ONLY,False,3.0,ELEVATED_RISK_MID,60%,True,7.5,30.6,9,2728110,MN-010547
166,Cook County Public Schools,Cook County,Rural,475,FOUND_MED_POLICY_ONLY,False,5.0,HIGH_RISK_SMALL,83%,True,6.3,28.9,9,2713110,MN-010166
297,Spring Grove School District,Houston County,Rural,349,FOUND_MED_POLICY_ONLY,False,4.0,HIGH_RISK_SMALL,83%,True,6.8,28.5,9,2733300,MN-010297
507,Nicollet Public School District,Nicollet County,Rural,314,FOUND_MED_POLICY_ONLY,False,3.0,HIGH_RISK_SMALL,83%,True,7.3,28.3,9,2723580,MN-010507
914,Ulen-Hitterdal Public School Dist,Clay County,Rural,302,FOUND_MED_POLICY_ONLY,False,5.0,HIGH_RISK_SMALL,83%,True,7.2,27.4,9,2740810,MN-010914
635,Milroy Public School District,Redwood County,Rural,29,FOUND_SEIZURE_SPECIFIC,True,0.0,ZERO_SUPPORT_STAFF,95%,False,8.5,31.7,9,2721210,MN-010635
347,Willmar,Kandiyohi County,Town,4218,FOUND_MED_POLICY_ONLY,False,84.0,LOW_RISK_LARGE,7%,False,10.0,30.0,8,2742720,MN-010347
857,Lewiston-Altura,Winona County,Rural,591,FOUND_MED_POLICY_ONLY,False,8.0,ELEVATED_RISK_MID,60%,True,7.3,29.1,8,2718090,MN-010857
31,Bemidji Area Schools,Beltrami County,Town,4722,NOT_VERIFIABLE,False,95.0,LOW_RISK_LARGE,7%,False,8.2,32.7,8,2704440,MN-010031
2752,Fairmont Area School District,Martin County,Town,1846,FOUND_MED_POLICY_ONLY,False,21.0,LOW_RISK_LARGE,7%,False,8.4,31.8,8,2700124,MN-012752
829,Waseca Public Schools,Waseca County,Town,1752,FOUND_MED_POLICY_ONLY,False,13.0,LOW_RISK_LARGE,7%,False,8.9,30.7,8,2741880,MN-010829
332,Mora Public School District,Kanabec County,Rural,1656,FOUND_MED_POLICY_ONLY,False,26.0,LOW_RISK_LARGE,7%,False,8.5,33.8,8,2721480,MN-010332
578,Pine City Public School District,Pine County,Rural,1582,FOUND_MED_POLICY_ONLY,False,10.0,LOW_RISK_LARGE,7%,False,8.7,33.9,8,2728380,MN-010578
345,New London-Spicer School District,Kandiyohi County,Town,1518,NOT_VERIFIABLE,False,22.0,LOW_RISK_LARGE,7%,False,10.0,30.0,8,2723400,MN-010345
38,Red Lake Public School District,Beltrami County,Rural,1519,NOT_VERIFIABLE,False,37.0,LOW_RISK_LARGE,7%,False,8.2,32.7,8,2730510,MN-010038
2184,Luverne Public School District,Rock County,Rural,1142,FOUND_MED_POLICY_ONLY,False,7.0,LOW_RISK_LARGE,7%,False,8.0,30.8,8,2718330,MN-012184
177,Windom Public School District,Cottonwood County,Rural,1187,NOT_FOUND,False,20.0,LOW_RISK_LARGE,7%,False,10.2,32.9,8,2742780,MN-010177
2897,Redwood Area School District,Redwood County,Town,1113,FOUND_MED_POLICY_ONLY,False,35.0,LOW_RISK_LARGE,7%,False,8.5,31.7,8,2700182,MN-012897
2155,Wadena-Deer Creek School District,Wadena County,Town,1079,FOUND_MED_POLICY_ONLY,False,15.0,LOW_RISK_LARGE,7%,False,8.8,34.4,8,2700022,MN-012155
2860,Blue Earth Area School District,Faribault County,Rural,1064,FOUND_MED_POLICY_ONLY,False,13.0,LOW_RISK_LARGE,7%,False,9.3,34.3,8,2700130,MN-012860
2310,Sibley East School District,Sibley County,Rural,1089,FOUND_MED_POLICY_ONLY,False,14.0,LOW_RISK_LARGE,7%,False,9.0,30.4,8,2700102,MN-012310
300,La Crescent-Hokah School District,Houston County,Suburb,998,FOUND_MED_POLICY_ONLY,False,10.0,ELEVATED_RISK_MID,60%,True,6.8,28.5,8,2717250,MN-010300
858,St. Charles Public School District,Winona County,Rural,936,FOUND_MED_POLICY_ONLY,False,10.0,ELEVATED_RISK_MID,60%,True,7.3,29.1,8,2733450,MN-010858
811,Wabasha-Kellogg School District,Wabasha County,Suburb,757,FOUND_MED_POLICY_ONLY,False,11.0,ELEVATED_RISK_MID,60%,True,7.0,28.5,8,2741060,MN-010811
2135,Maple River School District,Blue Earth County,Rural,946,FOUND_MED_POLICY_ONLY,False,23.0,ELEVATED_RISK_MID,60%,True,7.9,28.8,8,2700006,MN-012135
108,Central Public School District,Carver County,Rural,966,FOUND_MED_POLICY_ONLY,False,6.0,ELEVATED_RISK_MID,60%,True,5.8,23.3,8,2723910,MN-010108
741,Paynesville Area Schools,Stearns County,Rural,894,FOUND_MED_POLICY_ONLY,False,8.0,ELEVATED_RISK_MID,60%,True,7.9,27.6,8,2728140,MN-010741
2125,Triton School District,Dodge County,Rural,889,FOUND_MED_POLICY_ONLY,False,10.0,ELEVATED_RISK_MID,60%,True,7.1,26.1,8,2740665,MN-012125
463,Eden Valley-Watkins School District,Meeker County,Rural,868,FOUND_MED_POLICY_ONLY,False,6.0,ELEVATED_RISK_MID,60%,True,7.8,29.1,8,2711190,MN-010463
2396,A.C.G.C. Public School District,Meeker County,Rural,893,FOUND_MED_POLICY_ONLY,False,12.0,ELEVATED_RISK_MID,60%,True,7.8,29.1,8,2700106,MN-012396
146,Barnesville Public School Dist.,Clay County,Rural,870,FOUND_MED_POLICY_ONLY,False,5.0,ELEVATED_RISK_MID,60%,True,7.2,27.4,8,2703660,MN-010146
139,Rush City Public School District,Chisago County,Rural,805,FOUND_MED_POLICY_ONLY,False,9.0,ELEVATED_RISK_MID,60%,True,7.0,28.4,8,2732550,MN-010139
195,Randolph Public School District,Dakota County,Rural,875,FOUND_MED_POLICY_ONLY,False,9.0,ELEVATED_RISK_MID,60%,True,7.1,25.8,8,2730150,MN-010195
213,Osakis Public School District,Douglas County,Rural,887,NOT_VERIFIABLE,False,6.0,ELEVATED_RISK_MID,60%,True,6.9,29.6,8,2725140,MN-010213
75,St. Clair Public School District,Blue Earth County,Rural,820,FOUND_MED_POLICY_ONLY,False,9.0,ELEVATED_RISK_MID,60%,True,7.9,28.8,8,2733480,MN-010075
881,Maple Lake Public School District,Wright County,Rural,744,FOUND_MED_POLICY_ONLY,False,10.0,ELEVATED_RISK_MID,60%,True,6.8,26.0,8,2718810,MN-010881
739,Kimball Public School District,Stearns County,Rural,759,FOUND_MED_POLICY_ONLY,False,5.0,ELEVATED_RISK_MID,60%,True,7.9,27.6,8,2717220,MN-010739
299,Caledonia Public School District,Houston County,Rural,693,FOUND_MED_POLICY_ONLY,False,14.0,ELEVATED_RISK_MID,60%,True,6.8,28.5,8,2707380,MN-010299
2172,Kenyon-Wanamingo School District,Goodhue County,Rural,644,FOUND_MED_POLICY_ONLY,False,9.0,ELEVATED_RISK_MID,60%,True,7.7,28.6,8,2717100,MN-012172
391,Cleveland Public School District,Le Sueur County,Rural,650,FOUND_MED_POLICY_ONLY,False,8.0,ELEVATED_RISK_MID,60%,True,7.7,27.0,8,2709330,MN-010391
203,Hayfield Public School District,Dodge County,Rural,621,FOUND_MED_POLICY_ONLY,False,5.0,ELEVATED_RISK_MID,60%,True,7.1,26.1,8,2713590,MN-010203
2908,Brandon-Evansville Public Schools,Douglas County,Rural,552,FOUND_MED_POLICY_ONLY,False,5.0,ELEVATED_RISK_MID,60%,True,6.9,29.6,8,2700382,MN-012908
820,Sebeka Public School District,Wadena County,Rural,451,FOUND_SEIZURE_SPECIFIC,True,3.0,HIGH_RISK_SMALL,83%,False,8.8,34.4,8,2732970,MN-010820
2311,Clearbrook-Gonvick School District,Clearwater County,Rural,460,FOUND_SEIZURE_SPECIFIC,True,7.0,HIGH_RISK_SMALL,83%,False,8.9,33.2,8,2700103,MN-012311
640,Wabasso Public School District,Redwood County,Rural,404,FOUND_SEIZURE_SPECIFIC,True,3.0,HIGH_RISK_SMALL,83%,False,8.5,31.7,8,2741430,MN-010640
499,Leroy-Ostrander Public Schools,Mower County,Rural,258,FOUND_SEIZURE_SPECIFIC,True,6.0,HIGH_RISK_SMALL,83%,False,10.6,30.9,8,2718060,MN-010499
656,Faribault,Rice County,Town,3106,FOUND_MED_POLICY_ONLY,False,87.0,LOW_RISK_LARGE,7%,False,8.7,28.1,7,2711760,MN-010656
2609,Win-E-Mac,Polk County,Rural,458,FOUND_SEIZURE_SPECIFIC,True,1.0,HIGH_RISK_SMALL,83%,False,8.3,29.7,7,2791449,MN-012609
690,Warroad,Roseau County,Rural,1041,FOUND_MED_POLICY_ONLY,False,9.0,LOW_RISK_LARGE,7%,False,7.8,30.7,7,2741850,MN-010690
1,Aitkin Public School District,Aitkin County,Rural,989,FOUND_MED_POLICY_ONLY,False,13.0,ELEVATED_RISK_MID,60%,True,7.4,34.7,9,2702760,MN-010001
30001,Minneapolis Public School District,Hennepin County,City,29928,FOUND_MED_POLICY_ONLY,False,1055.0,LOW_RISK_LARGE,7%,False,7.5,25.0,6,2721240,MN-030001
761,Owatonna Public School District,Steele County,Town,4890,FOUND_MED_POLICY_ONLY,False,83.0,LOW_RISK_LARGE,7%,False,8.2,28.2,7,2728050,MN-010761
659,Northfield Public School District,Rice County,Town,3849,FOUND_MED_POLICY_ONLY,False,56.0,LOW_RISK_LARGE,7%,False,8.7,28.1,7,2723880,MN-010659
413,Marshall Public School District,Lyon County,Town,2664,FOUND_MED_POLICY_ONLY,False,25.0,LOW_RISK_LARGE,7%,False,8.5,29.1,7,2718940,MN-010413
482,Little Falls Community Schools,Morrison County,Town,2424,FOUND_MED_POLICY_ONLY,False,26.0,LOW_RISK_LARGE,7%,False,7.7,30.1,7,2718240,MN-010482
701,Hibbing Public School District,St. Louis County,Town,2232,NOT_FOUND,False,15.0,LOW_RISK_LARGE,7%,False,6.8,30.8,7,2713980,MN-010701
700,Hermantown Community Schools,St. Louis County,Rural,2118,FOUND_MED_POLICY_ONLY,False,41.0,LOW_RISK_LARGE,7%,False,6.8,30.8,7,2713920,MN-010700
2142,St. Louis County School District,St. Louis County,Rural,1914,FOUND_MED_POLICY_ONLY,False,47.0,LOW_RISK_LARGE,7%,False,6.8,30.8,7,2700008,MN-012142
51,Foley Public School District,Benton County,Rural,1921,FOUND_MED_POLICY_ONLY,False,15.0,LOW_RISK_LARGE,7%,False,8.0,28.4,7,2712240,MN-010051
704,Proctor Public School District,St. Louis County,Suburb,1848,FOUND_MED_POLICY_ONLY,False,31.0,LOW_RISK_LARGE,7%,False,6.8,30.8,7,2730090,MN-010704
549,Perham-Dent Public Schools,Otter Tail County,Rural,1671,FOUND_MED_POLICY_ONLY,False,12.0,LOW_RISK_LARGE,7%,False,7.5,30.6,7,2728230,MN-010549
2859,Glencoe-Silver Lake School District,McLeod County,Town,1390,FOUND_MED_POLICY_ONLY,False,19.0,LOW_RISK_LARGE,7%,False,8.3,29.3,7,2700128,MN-012859
381,Lake Superior Public School Dist.,Lake County,Rural,1286,FOUND_MED_POLICY_ONLY,False,20.0,LOW_RISK_LARGE,7%,False,7.2,32.4,7,2740740,MN-010381
484,Pierz Public School District,Morrison County,Rural,1214,NOT_VERIFIABLE,False,13.0,LOW_RISK_LARGE,7%,False,7.7,30.1,7,2728320,MN-010484
593,Crookston Public School District,Polk County,Town,1140,FOUND_MED_POLICY_ONLY,False,17.0,LOW_RISK_LARGE,7%,False,8.3,29.7,7,2709720,MN-010593
682,Roseau Public School District,Roseau County,Rural,1101,NOT_FOUND,False,10.0,LOW_RISK_LARGE,7%,False,7.8,30.7,7,2732250,MN-010682
115,Cass Lake-Bena Public Schools,Cass County,Rural,1119,FOUND_MED_POLICY_ONLY,False,24.0,LOW_RISK_LARGE,7%,False,7.4,34.1,7,2708070,MN-010115
2895,Jackson County Central School Dist.,Jackson County,Rural,1093,FOUND_MED_POLICY_ONLY,False,19.0,LOW_RISK_LARGE,7%,False,7.7,30.5,7,2700231,MN-012895
2170,Staples-Motley School District,Todd County,Rural,901,FOUND_SEIZURE_SPECIFIC,True,11.0,ELEVATED_RISK_MID,60%,False,10.4,34.5,7,2733900,MN-012170
775,Kerkhoven-Murdock-Sunburg,Swift County,Rural,777,FOUND_SEIZURE_SPECIFIC,True,12.0,ELEVATED_RISK_MID,60%,False,9.1,33.9,7,2717120,MN-010775
2835,Janesville-Waldorf-Pemberton,Waseca County,Rural,629,FOUND_SEIZURE_SPECIFIC,True,14.0,ELEVATED_RISK_MID,60%,False,8.9,30.7,7,2791451,MN-012835
2190,Yellow Medicine East,Yellow Medicine County,Rural,605,FOUND_SEIZURE_SPECIFIC,True,13.0,ELEVATED_RISK_MID,60%,False,8.5,31.3,7,2700099,MN-012190
85,Springfield Public School District,Brown County,Rural,653,FOUND_SEIZURE_SPECIFIC,True,6.0,ELEVATED_RISK_MID,60%,False,8.1,30.2,7,2733390,MN-010085
480,Onamia Public School District,Mille Lacs County,Rural,556,FOUND_SEIZURE_SPECIFIC,True,13.0,ELEVATED_RISK_MID,60%,False,8.3,32.7,7,2725050,MN-010480
2890,Renville County West Schools,Renville County,Rural,548,FOUND_SEIZURE_SPECIFIC,True,5.0,ELEVATED_RISK_MID,60%,False,9.8,33.2,7,2700163,MN-012890
768,Hancock Public School District,Stevens County,Rural,437,FOUND_SEIZURE_SPECIFIC,True,2.0,HIGH_RISK_SMALL,83%,False,9.7,29.5,7,2713380,MN-010768
545,Henning Public School District,Otter Tail County,Rural,381,FOUND_SEIZURE_SPECIFIC,True,3.0,HIGH_RISK_SMALL,83%,False,7.5,30.6,7,2713860,MN-010545
742,St. Cloud,Stearns County,City,9940,FOUND_MED_POLICY_ONLY,False,280.0,LOW_RISK_LARGE,7%,False,7.9,27.6,6,2733510,MN-010742
833,South Washington County,Washington County,Suburb,19578,FOUND_MED_POLICY_ONLY,False,386.0,LOW_RISK_LARGE,7%,False,5.8,23.5,6,2733810,MN-010833
286,Brooklyn Center,Hennepin County,Suburb,2174,FOUND_MED_POLICY_ONLY,False,87.0,LOW_RISK_LARGE,7%,False,7.5,25.0,6,2706240,MN-010286
861,Winona Area,Winona County,Town,2465,FOUND_MED_POLICY_ONLY,False,40.0,LOW_RISK_LARGE,7%,False,7.3,29.1,6,2744070,MN-010861
728,Elk River Public School District,Sherburne County,Suburb,14577,FOUND_MED_POLICY_ONLY,False,297.0,LOW_RISK_LARGE,7%,False,7.1,27.3,6,2711370,MN-010728
621,Mounds View Public School District,Ramsey County,Suburb,11934,NOT_FOUND,False,191.0,LOW_RISK_LARGE,7%,False,7.8,27.9,6,2722950,MN-010621
276,Minnetonka Public School District,Hennepin County,City,11323,FOUND_MED_POLICY_ONLY,False,139.0,LOW_RISK_LARGE,7%,False,7.5,25.0,6,2711670,MN-010276
152,Moorhead Area Public Schools,Clay County,Suburb,7571,FOUND_MED_POLICY_ONLY,False,100.0,LOW_RISK_LARGE,7%,False,7.2,27.4,6,2721420,MN-010152
192,Farmington Public School District,Dakota County,Suburb,6458,FOUND_MED_POLICY_ONLY,False,99.0,LOW_RISK_LARGE,7%,False,7.1,25.8,6,2711820,MN-010192
283,St. Louis Park Public School District,Hennepin County,City,4446,FOUND_MED_POLICY_ONLY,False,92.0,LOW_RISK_LARGE,7%,False,7.5,25.0,6,2733780,MN-010283
882,Monticello Public School District,Wright County,Town,4013,FOUND_MED_POLICY_ONLY,False,52.0,LOW_RISK_LARGE,7%,False,6.8,26.0,6,2721390,MN-010882
721,New Prague Area Schools,Scott County,Town,3980,FOUND_MED_POLICY_ONLY,False,43.0,LOW_RISK_LARGE,7%,False,6.6,23.7,6,2723430,MN-010721
748,Sartell-St. Stephen School District,Stearns County,Suburb,3943,FOUND_MED_POLICY_ONLY,False,39.0,LOW_RISK_LARGE,7%,False,7.9,27.6,6,2732820,MN-010748
199,Inver Grove Heights Schools,Dakota County,Suburb,3427,FOUND_MED_POLICY_ONLY,False,66.0,LOW_RISK_LARGE,7%,False,7.1,25.8,6,2715030,MN-010199
13,Columbia Heights Public School Dist,Anoka County,Suburb,3516,FOUND_MED_POLICY_ONLY,False,65.0,LOW_RISK_LARGE,7%,False,7.5,28.1,6,2709510,MN-010013
726,Becker Public School District,Sherburne County,Rural,2877,FOUND_MED_POLICY_ONLY,False,39.0,LOW_RISK_LARGE,7%,False,7.1,27.3,6,2703870,MN-010726
138,North Branch Area Public Schools,Chisago County,Rural,2704,FOUND_MED_POLICY_ONLY,False,26.0,LOW_RISK_LARGE,7%,False,7.0,28.4,6,2723820,MN-010138
14,Fridley Public School District,Anoka County,Suburb,2712,FOUND_MED_POLICY_ONLY,False,45.0,LOW_RISK_LARGE,7%,False,7.5,28.1,6,2712420,MN-010014
879,Delano Public School District,Wright County,Town,2457,FOUND_MED_POLICY_ONLY,False,23.0,LOW_RISK_LARGE,7%,False,6.8,26.0,6,2710170,MN-010879
750,Rocori Public School District,Stearns County,Rural,2406,FOUND_MED_POLICY_ONLY,False,18.0,LOW_RISK_LARGE,7%,False,7.9,27.6,6,2709440,MN-010750
531,Byron Public School District,Olmsted County,Town,2342,FOUND_MED_POLICY_ONLY,False,14.0,LOW_RISK_LARGE,7%,False,6.7,24.9,6,2707350,MN-010531
256,Red Wing Public School District,Goodhue County,Rural,2225,FOUND_MED_POLICY_ONLY,False,48.0,LOW_RISK_LARGE,7%,False,7.7,28.6,6,2730480,MN-010256
204,Kasson-Mantorville School District,Dodge County,Town,2152,FOUND_MED_POLICY_ONLY,False,10.0,LOW_RISK_LARGE,7%,False,7.1,26.1,6,2716980,MN-010204
508,St. Peter Public School District,Nicollet County,Town,2107,FOUND_MED_POLICY_ONLY,False,30.0,LOW_RISK_LARGE,7%,False,7.3,28.3,6,2733870,MN-010508
876,Annandale Public School District,Wright County,Rural,2006,FOUND_MED_POLICY_ONLY,False,17.0,LOW_RISK_LARGE,7%,False,6.8,26.0,6,2703150,MN-010876
534,Stewartville Public Schools,Olmsted County,Town,1976,FOUND_MED_POLICY_ONLY,False,29.0,LOW_RISK_LARGE,7%,False,6.7,24.9,6,2738160,MN-010534
294,Houston Public School District,Houston County,Rural,1934,FOUND_MED_POLICY_ONLY,False,13.0,LOW_RISK_LARGE,7%,False,6.8,28.5,6,2714280,MN-010294
2905,Tri-City United School District,Le Sueur County,Rural,1927,FOUND_MED_POLICY_ONLY,False,24.0,LOW_RISK_LARGE,7%,False,7.7,27.0,6,2700379,MN-012905
282,St. Anthony-New Brighton Schools,Hennepin County,Suburb,1891,FOUND_MED_POLICY_ONLY,False,28.0,LOW_RISK_LARGE,7%,False,7.5,25.0,6,2733420,MN-010282
745,Albany Public School District,Stearns County,Rural,1744,FOUND_MED_POLICY_ONLY,False,24.0,LOW_RISK_LARGE,7%,False,7.9,27.6,6,2702930,MN-010745
465,Litchfield Public School District,Meeker County,Town,1566,NOT_VERIFIABLE,False,23.0,LOW_RISK_LARGE,7%,False,7.8,29.1,6,2718210,MN-010465
716,Belle Plaine Public Schools,Scott County,Town,1522,FOUND_MED_POLICY_ONLY,False,16.0,LOW_RISK_LARGE,7%,False,6.6,23.7,6,2704050,MN-010716
740,Melrose Public School District,Stearns County,Rural,1313,FOUND_MED_POLICY_ONLY,False,29.0,LOW_RISK_LARGE,7%,False,7.9,27.6,6,2720550,MN-010740
2805,Zumbrota-Mazeppa School District,Goodhue County,Rural,1242,FOUND_MED_POLICY_ONLY,False,8.0,LOW_RISK_LARGE,7%,False,7.7,28.6,6,2745735,MN-012805
813,Lake City Public School District,Wabasha County,Town,1189,FOUND_MED_POLICY_ONLY,False,10.0,LOW_RISK_LARGE,7%,False,7.0,28.5,6,2717520,MN-010813
743,Sauk Centre Public School District,Stearns County,Town,1104,FOUND_MED_POLICY_ONLY,False,10.0,LOW_RISK_LARGE,7%,False,7.9,27.6,6,2732850,MN-010743
738,Holdingford Public School District,Stearns County,Rural,1098,FOUND_MED_POLICY_ONLY,False,17.0,LOW_RISK_LARGE,7%,False,7.9,27.6,6,2714190,MN-010738
533,Dover-Eyota Public School District,Olmsted County,Rural,1057,NOT_FOUND,False,14.0,LOW_RISK_LARGE,7%,False,6.7,24.9,6,2711010,MN-010533
150,Hawley Public School District,Clay County,Rural,1058,FOUND_MED_POLICY_ONLY,False,6.0,LOW_RISK_LARGE,7%,False,7.2,27.4,6,2713560,MN-010150
252,Cannon Falls Public School District,Goodhue County,Rural,1055,FOUND_MED_POLICY_ONLY,False,14.0,LOW_RISK_LARGE,7%,False,7.7,28.6,6,2707500,MN-010252
485,Royalton Public School District,Morrison County,Rural,938,FOUND_SEIZURE_SPECIFIC,True,9.0,ELEVATED_RISK_MID,60%,False,7.7,30.1,6,2732520,MN-010485
763,Medford Public School District,Steele County,Rural,845,FOUND_SEIZURE_SPECIFIC,True,6.0,ELEVATED_RISK_MID,60%,False,8.2,28.2,6,2719320,MN-010763
756,Blooming Prairie Public Schools,Steele County,Rural,864,FOUND_SEIZURE_SPECIFIC,True,6.0,ELEVATED_RISK_MID,60%,False,8.2,28.2,6,2705760,MN-010756
2167,Lakeview School District,Lyon County,Rural,720,FOUND_SEIZURE_SPECIFIC,True,12.0,ELEVATED_RISK_MID,60%,False,8.5,29.1,6,2700088,MN-012167
378,Dawson-Boyd Public School District,Lac qui Parle County,Rural,566,FOUND_SEIZURE_SPECIFIC,True,15.0,ELEVATED_RISK_MID,60%,False,7.3,31.4,6,2710090,MN-010378
2903,Ortonville Public Schools,Big Stone County,Rural,510,FOUND_SEIZURE_SPECIFIC,True,7.0,ELEVATED_RISK_MID,60%,False,7.9,32.0,6,2700328,MN-012903
88,New Ulm,Brown County,Town,2127,FOUND_SEIZURE_SPECIFIC,True,21.0,LOW_RISK_LARGE,7%,False,8.1,30.2,5,2723490,MN-010088
94,Cloquet,Carlton County,Town,2529,FOUND_SEIZURE_SPECIFIC,True,70.0,LOW_RISK_LARGE,7%,False,8.0,31.0,5,2709420,MN-010094
492,Austin Public School District,Mower County,Town,5385,FOUND_SEIZURE_SPECIFIC,True,106.0,LOW_RISK_LARGE,7%,False,10.6,30.9,5,2703450,MN-010492
241,Albert Lea Public School District,Freeborn County,Town,3335,FOUND_SEIZURE_SPECIFIC,True,53.0,LOW_RISK_LARGE,7%,False,9.8,32.7,5,2702970,MN-010241
477,Princeton Public School District,Mille Lacs County,Town,3291,FOUND_SEIZURE_SPECIFIC,True,74.0,LOW_RISK_LARGE,7%,False,8.3,32.7,5,2730030,MN-010477
912,Milaca Public School District,Mille Lacs County,Rural,1639,FOUND_SEIZURE_SPECIFIC,True,34.0,LOW_RISK_LARGE,7%,False,8.3,32.7,5,2720670,MN-010912
129,Montevideo Public Schools,Chippewa County,Town,1372,FOUND_SEIZURE_SPECIFIC,True,41.0,LOW_RISK_LARGE,7%,False,9.9,32.6,5,2721320,MN-010129
99,Esko Public School District,Carlton County,Town,1287,FOUND_SEIZURE_SPECIFIC,True,13.0,LOW_RISK_LARGE,7%,False,8.0,31.0,5,2738880,MN-010099
2689,Pipestone Area School District,Pipestone County,Rural,1138,FOUND_SEIZURE_SPECIFIC,True,9.0,LOW_RISK_LARGE,7%,False,9.1,32.6,5,2700108,MN-012689
2071,Lake Crystal-Wellcome Memorial,Blue Earth County,Rural,957,FOUND_SEIZURE_SPECIFIC,True,6.0,ELEVATED_RISK_MID,60%,False,7.9,28.8,5,2791445,MN-012071
227,Chatfield Public Schools,Olmsted County,Rural,898,FOUND_SEIZURE_SPECIFIC,True,17.0,ELEVATED_RISK_MID,60%,False,6.7,24.9,5,2708220,MN-010227
2143,Waterville-Elysian-Morristown,Le Sueur County,Rural,716,FOUND_SEIZURE_SPECIFIC,True,5.0,ELEVATED_RISK_MID,60%,False,7.7,27.0,5,2700013,MN-012143
253,Goodhue Public School District,Goodhue County,Rural,778,FOUND_SEIZURE_SPECIFIC,True,5.0,ELEVATED_RISK_MID,60%,False,7.7,28.6,5,2712900,MN-010253
2364,Belgrade-Brooten-Elrosa School Dist,Stearns County,Rural,610,FOUND_SEIZURE_SPECIFIC,True,16.0,ELEVATED_RISK_MID,60%,False,7.9,27.6,5,2700105,MN-012364
709,Duluth,St. Louis County,City,8723,FOUND_SEIZURE_SPECIFIC,True,155.0,LOW_RISK_LARGE,7%,False,6.8,30.8,4,2711040,MN-010709
181,Brainerd Public School District,Crow Wing County,Town,6079,FOUND_SEIZURE_SPECIFIC,True,99.0,LOW_RISK_LARGE,7%,False,7.0,30.7,4,2706090,MN-010181
911,Cambridge-Isanti Schools,Isanti County,Town,5007,FOUND_SEIZURE_SPECIFIC,True,75.0,LOW_RISK_LARGE,7%,False,8.0,29.0,4,2707410,MN-010911
47,Sauk Rapids-Rice Public Schools,Benton County,Suburb,4331,FOUND_SEIZURE_SPECIFIC,True,43.0,LOW_RISK_LARGE,7%,False,8.0,28.4,4,2732880,MN-010047
318,Grand Rapids Public School District,Itasca County,Rural,3972,FOUND_SEIZURE_SPECIFIC,True,44.0,LOW_RISK_LARGE,7%,False,7.1,32.7,4,2713170,MN-010318
544,Fergus Falls Public School District,Otter Tail County,Town,3235,FOUND_SEIZURE_SPECIFIC,True,36.0,LOW_RISK_LARGE,7%,False,7.5,30.6,4,2711880,MN-010544
22,Detroit Lakes Public School Dist.,Becker County,Town,2728,FOUND_SEIZURE_SPECIFIC,True,40.0,LOW_RISK_LARGE,7%,False,7.5,30.3,4,2710230,MN-010022
423,Hutchinson Public School District,McLeod County,Town,2722,FOUND_SEIZURE_SPECIFIC,True,35.0,LOW_RISK_LARGE,7%,False,8.3,29.3,4,2714970,MN-010423
2909,Rock Ridge Public Schools,St. Louis County,Rural,2288,FOUND_SEIZURE_SPECIFIC,True,31.0,LOW_RISK_LARGE,7%,False,6.8,30.8,4,2700466,MN-012909
595,East Grand Forks Public Schools,Polk County,Suburb,2005,FOUND_SEIZURE_SPECIFIC,True,31.0,LOW_RISK_LARGE,7%,False,8.3,29.7,4,2711130,MN-010595
564,Thief River Falls School District,Pennington County,Town,1725,FOUND_SEIZURE_SPECIFIC,True,17.0,LOW_RISK_LARGE,7%,False,7.9,30.7,4,2738850,MN-010564
186,Pequot Lakes Public Schools,Crow Wing County,Rural,1737,FOUND_SEIZURE_SPECIFIC,True,17.0,LOW_RISK_LARGE,7%,False,7.0,30.7,4,2728200,MN-010186
309,Park Rapids Public School District,Hubbard County,Rural,1589,FOUND_SEIZURE_SPECIFIC,True,18.0,LOW_RISK_LARGE,7%,False,6.9,30.1,4,2728080,MN-010309
2149,Minnewaska Area Schools,Pope County,Rural,1324,FOUND_SEIZURE_SPECIFIC,True,23.0,LOW_RISK_LARGE,7%,False,7.2,30.1,4,2700019,MN-012149
116,Pillager Public School District,Cass County,Rural,1324,FOUND_SEIZURE_SPECIFIC,True,6.0,LOW_RISK_LARGE,7%,False,7.4,34.1,4,2728350,MN-010116
2769,Morris Area Public Schools,Stevens County,Rural,1092,FOUND_SEIZURE_SPECIFIC,True,10.0,LOW_RISK_LARGE,7%,False,9.7,29.5,4,2700383,MN-012769
270,Hopkins,Hennepin County,City,7129,FOUND_SEIZURE_SPECIFIC,True,164.0,LOW_RISK_LARGE,7%,False,7.5,25.0,3,2714260,MN-010270
272,Eden Prairie,Hennepin County,City,9292,FOUND_SEIZURE_SPECIFIC,True,184.0,LOW_RISK_LARGE,7%,False,7.5,25.0,3,2714220,MN-010272
112,Eastern Carver County,Carver County,Suburb,9274,FOUND_SEIZURE_SPECIFIC,True,256.0,LOW_RISK_LARGE,7%,False,5.8,23.3,3,2708190,MN-010112
719,Prior Lake-Savage,Scott County,Suburb,8788,FOUND_SEIZURE_SPECIFIC,True,157.0,LOW_RISK_LARGE,7%,False,6.6,23.7,3,2730060,MN-010719
206,Alexandria,Douglas County,Town,4034,FOUND_SEIZURE_SPECIFIC,True,54.0,LOW_RISK_LARGE,7%,False,6.9,29.6,3,2703060,MN-010206
466,Dassel-Cokato,Wright County,Rural,2020,FOUND_SEIZURE_SPECIFIC,True,23.0,LOW_RISK_LARGE,7%,False,6.8,26.0,3,2710060,MN-010466
11,Anoka-Hennepin School District,Anoka County,Suburb,38354,FOUND_SEIZURE_SPECIFIC,True,741.0,LOW_RISK_LARGE,7%,False,7.5,28.1,3,2703180,MN-010011
625,Saint Paul Public Schools,Ramsey County,City,33041,FOUND_SEIZURE_SPECIFIC,True,1101.0,LOW_RISK_LARGE,7%,False,7.8,27.9,3,2733840,MN-010625
196,Rosemount-Apple Valley-Eagan,Dakota County,Suburb,29224,FOUND_SEIZURE_SPECIFIC,True,434.0,LOW_RISK_LARGE,7%,False,7.1,25.8,3,2732390,MN-010196
279,Osseo Public School District,Hennepin County,Suburb,21138,FOUND_SEIZURE_SPECIFIC,True,405.0,LOW_RISK_LARGE,7%,False,7.5,25.0,3,2725200,MN-010279
535,Rochester Public School District,Olmsted County,City,17171,FOUND_SEIZURE_SPECIFIC,True,214.0,LOW_RISK_LARGE,7%,False,6.7,24.9,3,2731800,MN-010535
284,Wayzata Public Schools,Hennepin County,City,12951,FOUND_SEIZURE_SPECIFIC,True,248.0,LOW_RISK_LARGE,7%,False,7.5,25.0,3,2742160,MN-010284
194,Lakeville Area Schools,Dakota County,Suburb,12025,FOUND_SEIZURE_SPECIFIC,True,213.0,LOW_RISK_LARGE,7%,False,7.1,25.8,3,2717780,MN-010194
281,Robbinsdale Public School District,Hennepin County,Suburb,10810,FOUND_SEIZURE_SPECIFIC,True,424.0,LOW_RISK_LARGE,7%,False,7.5,25.0,3,2731780,MN-010281
622,North St. Paul-Maplewood Oakdale,Ramsey County,Suburb,10754,FOUND_SEIZURE_SPECIFIC,True,362.0,LOW_RISK_LARGE,7%,False,7.8,27.9,3,2723850,MN-010622
271,Bloomington Public School District,Hennepin County,City,10442,FOUND_SEIZURE_SPECIFIC,True,236.0,LOW_RISK_LARGE,7%,False,7.5,25.0,3,2705790,MN-010271
273,Edina Public School District,Hennepin County,City,8794,FOUND_SEIZURE_SPECIFIC,True,202.0,LOW_RISK_LARGE,7%,False,7.5,25.0,3,2711250,MN-010273
624,White Bear Lake Area Schools,Ramsey County,Suburb,8571,FOUND_SEIZURE_SPECIFIC,True,189.0,LOW_RISK_LARGE,7%,False,7.8,27.9,3,2742360,MN-010624
834,Stillwater Area Public Schools,Washington County,Town,8455,FOUND_SEIZURE_SPECIFIC,True,194.0,LOW_RISK_LARGE,7%,False,5.8,23.5,3,2738190,MN-010834
77,Mankato Area Public Schools,Blue Earth County,City,8219,FOUND_SEIZURE_SPECIFIC,True,97.0,LOW_RISK_LARGE,7%,False,7.9,28.8,3,2718780,MN-010077
720,Shakopee Public Schools,Scott County,Suburb,7717,FOUND_SEIZURE_SPECIFIC,True,137.0,LOW_RISK_LARGE,7%,False,6.6,23.7,3,2733000,MN-010720
191,Burnsville-Eagan-Savage Schools,Dakota County,City,7663,FOUND_SEIZURE_SPECIFIC,True,181.0,LOW_RISK_LARGE,7%,False,7.1,25.8,3,2707290,MN-010191
623,Roseville Public School District,Ramsey County,Suburb,7256,FOUND_SEIZURE_SPECIFIC,True,151.0,LOW_RISK_LARGE,7%,False,7.8,27.9,3,2732430,MN-010623
12,Centennial Public School District,Anoka County,Suburb,6851,FOUND_SEIZURE_SPECIFIC,True,104.0,LOW_RISK_LARGE,7%,False,7.5,28.1,3,2708100,MN-010012
885,St. Michael-Albertville Schools,Wright County,Suburb,6795,FOUND_SEIZURE_SPECIFIC,True,106.0,LOW_RISK_LARGE,7%,False,6.8,26.0,3,2733790,MN-010885
16,Spring Lake Park Public Schools,Anoka County,Suburb,6113,FOUND_SEIZURE_SPECIFIC,True,130.0,LOW_RISK_LARGE,7%,False,7.5,28.1,3,2733330,MN-010016
831,Forest Lake Public School District,Washington County,Town,5776,FOUND_SEIZURE_SPECIFIC,True,90.0,LOW_RISK_LARGE,7%,False,5.8,23.5,3,2712270,MN-010831
197,West St. Paul-Mendota Heights-Eagan,Dakota County,Suburb,5452,FOUND_SEIZURE_SPECIFIC,True,41.0,LOW_RISK_LARGE,7%,False,7.1,25.8,3,2742270,MN-010197
877,Buffalo-Hanover-Montrose Schools,Wright County,Town,5175,FOUND_SEIZURE_SPECIFIC,True,68.0,LOW_RISK_LARGE,7%,False,6.8,26.0,3,2707200,MN-010877
15,St. Francis Area Schools,Anoka County,Town,4281,FOUND_SEIZURE_SPECIFIC,True,67.0,LOW_RISK_LARGE,7%,False,7.5,28.1,3,2733540,MN-010015
200,Hastings Public School District,Dakota County,Town,4041,FOUND_SEIZURE_SPECIFIC,True,54.0,LOW_RISK_LARGE,7%,False,7.1,25.8,3,2713530,MN-010200
280,Richfield Public School District,Hennepin County,Suburb,4094,FOUND_SEIZURE_SPECIFIC,True,132.0,LOW_RISK_LARGE,7%,False,7.5,25.0,3,2731750,MN-010280
110,Waconia Public Schools,Carver County,Town,3984,FOUND_SEIZURE_SPECIFIC,True,59.0,LOW_RISK_LARGE,7%,False,5.8,23.3,3,2741460,MN-010110
2144,Chisago Lakes School District,Chisago County,Town,3317,FOUND_SEIZURE_SPECIFIC,True,41.0,LOW_RISK_LARGE,7%,False,7.0,28.4,3,2700017,MN-012144
832,Mahtomedi Public Schools,Washington County,Rural,3285,FOUND_SEIZURE_SPECIFIC,True,34.0,LOW_RISK_LARGE,7%,False,5.8,23.5,3,2718750,MN-010832
727,Big Lake Public School District,Sherburne County,Town,3190,FOUND_SEIZURE_SPECIFIC,True,54.0,LOW_RISK_LARGE,7%,False,7.1,27.3,3,2705460,MN-010727
278,Orono Public School District,Hennepin County,Rural,2987,FOUND_SEIZURE_SPECIFIC,True,56.0,LOW_RISK_LARGE,7%,False,7.5,25.0,3,2725080,MN-010278
6,South St. Paul Public School District,Dakota County,Suburb,2861,FOUND_SEIZURE_SPECIFIC,True,80.0,LOW_RISK_LARGE,7%,False,7.1,25.8,3,2733270,MN-030006
277,Westonka Public School District,Hennepin County,Rural,2442,FOUND_SEIZURE_SPECIFIC,True,51.0,LOW_RISK_LARGE,7%,False,7.5,25.0,3,2722920,MN-010277
717,Jordan Public School District,Scott County,Town,1877,FOUND_SEIZURE_SPECIFIC,True,26.0,LOW_RISK_LARGE,7%,False,6.6,23.7,3,2715750,MN-010717
2164,Dilworth-Glyndon-Felton,Clay County,Rural,1535,FOUND_SEIZURE_SPECIFIC,True,12.0,LOW_RISK_LARGE,7%,False,7.2,27.4,3,2710260,MN-012164
883,Rockford Public School District,Wright County,Rural,1565,FOUND_SEIZURE_SPECIFIC,True,15.0,LOW_RISK_LARGE,7%,False,6.8,26.0,3,2732070,MN-010883
255,Pine Island Public School District,Goodhue County,Rural,1562,FOUND_SEIZURE_SPECIFIC,True,26.0,LOW_RISK_LARGE,7%,False,7.7,28.6,3,2728950,MN-010255
2899,Plainview-Elgin-Millville Community Schools,Wabasha County,Rural,1405,FOUND_SEIZURE_SPECIFIC,True,9.0,LOW_RISK_LARGE,7%,False,7.0,28.5,3,2700287,MN-012899
111,Watertown-Mayer Public School District,Carver County,Rural,1440,FOUND_SEIZURE_SPECIFIC,True,11.0,LOW_RISK_LARGE,7%,False,5.8,23.3,3,2741910,MN-010111
2687,Howard Lake-Waverly-Winsted,Wright County,Rural,1312,FOUND_SEIZURE_SPECIFIC,True,18.0,LOW_RISK_LARGE,7%,False,6.8,26.0,3,2700123,MN-012687
