report_type,molecule,ndc,drug_description,manufacturer,effective_date,wac_before_usd,wac_after_usd,dollar_change_usd,percent_change,wac_last_day_1yr_prior_usd,patent_expiration,reason_given,reason_withheld_as_trade_secret,source_file,source_url,date_accessed
new drug,ganaxolone,81583010005,ZTALMY(R) (ganaxolone) oral suspension (50 mg/mL). Cherry flavored white to off white suspension in a 4 fl. oz (135 mL) round natural high density polyethylene bottle with a propylene child resistant cap containing 110 mL of ZTALMY. Carton with five bottles,"Marinus Pharmaceuticals, Inc.",2022-08-22,,12125,,,,2037-08-10,,,newrxpricerptg.xlsx,https://www.health.state.mn.us/data/rxtransparency/docs/newrxpricerptg.xlsx,2026-09-19
new drug,ganaxolone,81583010001,ZTALMY(R) (ganaxolone) oral suspension (50 mg/mL). Cherry flavored white to off white suspension in a 4 fl. oz (135 mL) round natural high density polyethylene bottle with a propylene child resistant cap containing 110 mL of ZTALMY. Carton with one bottle.,"Marinus Pharmaceuticals, Inc.",2022-08-22,,2425,,,,2037-08-10,,,newrxpricerptg.xlsx,https://www.health.state.mn.us/data/rxtransparency/docs/newrxpricerptg.xlsx,2026-09-19
new drug,lacosamide,51991034906,Lacosamide 100 MG Tablet 60.000 EA,BRECKENRIDGE PHARMACEUTICAL INC,2022-03-29,,28,,,,,,,newrxpricerptg.xlsx,https://www.health.state.mn.us/data/rxtransparency/docs/newrxpricerptg.xlsx,2026-09-19
new drug,lacosamide,51991035006,Lacosamide 150 MG Tablet 60.000 EA,BRECKENRIDGE PHARMACEUTICAL INC,2022-03-29,,29.5,,,,,,,newrxpricerptg.xlsx,https://www.health.state.mn.us/data/rxtransparency/docs/newrxpricerptg.xlsx,2026-09-19
new drug,lacosamide,51991035106,Lacosamide 200 MG Tablet 60.000 EA,BRECKENRIDGE PHARMACEUTICAL INC,2022-03-29,,29.5,,,,,,,newrxpricerptg.xlsx,https://www.health.state.mn.us/data/rxtransparency/docs/newrxpricerptg.xlsx,2026-09-19
new drug,topiramate,00480235901,TOPIRAMATE ER CAPSULE 200MG 100,"Teva Pharmaceuticals, Inc.",2023-03-31,,3750.75,,,,,,,newrxpricerptg.xlsx,https://www.health.state.mn.us/data/rxtransparency/docs/newrxpricerptg.xlsx,2026-09-19
new drug,topiramate,00480235956,TOPIRAMATE ER CAPSULE 200MG 30,"Teva Pharmaceuticals, Inc.",2023-03-31,,1125.24,,,,,,,newrxpricerptg.xlsx,https://www.health.state.mn.us/data/rxtransparency/docs/newrxpricerptg.xlsx,2026-09-19
price increase,carbamazepine,00078050883,"TEGRETOL (SUSPENSION, ORAL (FINAL DOSE FORM), 100 mg/5 mL, 450)",Novartis Pharmaceuticals Corporation,2023-01-04,171.36,188.32,16.96,9.9%,171.36,1996-10-03,"Increases in rate of inflation, continued investment in innovation, post-marketing regulatory commitments, ongoing pharmacovigilance, market conditions and dynamics",no,rxpricegrowth.xlsx,https://www.health.state.mn.us/data/rxtransparency/docs/rxpricegrowth.xlsx,2026-09-19
price increase,carbamazepine,00078050905,"TEGRETOL (TABLET, 200 mg, 100)",Novartis Pharmaceuticals Corporation,2023-01-04,266.05,292.39,26.34,9.9%,266.05,1996-10-03,"Increases in rate of inflation, continued investment in innovation, post-marketing regulatory commitments, ongoing pharmacovigilance, market conditions and dynamics",no,rxpricegrowth.xlsx,https://www.health.state.mn.us/data/rxtransparency/docs/rxpricegrowth.xlsx,2026-09-19
price increase,carbamazepine,00078051005,"TEGRETOL XR (TABLET, EXTENDED RELEASE 12 HR, 100 mg, 100)",Novartis Pharmaceuticals Corporation,2023-01-04,142.41,156.51,14.1,9.9%,142.41,2011-02-08,"Increases in rate of inflation, continued investment in innovation, post-marketing regulatory commitments, ongoing pharmacovigilance, market conditions and dynamics",no,rxpricegrowth.xlsx,https://www.health.state.mn.us/data/rxtransparency/docs/rxpricegrowth.xlsx,2026-09-19
price increase,carbamazepine,00078051105,"TEGRETOL XR (TABLET, EXTENDED RELEASE 12 HR, 200 mg, 100)",Novartis Pharmaceuticals Corporation,2023-01-04,284.24,312.38,28.14,9.9%,284.24,2011-02-08,"Increases in rate of inflation, continued investment in innovation, post-marketing regulatory commitments, ongoing pharmacovigilance, market conditions and dynamics",no,rxpricegrowth.xlsx,https://www.health.state.mn.us/data/rxtransparency/docs/rxpricegrowth.xlsx,2026-09-19
price increase,carbamazepine,00078051205,"TEGRETOL XR (TABLET, EXTENDED RELEASE 12 HR, 400 mg, 100)",Novartis Pharmaceuticals Corporation,2023-01-04,568.03,624.26,56.23,9.9%,568.03,2011-02-08,"Increases in rate of inflation, continued investment in innovation, post-marketing regulatory commitments, ongoing pharmacovigilance, market conditions and dynamics",no,rxpricegrowth.xlsx,https://www.health.state.mn.us/data/rxtransparency/docs/rxpricegrowth.xlsx,2026-09-19
price increase,clobazam,67386031401,Onfi 10mg Tablet 100ct Bottle,Lundbeck,2022-01-03,2412.13,2532.74,120.61,5%,2412.1317,,"Brain health is Lundbeck’s sole focus and there is a high cost and high risk to developing and bringing therapies for brain diseases to market. As we price our therapies, we carefully balance the high-risk nature of this work with the needs of patients who depend on us to continue seeking new ways to improve their quality of life. Our pricing practices reflect these realities and focus on the value that our treatments bring to patients and society, the need to invest in continued innovation, and our commitment to affordability – offering patient assistance programs that can help ensure patients who rely on our medicines have access to our therapies.",no,rxpricegrowth.xlsx,https://www.health.state.mn.us/data/rxtransparency/docs/rxpricegrowth.xlsx,2026-09-19
price increase,clobazam,67386031401,Onfi 10mg Tablet 100ct Bottle,Lundbeck LLC,2023-01-02,2532.74,2748.0229,215.28,8.5%,2532.74,,"Brain health is Lundbeck’s sole focus and there is a high cost and high risk to developing and bringing therapies for brain diseases to market. As we price our therapies, we carefully balance the high-risk nature of this work with the needs of patients who depend on us to continue seeking new ways to improve their quality of life. Our pricing practices reflect these realities and focus on the value that our treatments bring to patients and society, the need to invest in continued innovation, and our commitment to affordability – offering patient assistance programs that can help ensure patients who rely on our medicines have access to our therapies.",no,rxpricegrowth.xlsx,https://www.health.state.mn.us/data/rxtransparency/docs/rxpricegrowth.xlsx,2026-09-19
price increase,clobazam,67386031401,Onfi 10mg Tablet 100ct Bottle,Lundbeck,2024-01-02,2748.02,2981.6048,233.58,8.5%,2748.0229,,"Brain health is Lundbeck’s sole focus and there is a high cost and high risk to developing and bringing therapies for brain diseases to market. As we price our therapies, we carefully balance the high-risk nature of this work with the needs of patients who depend on us to continue seeking new ways to improve their quality of life. Our pricing practices reflect these realities and focus on the value that our treatments bring to patients and society, the need to invest in continued innovation, and our commitment to affordability – offering patient assistance programs that can help ensure patients who rely on our medicines have access to our therapies.",no,rxpricegrowth.xlsx,https://www.health.state.mn.us/data/rxtransparency/docs/rxpricegrowth.xlsx,2026-09-19
price increase,clobazam,67386031501,Onfi 20mg Tablet 100ct Bottle,Lundbeck,2022-01-03,4824.21,5065.42,241.21,5%,4824.2087,,"Brain health is Lundbeck’s sole focus and there is a high cost and high risk to developing and bringing therapies for brain diseases to market. As we price our therapies, we carefully balance the high-risk nature of this work with the needs of patients who depend on us to continue seeking new ways to improve their quality of life. Our pricing practices reflect these realities and focus on the value that our treatments bring to patients and society, the need to invest in continued innovation, and our commitment to affordability – offering patient assistance programs that can help ensure patients who rely on our medicines have access to our therapies.",no,rxpricegrowth.xlsx,https://www.health.state.mn.us/data/rxtransparency/docs/rxpricegrowth.xlsx,2026-09-19
price increase,clobazam,67386031501,Onfi 20mg Tablet 100ct Bottle,Lundbeck LLC,2023-01-02,5065.42,5495.9807,430.56,8.5%,5065.42,,"Brain health is Lundbeck’s sole focus and there is a high cost and high risk to developing and bringing therapies for brain diseases to market. As we price our therapies, we carefully balance the high-risk nature of this work with the needs of patients who depend on us to continue seeking new ways to improve their quality of life. Our pricing practices reflect these realities and focus on the value that our treatments bring to patients and society, the need to invest in continued innovation, and our commitment to affordability – offering patient assistance programs that can help ensure patients who rely on our medicines have access to our therapies.",no,rxpricegrowth.xlsx,https://www.health.state.mn.us/data/rxtransparency/docs/rxpricegrowth.xlsx,2026-09-19
price increase,clobazam,67386031501,Onfi 20mg Tablet 100ct Bottle,Lundbeck,2024-01-02,5495.98,5963.1391,467.16,8.5%,5495.9807,,"Brain health is Lundbeck’s sole focus and there is a high cost and high risk to developing and bringing therapies for brain diseases to market. As we price our therapies, we carefully balance the high-risk nature of this work with the needs of patients who depend on us to continue seeking new ways to improve their quality of life. Our pricing practices reflect these realities and focus on the value that our treatments bring to patients and society, the need to invest in continued innovation, and our commitment to affordability – offering patient assistance programs that can help ensure patients who rely on our medicines have access to our therapies.",no,rxpricegrowth.xlsx,https://www.health.state.mn.us/data/rxtransparency/docs/rxpricegrowth.xlsx,2026-09-19
price increase,clobazam,67386031321,Onfi Suspension 2.5mg/mL 120mL Bottle,Lundbeck,2022-01-03,1267.35,1330.72,63.37,5%,1267.353,,"Brain health is Lundbeck’s sole focus and there is a high cost and high risk to developing and bringing therapies for brain diseases to market. As we price our therapies, we carefully balance the high-risk nature of this work with the needs of patients who depend on us to continue seeking new ways to improve their quality of life. Our pricing practices reflect these realities and focus on the value that our treatments bring to patients and society, the need to invest in continued innovation, and our commitment to affordability – offering patient assistance programs that can help ensure patients who rely on our medicines have access to our therapies.",no,rxpricegrowth.xlsx,https://www.health.state.mn.us/data/rxtransparency/docs/rxpricegrowth.xlsx,2026-09-19
price increase,clobazam,67386031321,Onfi Suspension 2.5mg/mL 120mL Bottle,Lundbeck LLC,2023-01-02,1330.72,1443.8312,113.11,8.5%,1330.72,,"Brain health is Lundbeck’s sole focus and there is a high cost and high risk to developing and bringing therapies for brain diseases to market. As we price our therapies, we carefully balance the high-risk nature of this work with the needs of patients who depend on us to continue seeking new ways to improve their quality of life. Our pricing practices reflect these realities and focus on the value that our treatments bring to patients and society, the need to invest in continued innovation, and our commitment to affordability – offering patient assistance programs that can help ensure patients who rely on our medicines have access to our therapies.",no,rxpricegrowth.xlsx,https://www.health.state.mn.us/data/rxtransparency/docs/rxpricegrowth.xlsx,2026-09-19
price increase,clobazam,67386031321,Onfi Suspension 2.5mg/mL 120mL Bottle,Lundbeck,2024-01-02,1443.83,1566.5569,122.73,8.5%,1443.8312,,"Brain health is Lundbeck’s sole focus and there is a high cost and high risk to developing and bringing therapies for brain diseases to market. As we price our therapies, we carefully balance the high-risk nature of this work with the needs of patients who depend on us to continue seeking new ways to improve their quality of life. Our pricing practices reflect these realities and focus on the value that our treatments bring to patients and society, the need to invest in continued innovation, and our commitment to affordability – offering patient assistance programs that can help ensure patients who rely on our medicines have access to our therapies.",no,rxpricegrowth.xlsx,https://www.health.state.mn.us/data/rxtransparency/docs/rxpricegrowth.xlsx,2026-09-19
price increase,clobazam,10094021060,Sympazan oral film 10mg (60ct),"Otter Pharmaceuticals, LLC",2023-01-01,1816.59,1905.6,89.01,4.9%,1816.8,2039-09-05,"Our pricing is guided by the value our products bring to patients and an understanding of the environment in which we operate. The following financial and nonfinancial factors, along with a narrative description and explanation of these factors, influenced our decisions to take a price action: (1) Covering Operating Expenses. In order to maintain a commercial enterprise, our revenue, at a minimum, must cover operating expenses. We consider covering operating expenses in our decision around the pricing of our products. (2) Recouping Development Costs. In order to maintain a commercial enterprise, our revenue, must, in addition to covering operating costs, recoup the costs expended to develop our products. We consider covering development costs and expenses in our decision around the pricing of our products. (3) Covering and Funding Acquisition Costs. In order to maintain a commercial enterprise, our revenue, must, in addition to covering operating costs and developmental costs, cover the costs expended to acquire drug products. We consider covering acquisition costs in our decision around the pricing of our products. (4) Supporting Investment in New Products. In order to maintain a commercial enterprise, we must invest money to develop and bring new products to market to help patients. We consider the costs to bring new products to market to meet unmet medical needs in our decisions around pricing our products. (5) Supporting Investment in Existing Products. In order to maintain a commercial enterprise, we must invest money to improve our existing products to bring improved products to market to help patients. We consider the costs to improve our existing products in our decisions around the pricing of our products. (6) Discounts and Rebates: We pay rebates and discounts to various stakeholders in the supply chain in connection with the sale of our products, including pharmacy benefits managers, health insurers and health plans, including government payors, as well as wholesalers and pharmacies. Collectively, these price concessions represent substantial dollars, and we consider them in our decisions around pricing our products. (7) Inflation: We consider the rate of annual inflation in our decisions around pricing our products.",no,rxpricegrowth.xlsx,https://www.health.state.mn.us/data/rxtransparency/docs/rxpricegrowth.xlsx,2026-09-19
price increase,clobazam,10094022060,Sympazan oral film 20mg (60ct),"Otter Pharmaceuticals, LLC",2023-01-01,3633.75,3811.8,178.05,4.9%,3633.6,2039-09-05,"Our pricing is guided by the value our products bring to patients and an understanding of the environment in which we operate. The following financial and nonfinancial factors, along with a narrative description and explanation of these factors, influenced our decisions to take a price action: (1) Covering Operating Expenses. In order to maintain a commercial enterprise, our revenue, at a minimum, must cover operating expenses. We consider covering operating expenses in our decision around the pricing of our products. (2) Recouping Development Costs. In order to maintain a commercial enterprise, our revenue, must, in addition to covering operating costs, recoup the costs expended to develop our products. We consider covering development costs and expenses in our decision around the pricing of our products. (3) Covering and Funding Acquisition Costs. In order to maintain a commercial enterprise, our revenue, must, in addition to covering operating costs and developmental costs, cover the costs expended to acquire drug products. We consider covering acquisition costs in our decision around the pricing of our products. (4) Supporting Investment in New Products. In order to maintain a commercial enterprise, we must invest money to develop and bring new products to market to help patients. We consider the costs to bring new products to market to meet unmet medical needs in our decisions around pricing our products. (5) Supporting Investment in Existing Products. In order to maintain a commercial enterprise, we must invest money to improve our existing products to bring improved products to market to help patients. We consider the costs to improve our existing products in our decisions around the pricing of our products. (6) Discounts and Rebates: We pay rebates and discounts to various stakeholders in the supply chain in connection with the sale of our products, including pharmacy benefits managers, health insurers and health plans, including government payors, as well as wholesalers and pharmacies. Collectively, these price concessions represent substantial dollars, and we consider them in our decisions around pricing our products. (7) Inflation: We consider the rate of annual inflation in our decisions around pricing our products.",no,rxpricegrowth.xlsx,https://www.health.state.mn.us/data/rxtransparency/docs/rxpricegrowth.xlsx,2026-09-19
price increase,clobazam,10094020560,Sympazan oral film 5mg (60ct),"Otter Pharmaceuticals, LLC",2023-01-01,908.29,952.8,44.51,4.9%,908.4,2039-09-05,"Our pricing is guided by the value our products bring to patients and an understanding of the environment in which we operate. The following financial and nonfinancial factors, along with a narrative description and explanation of these factors, influenced our decisions to take a price action: (1) Covering Operating Expenses. In order to maintain a commercial enterprise, our revenue, at a minimum, must cover operating expenses. We consider covering operating expenses in our decision around the pricing of our products. (2) Recouping Development Costs. In order to maintain a commercial enterprise, our revenue, must, in addition to covering operating costs, recoup the costs expended to develop our products. We consider covering development costs and expenses in our decision around the pricing of our products. (3) Covering and Funding Acquisition Costs. In order to maintain a commercial enterprise, our revenue, must, in addition to covering operating costs and developmental costs, cover the costs expended to acquire drug products. We consider covering acquisition costs in our decision around the pricing of our products. (4) Supporting Investment in New Products. In order to maintain a commercial enterprise, we must invest money to develop and bring new products to market to help patients. We consider the costs to bring new products to market to meet unmet medical needs in our decisions around pricing our products. (5) Supporting Investment in Existing Products. In order to maintain a commercial enterprise, we must invest money to improve our existing products to bring improved products to market to help patients. We consider the costs to improve our existing products in our decisions around the pricing of our products. (6) Discounts and Rebates: We pay rebates and discounts to various stakeholders in the supply chain in connection with the sale of our products, including pharmacy benefits managers, health insurers and health plans, including government payors, as well as wholesalers and pharmacies. Collectively, these price concessions represent substantial dollars, and we consider them in our decisions around pricing our products. (7) Inflation: We consider the rate of annual inflation in our decisions around pricing our products.",no,rxpricegrowth.xlsx,https://www.health.state.mn.us/data/rxtransparency/docs/rxpricegrowth.xlsx,2026-09-19
price increase,diazepam (rescue),72252051002,1 VALTOCO CARTON with 1 10 mg/.1mL VIAL,"Neurelis, Inc.",2022-02-03,588.0,623.28,35.28,6%,588,2029-03-27,"Price actions taken by Neurelis, Inc. reflect evolving market conditions and industry dynamics. A range of financial and nonfinancial factors are considered for price determinations, including but not limited to: research and development costs, manufactur",no,rxpricegrowth.xlsx,https://www.health.state.mn.us/data/rxtransparency/docs/rxpricegrowth.xlsx,2026-09-19
price increase,diazepam (rescue),72252051002,1 VALTOCO CARTON with 1 10 mg/.1mL VIAL,"Neurelis, Inc.",2023-01-01,623.28,660.68,37.4,6%,623.28,2029-03-27,"Price actions taken by Neurelis, Inc. reflect evolving market conditions and industry dynamics. A range of financial and nonfinancial factors are considered for price determinations, including but not limited to: research and development costs, manufacturing costs, regulatory costs, wholesaler distribution fees, payer/PBM rebates & fees, patient affordability programs and rising inflation costs. Wholesale Acquisition Cost (WAC) or “list prices are generally not reflective of the actual cost to patients, health plans, PBMs or government payers, nor are they reflective of the net price or profits realized by the drug manufacturer. Neurelis analyzes the increasing costs associated with providing our products to patients, including the impact of managed care rebate agreements, distribution costs, costs of our patient affordability and access programs, GMP manufacturing costs, costs associated with regulatory obligations and post-marketing commitments, and other costs associated with commercializing a pharmaceutical product in the U.S. For these reasons, the net price received by Neurelis may be quite variable in nature. New and/or increasing discounts, rebates, and service fees continue to be placed on drug manufacturers each year. Neurelis, Inc. does not disclose pricing strategy within the public domain and considers the information to be confidential.",no,rxpricegrowth.xlsx,https://www.health.state.mn.us/data/rxtransparency/docs/rxpricegrowth.xlsx,2026-09-19
price increase,diazepam (rescue),72252051002,1 VALTOCO CARTON with 1 10 mg/.1mL VIAL,"Neurelis, Inc.",2024-01-01,660.68,697.02,36.34,5.5%,660.68,2029-03-27,"Price actions taken by Neurelis, Inc. reflect evolving market conditions and industry dynamics. A range of financial and nonfinancial factors are considered for price determinations, including but not limited to: research and development costs, manufacturing costs, regulatory costs, wholesaler distribution fees, payer/PBM rebates & fees, patient affordability programs and rising inflation costs. Wholesale Acquisition Cost (WAC) or “list prices are generally not reflective of the actual cost to patients, health plans, PBMs or government payers, nor are they reflective of the net price or profits realized by the drug manufacturer. Neurelis analyzes the increasing costs associated with providing our products to patients, including the impact of managed care rebate agreements, distribution costs, costs of our patient affordability and access programs, GMP manufacturing costs, costs associated with regulatory obligations and post-marketing commitments, and other costs associated with commercializing a pharmaceutical product in the U.S. For these reasons, the net price received by Neurelis may be quite variable in nature. New and/or increasing discounts, rebates, and service fees continue to be placed on drug manufacturers each year. Neurelis, Inc. does not disclose pricing strategy within the public domain and considers the information to be confidential.",no,rxpricegrowth.xlsx,https://www.health.state.mn.us/data/rxtransparency/docs/rxpricegrowth.xlsx,2026-09-19
price increase,diazepam (rescue),72252050502,1 VALTOCO CARTON with 1 5 mg/.1mL VIAL,"Neurelis, Inc.",2022-02-03,588.0,623.28,35.28,6%,588,2029-03-27,"Price actions taken by Neurelis, Inc. reflect evolving market conditions and industry dynamics. A range of financial and nonfinancial factors are considered for price determinations, including but not limited to: research and development costs, manufactur",no,rxpricegrowth.xlsx,https://www.health.state.mn.us/data/rxtransparency/docs/rxpricegrowth.xlsx,2026-09-19
price increase,diazepam (rescue),72252050502,1 VALTOCO CARTON with 1 5 mg/.1mL VIAL,"Neurelis, Inc.",2023-01-01,623.28,660.68,37.4,6%,623.28,2029-03-27,"Price actions taken by Neurelis, Inc. reflect evolving market conditions and industry dynamics. A range of financial and nonfinancial factors are considered for price determinations, including but not limited to: research and development costs, manufacturing costs, regulatory costs, wholesaler distribution fees, payer/PBM rebates & fees, patient affordability programs and rising inflation costs. Wholesale Acquisition Cost (WAC) or “list prices are generally not reflective of the actual cost to patients, health plans, PBMs or government payers, nor are they reflective of the net price or profits realized by the drug manufacturer. Neurelis analyzes the increasing costs associated with providing our products to patients, including the impact of managed care rebate agreements, distribution costs, costs of our patient affordability and access programs, GMP manufacturing costs, costs associated with regulatory obligations and post-marketing commitments, and other costs associated with commercializing a pharmaceutical product in the U.S. For these reasons, the net price received by Neurelis may be quite variable in nature. New and/or increasing discounts, rebates, and service fees continue to be placed on drug manufacturers each year. Neurelis, Inc. does not disclose pricing strategy within the public domain and considers the information to be confidential.",no,rxpricegrowth.xlsx,https://www.health.state.mn.us/data/rxtransparency/docs/rxpricegrowth.xlsx,2026-09-19
price increase,diazepam (rescue),72252050502,1 VALTOCO CARTON with 1 5 mg/.1mL VIAL,"Neurelis, Inc.",2024-01-01,660.68,697.02,36.34,5.5%,660.68,2029-03-27,"Price actions taken by Neurelis, Inc. reflect evolving market conditions and industry dynamics. A range of financial and nonfinancial factors are considered for price determinations, including but not limited to: research and development costs, manufacturing costs, regulatory costs, wholesaler distribution fees, payer/PBM rebates & fees, patient affordability programs and rising inflation costs. Wholesale Acquisition Cost (WAC) or “list prices are generally not reflective of the actual cost to patients, health plans, PBMs or government payers, nor are they reflective of the net price or profits realized by the drug manufacturer. Neurelis analyzes the increasing costs associated with providing our products to patients, including the impact of managed care rebate agreements, distribution costs, costs of our patient affordability and access programs, GMP manufacturing costs, costs associated with regulatory obligations and post-marketing commitments, and other costs associated with commercializing a pharmaceutical product in the U.S. For these reasons, the net price received by Neurelis may be quite variable in nature. New and/or increasing discounts, rebates, and service fees continue to be placed on drug manufacturers each year. Neurelis, Inc. does not disclose pricing strategy within the public domain and considers the information to be confidential.",no,rxpricegrowth.xlsx,https://www.health.state.mn.us/data/rxtransparency/docs/rxpricegrowth.xlsx,2026-09-19
price increase,diazepam (rescue),72252052004,1 VALTOCO CARTON with 2 10 mg/.1mL VIALS,"Neurelis, Inc.",2022-02-03,588.0,623.28,35.28,6%,588,2029-03-27,"Price actions taken by Neurelis, Inc. reflect evolving market conditions and industry dynamics. A range of financial and nonfinancial factors are considered for price determinations, including but not limited to: research and development costs, manufactur",no,rxpricegrowth.xlsx,https://www.health.state.mn.us/data/rxtransparency/docs/rxpricegrowth.xlsx,2026-09-19
price increase,diazepam (rescue),72252052004,1 VALTOCO CARTON with 2 10 mg/.1mL VIALS,"Neurelis, Inc.",2023-01-01,623.28,660.68,37.4,6%,623.28,2029-03-27,"Price actions taken by Neurelis, Inc. reflect evolving market conditions and industry dynamics. A range of financial and nonfinancial factors are considered for price determinations, including but not limited to: research and development costs, manufacturing costs, regulatory costs, wholesaler distribution fees, payer/PBM rebates & fees, patient affordability programs and rising inflation costs. Wholesale Acquisition Cost (WAC) or “list prices are generally not reflective of the actual cost to patients, health plans, PBMs or government payers, nor are they reflective of the net price or profits realized by the drug manufacturer. Neurelis analyzes the increasing costs associated with providing our products to patients, including the impact of managed care rebate agreements, distribution costs, costs of our patient affordability and access programs, GMP manufacturing costs, costs associated with regulatory obligations and post-marketing commitments, and other costs associated with commercializing a pharmaceutical product in the U.S. For these reasons, the net price received by Neurelis may be quite variable in nature. New and/or increasing discounts, rebates, and service fees continue to be placed on drug manufacturers each year. Neurelis, Inc. does not disclose pricing strategy within the public domain and considers the information to be confidential.",no,rxpricegrowth.xlsx,https://www.health.state.mn.us/data/rxtransparency/docs/rxpricegrowth.xlsx,2026-09-19
price increase,diazepam (rescue),72252052004,1 VALTOCO CARTON with 2 10 mg/.1mL VIALS,"Neurelis, Inc.",2024-01-01,660.68,697.02,36.34,5.5%,660.68,2029-03-27,"Price actions taken by Neurelis, Inc. reflect evolving market conditions and industry dynamics. A range of financial and nonfinancial factors are considered for price determinations, including but not limited to: research and development costs, manufacturing costs, regulatory costs, wholesaler distribution fees, payer/PBM rebates & fees, patient affordability programs and rising inflation costs. Wholesale Acquisition Cost (WAC) or “list prices are generally not reflective of the actual cost to patients, health plans, PBMs or government payers, nor are they reflective of the net price or profits realized by the drug manufacturer. Neurelis analyzes the increasing costs associated with providing our products to patients, including the impact of managed care rebate agreements, distribution costs, costs of our patient affordability and access programs, GMP manufacturing costs, costs associated with regulatory obligations and post-marketing commitments, and other costs associated with commercializing a pharmaceutical product in the U.S. For these reasons, the net price received by Neurelis may be quite variable in nature. New and/or increasing discounts, rebates, and service fees continue to be placed on drug manufacturers each year. Neurelis, Inc. does not disclose pricing strategy within the public domain and considers the information to be confidential.",no,rxpricegrowth.xlsx,https://www.health.state.mn.us/data/rxtransparency/docs/rxpricegrowth.xlsx,2026-09-19
price increase,diazepam (rescue),72252051504,1 VALTOCO CARTON with 2 7.5 mg/.1mL VIALS,"Neurelis, Inc.",2022-02-03,588.0,623.28,35.28,6%,588,2029-03-27,"Price actions taken by Neurelis, Inc. reflect evolving market conditions and industry dynamics. A range of financial and nonfinancial factors are considered for price determinations, including but not limited to: research and development costs, manufactur",no,rxpricegrowth.xlsx,https://www.health.state.mn.us/data/rxtransparency/docs/rxpricegrowth.xlsx,2026-09-19
price increase,diazepam (rescue),72252051504,1 VALTOCO CARTON with 2 7.5 mg/.1mL VIALS,"Neurelis, Inc.",2023-01-01,623.28,660.68,37.4,6%,623.28,2029-03-27,"Price actions taken by Neurelis, Inc. reflect evolving market conditions and industry dynamics. A range of financial and nonfinancial factors are considered for price determinations, including but not limited to: research and development costs, manufacturing costs, regulatory costs, wholesaler distribution fees, payer/PBM rebates & fees, patient affordability programs and rising inflation costs. Wholesale Acquisition Cost (WAC) or “list prices are generally not reflective of the actual cost to patients, health plans, PBMs or government payers, nor are they reflective of the net price or profits realized by the drug manufacturer. Neurelis analyzes the increasing costs associated with providing our products to patients, including the impact of managed care rebate agreements, distribution costs, costs of our patient affordability and access programs, GMP manufacturing costs, costs associated with regulatory obligations and post-marketing commitments, and other costs associated with commercializing a pharmaceutical product in the U.S. For these reasons, the net price received by Neurelis may be quite variable in nature. New and/or increasing discounts, rebates, and service fees continue to be placed on drug manufacturers each year. Neurelis, Inc. does not disclose pricing strategy within the public domain and considers the information to be confidential.",no,rxpricegrowth.xlsx,https://www.health.state.mn.us/data/rxtransparency/docs/rxpricegrowth.xlsx,2026-09-19
price increase,diazepam (rescue),72252051504,1 VALTOCO CARTON with 2 7.5 mg/.1mL VIALS,"Neurelis, Inc.",2024-01-01,660.68,697.02,36.34,5.5%,660.68,2029-03-27,"Price actions taken by Neurelis, Inc. reflect evolving market conditions and industry dynamics. A range of financial and nonfinancial factors are considered for price determinations, including but not limited to: research and development costs, manufacturing costs, regulatory costs, wholesaler distribution fees, payer/PBM rebates & fees, patient affordability programs and rising inflation costs. Wholesale Acquisition Cost (WAC) or “list prices are generally not reflective of the actual cost to patients, health plans, PBMs or government payers, nor are they reflective of the net price or profits realized by the drug manufacturer. Neurelis analyzes the increasing costs associated with providing our products to patients, including the impact of managed care rebate agreements, distribution costs, costs of our patient affordability and access programs, GMP manufacturing costs, costs associated with regulatory obligations and post-marketing commitments, and other costs associated with commercializing a pharmaceutical product in the U.S. For these reasons, the net price received by Neurelis may be quite variable in nature. New and/or increasing discounts, rebates, and service fees continue to be placed on drug manufacturers each year. Neurelis, Inc. does not disclose pricing strategy within the public domain and considers the information to be confidential.",no,rxpricegrowth.xlsx,https://www.health.state.mn.us/data/rxtransparency/docs/rxpricegrowth.xlsx,2026-09-19
price increase,felbamate,00037044217,Felbatol 600mg/5mL OS 32oz,Mylan Specialty L.P.,2023-01-03,6510.28,6966,455.72,7%,6510.28,,"Mylan considers various factors when determining WAC pricing to include various considerations reflecting economic and market factors such as market dynamics, patient access, competition, manufacturing, supply, demand, distribution, research and development, and manufacturing and supply costs.",no,rxpricegrowth.xlsx,https://www.health.state.mn.us/data/rxtransparency/docs/rxpricegrowth.xlsx,2026-09-19
price increase,felbamate,00037044267,Felbatol 600mg/5mL OS 8oz,Mylan Specialty L.P.,2023-01-03,1688.4,1806.59,118.19,7%,1688.4,,"Mylan considers various factors when determining WAC pricing to include various considerations reflecting economic and market factors such as market dynamics, patient access, competition, manufacturing, supply, demand, distribution, research and development, and manufacturing and supply costs.",no,rxpricegrowth.xlsx,https://www.health.state.mn.us/data/rxtransparency/docs/rxpricegrowth.xlsx,2026-09-19
price increase,felbamate,00037043001,Felbatol Tabs 400mg 100s,Mylan Specialty L.P.,2023-01-03,1373.78,1469.94,96.16,7%,1373.78,,"Mylan considers various factors when determining WAC pricing to include various considerations reflecting economic and market factors such as market dynamics, patient access, competition, manufacturing, supply, demand, distribution, research and development, and manufacturing and supply costs.",no,rxpricegrowth.xlsx,https://www.health.state.mn.us/data/rxtransparency/docs/rxpricegrowth.xlsx,2026-09-19
price increase,felbamate,00037043101,Felbatol Tabs 600mg 100s,Mylan Specialty L.P.,2023-01-03,1574.43,1684.64,110.21,7%,1574.43,,"Mylan considers various factors when determining WAC pricing to include various considerations reflecting economic and market factors such as market dynamics, patient access, competition, manufacturing, supply, demand, distribution, research and development, and manufacturing and supply costs.",no,rxpricegrowth.xlsx,https://www.health.state.mn.us/data/rxtransparency/docs/rxpricegrowth.xlsx,2026-09-19
price increase,fenfluramine,43376032230,Fintepla 2.2mg/mL Oral Solution-30ML,"UCB, Inc",2023-04-03,1481.54,1540.8,59.26,4%,1481.4,,,yes,rxpricegrowth.xlsx,https://www.health.state.mn.us/data/rxtransparency/docs/rxpricegrowth.xlsx,2026-09-19
price increase,fenfluramine,43376032236,Fintepla 2.2mg/mL Oral Solution-360ML,"UCB, Inc",2023-04-03,17778.46,18489.6,711.14,4%,17776.8,,,yes,rxpricegrowth.xlsx,https://www.health.state.mn.us/data/rxtransparency/docs/rxpricegrowth.xlsx,2026-09-19
price increase,fosphenytoin,00069600125,Cerebyx (fosphenytoin sodium) 100 mg PE/2 mL Vial,Pfizer Inc.,2022-01-01,833.47,916.82,83.35,10%,833.47,,"After a medicine is approved for use by patients, our work doesn’t end. There are a number of reasons that the price of medicines can change over time. These may include, among others: discovery of new uses and new patient populations through both trial d",no,rxpricegrowth.xlsx,https://www.health.state.mn.us/data/rxtransparency/docs/rxpricegrowth.xlsx,2026-09-19
price increase,fosphenytoin,00069600121,Cerebyx (fosphenytoin sodium) 500 mg PE/10 mL Vial,Pfizer Inc.,2022-01-01,1000.16,1100.18,100.02,10%,1000.16,,"After a medicine is approved for use by patients, our work doesn’t end. There are a number of reasons that the price of medicines can change over time. These may include, among others: discovery of new uses and new patient populations through both trial d",no,rxpricegrowth.xlsx,https://www.health.state.mn.us/data/rxtransparency/docs/rxpricegrowth.xlsx,2026-09-19
price increase,oxcarbazepine,00078035752,"TRILEPTAL (SUSPENSION, ORAL (FINAL DOSE FORM), 300 mg/5 mL (60 mg/mL), 250)",Novartis Pharmaceuticals Corporation,2023-01-04,422.09,463.88,41.79,9.9%,422.09,2018-02-12,"Increases in rate of inflation, continued investment in innovation, post-marketing regulatory commitments, ongoing pharmacovigilance, market conditions and dynamics",no,rxpricegrowth.xlsx,https://www.health.state.mn.us/data/rxtransparency/docs/rxpricegrowth.xlsx,2026-09-19
price increase,oxcarbazepine,00078045605,"TRILEPTAL (TABLET, 150 mg, 100)",Novartis Pharmaceuticals Corporation,2023-01-04,501.73,551.4,49.67,9.9%,501.73,2018-02-12,"Increases in rate of inflation, continued investment in innovation, post-marketing regulatory commitments, ongoing pharmacovigilance, market conditions and dynamics",no,rxpricegrowth.xlsx,https://www.health.state.mn.us/data/rxtransparency/docs/rxpricegrowth.xlsx,2026-09-19
price increase,oxcarbazepine,00078033705,"TRILEPTAL (TABLET, 300 mg, 100)",Novartis Pharmaceuticals Corporation,2023-01-04,916.35,1007.07,90.72,9.9%,916.35,2018-02-12,"Increases in rate of inflation, continued investment in innovation, post-marketing regulatory commitments, ongoing pharmacovigilance, market conditions and dynamics",no,rxpricegrowth.xlsx,https://www.health.state.mn.us/data/rxtransparency/docs/rxpricegrowth.xlsx,2026-09-19
price increase,oxcarbazepine,00078045705,"TRILEPTAL (TABLET, 600 mg, 100)",Novartis Pharmaceuticals Corporation,2023-01-04,1684.17,1850.9,166.73,9.9%,1684.17,2018-02-12,"Increases in rate of inflation, continued investment in innovation, post-marketing regulatory commitments, ongoing pharmacovigilance, market conditions and dynamics",no,rxpricegrowth.xlsx,https://www.health.state.mn.us/data/rxtransparency/docs/rxpricegrowth.xlsx,2026-09-19
price increase,perampanel,62856027230,FYCOMPA 2mg x 30 Tablets,Eisai Inc.,2022-01-12,533.02,561,27.98,5.25%,533,2026-07-01,"Eisai Inc. (“Eisai) considered multiple factors when increasing the wholesale acquisition cost of Fycompa in January 2022: - Eisai’s hhc (human health care) corp. philosophy and mission drives our pursuit of treatments, preemption, prevention and cures for patients suffering with complex diseases, such as Alzheimer’s Disease, epilepsy and cancer, and where significant unmet needs remain; - Eisai is focusing research on two therapeutic areas: Neurology, in particular Alzheimer’s Disease and epilepsy, and Oncology. These medications have the potential to improve the lives of patients and their families. In order to fulfill significant unmet needs in the before-mentioned disease areas, the research and development (R&D) needed to bring sustainable and innovative therapies to patients and their families requires long-term commitment and investment; - Investments in studies to further understand the clinical value of our medications and patient outcomes; - Increasing costs to make our products available to patients, including the cost of distribution, administrative fees, discounts and rebates, and programs that support patient access; and - Investments in Eisai’s infrastructure for a sustainable future, including manufacturing capabilities, modernizing facilities, information technology, and personnel.",no,rxpricegrowth.xlsx,https://www.health.state.mn.us/data/rxtransparency/docs/rxpricegrowth.xlsx,2026-09-19
price increase,phenytoin,00071221435,Dilantin-125 Oral Suspension 125mg/5mL 237mL,Viatris Specialty LLC,2023-01-03,177.92,190.37,12.45,7%,177.92,,"Viatris considers various factors when determining WAC pricing to include various considerations reflecting economic and market factors such as market dynamics, patient access, competition, manufacturing, supply, demand, distribution, research and development, and manufacturing and supply costs.",no,rxpricegrowth.xlsx,https://www.health.state.mn.us/data/rxtransparency/docs/rxpricegrowth.xlsx,2026-09-19
price increase,topiramate,52652900102,Eprontia (Topiramate Solution 25 mg/mL (125 mg/5mL)) 240mL Bottle,Azurity Pharmaceuticals,2025-01-01,571.53,622.97,51.44,9%,571.53,2040-08-21,"Pricing decisions regarding the WAC of a medication are determined with careful consideration of a number of factors, including commercial and government rebates, inflation and costs of goods, cost of administrative and commercial activities, market dynamics, manufacturing and supply considerations, patient support, therapeutic class and patient population, as well as patient needs and access.",no,rxpricegrowth.xlsx,https://www.health.state.mn.us/data/rxtransparency/docs/rxpricegrowth.xlsx,2026-09-19
price increase,vigabatrin,67386021165,Sabril 500mg Sachets 50ct Box,Lundbeck LLC,2022-07-01,9285.52,9610.51,324.99,3.5%,8759.9234,2016-02-21,"Brain health is Lundbeck’s sole focus and there is a high cost and high risk to developing and bringing therapies for brain diseases to market. As we price our therapies, we carefully balance the high-risk nature of this work with the needs of patients who depend on us to continue seeking new ways to improve their quality of life. Our pricing practices reflect these realities and focus on the value that our treatments bring to patients and society, the need to invest in continued innovation, and our commitment to affordability – offering patient assistance programs that can help ensure patients who rely on our medicines have access to our therapies.",no,rxpricegrowth.xlsx,https://www.health.state.mn.us/data/rxtransparency/docs/rxpricegrowth.xlsx,2026-09-19
price increase,vigabatrin,67386011101,Sabril 500mg Tablet 100ct Bottle,Lundbeck LLC,2022-07-01,18571.01,19221,649.99,3.5%,17519.8248,2017-04-26,"Brain health is Lundbeck’s sole focus and there is a high cost and high risk to developing and bringing therapies for brain diseases to market. As we price our therapies, we carefully balance the high-risk nature of this work with the needs of patients who depend on us to continue seeking new ways to improve their quality of life. Our pricing practices reflect these realities and focus on the value that our treatments bring to patients and society, the need to invest in continued innovation, and our commitment to affordability – offering patient assistance programs that can help ensure patients who rely on our medicines have access to our therapies.",no,rxpricegrowth.xlsx,https://www.health.state.mn.us/data/rxtransparency/docs/rxpricegrowth.xlsx,2026-09-19
price increase,vigabatrin,67386021165,Sabril 500mg oral suspension 50ct packets,Lundbeck,2022-01-03,8759.92,9285.52,525.6,6%,8759.9234,,"Brain health is Lundbeck’s sole focus and there is a high cost and high risk to developing and bringing therapies for brain diseases to market. As we price our therapies, we carefully balance the high-risk nature of this work with the needs of patients w",no,rxpricegrowth.xlsx,https://www.health.state.mn.us/data/rxtransparency/docs/rxpricegrowth.xlsx,2026-09-19
price increase,vigabatrin,67386011101,Sabril 500mg tablet 100ct bottle,Lundbeck,2022-01-03,17519.82,18571.01,1051.19,6%,17519.8248,,"Brain health is Lundbeck’s sole focus and there is a high cost and high risk to developing and bringing therapies for brain diseases to market. As we price our therapies, we carefully balance the high-risk nature of this work with the needs of patients w",no,rxpricegrowth.xlsx,https://www.health.state.mn.us/data/rxtransparency/docs/rxpricegrowth.xlsx,2026-09-19
price increase,vigabatrin,67386021165,Sabril Sachet,Lundbeck LLC,2023-01-02,9610.51,10091.0355,480.53,5%,9610.51,,"Brain health is Lundbeck’s sole focus and there is a high cost and high risk to developing and bringing therapies for brain diseases to market. As we price our therapies, we carefully balance the high-risk nature of this work with the needs of patients who depend on us to continue seeking new ways to improve their quality of life. Our pricing practices reflect these realities and focus on the value that our treatments bring to patients and society, the need to invest in continued innovation, and our commitment to affordability – offering patient assistance programs that can help ensure patients who rely on our medicines have access to our therapies.",no,rxpricegrowth.xlsx,https://www.health.state.mn.us/data/rxtransparency/docs/rxpricegrowth.xlsx,2026-09-19
price increase,vigabatrin,67386011101,Sabril Tablet,Lundbeck LLC,2023-01-02,19221.0,20182.05,961.05,5%,19221,,"Brain health is Lundbeck’s sole focus and there is a high cost and high risk to developing and bringing therapies for brain diseases to market. As we price our therapies, we carefully balance the high-risk nature of this work with the needs of patients who depend on us to continue seeking new ways to improve their quality of life. Our pricing practices reflect these realities and focus on the value that our treatments bring to patients and society, the need to invest in continued innovation, and our commitment to affordability – offering patient assistance programs that can help ensure patients who rely on our medicines have access to our therapies.",no,rxpricegrowth.xlsx,https://www.health.state.mn.us/data/rxtransparency/docs/rxpricegrowth.xlsx,2026-09-19
