county,fips,rural_urban_category,population_2025,under18,age_5_17,adults_18plus,age_65plus,est_adults_active_epilepsy,est_adults_low,est_adults_high,est_children_under18_active_epilepsy,est_school_age_low_1in170,est_school_age_high_1in150,est_total_active_epilepsy,est_total_rounded,school_districts,school_districts_posting_plan,school_districts_confirmed_by_email,enrollment_nces_2023_24,pct_students_in_district_posting_plan,districts_likely_no_licensed_nurse,neurologists_in_county,child_neurologists_in_county,epilepsy_specialists_in_county,retail_pharmacies_in_county,median_miles_child_neurologist,max_miles_child_neurologist,median_miles_epilepsy_center,nearest_epilepsy_center,median_miles_pharmacy,ems_median_min_2023,ems_p90_min_2023,ems_responses_2023,deaths_any_seizure_mention_2018_2024,deaths_any_crude_rate_per_100k,deaths_epilepsy_mention_2018_2024,deaths_epilepsy_crude_rate_per_100k,uninsured_18_64_pct,adults_any_disability_pct,house_districts,senate_districts
Aitkin County,27001,Rural,16252,2415,1818,13837,5804,152,127,178,14,11,12,167,170,3,0,0,1665,0.0,2,0,0,0,10,68.8,70.5,113.0,"University of Minnesota Medical Center / MINCEP, Minneapolis",4.9,12,26,1501,17,15.2,Suppressed,Suppressed,7.4,34.7,07A Spencer Igo (R); 10A Ron Kresha (R),07 Robert D. Farnsworth (R); 10 Nathan Wesenberg (R)
Anoka County,27003,Metropolitan,381605,88655,67165,292950,64713,3222,2695,3779,532,395,448,3754,3750,6,4,0,61832,90.2,0,16,2,0,61,5.7,16.7,11.6,"University of Minnesota Medical Center / MINCEP, Minneapolis",1.4,8,15,28938,341,13.3,80,3.1,7.5,28.1,27B Bryan Lawrence (R); 30B Paul Novotny (R); 31A Harry Niska (R); 31B Peggy Scott (R); 32A Nolan West (R); 32B Matt Norris (DFL); 34B Xp Lee (DFL); 35A Zack Stephenson (DFL); 35B Kari Rehrauer (DFL); 36A Elliott Engen (R); 39A Erin Koegel (DFL); 39B Sandra Feist (DFL),27 Andrew Mathews (R); 30 Eric Lucero (R); 31 Calvin K. Bahr (R); 32 Michael E. Kreun (R); 34 John A. Hoffman (DFL); 35 Jim Abeler (R); 36 Heather Gustafson (DFL); 39 Mary K. Kunesh (DFL)
Becker County,27005,Nonmetro-Large Town,35497,7991,6193,27506,9025,303,253,355,48,36,41,351,350,4,1,0,4331,64.6,1,0,0,0,8,45.5,53.9,176.1,"Minnesota Epilepsy Group with Children's Minnesota, St. Paul and Minneapolis",7.7,7,20,3296,46,18.8,Suppressed,Suppressed,7.5,30.3,02B Matt Bliss (R); 04B Jim Joy (R); 05A Krista Knudsen (R),02 Steve Green (R); 04 Robert J. Kupec (DFL); 05 Paul J. Utke (R)
Beltrami County,27007,Nonmetro-Large Town,47055,10943,8316,36112,9200,397,332,466,66,49,55,463,460,4,0,0,7320,0.0,1,1,1,0,19,23.6,35.3,207.1,"University of Minnesota Medical Center / MINCEP, Minneapolis",8.1,7,16,5587,34,10.4,12,3.7,8.2,32.7,02A Bidal Duran (R); 02B Matt Bliss (R),02 Steve Green (R)
Benton County,27009,Metropolitan,41744,9746,7477,31998,7066,352,294,413,58,44,50,410,410,2,1,0,6277,69.3,0,0,0,0,6,10.4,16.0,60.1,"Minnesota Epilepsy Group with Children's Minnesota, St. Paul and Minneapolis",2.8,9,20,2060,44,15.2,Suppressed,Suppressed,8.0,28.4,10B Isaac Schultz (R); 13B Tim O'Driscoll (R); 14B Dan Wolgamott (DFL),10 Nathan Wesenberg (R); 13 Jeff R. Howe (R); 14 Aric Putnam (DFL)
Big Stone County,27011,Rural,5054,1128,818,3926,1443,43,36,51,7,5,5,50,50,2,1,1,825,60.2,1,0,0,0,4,103.2,108.5,157.8,"Minnesota Epilepsy Group with Children's Minnesota, St. Paul and Minneapolis",5.7,11,22,356,Suppressed,Suppressed,Suppressed,Suppressed,7.9,32.0,12A Paul Anderson (R),12 Torrey N. Westrom (R)
Blue Earth County,27013,Metropolitan,70634,13594,10261,57040,11917,627,525,736,82,60,68,709,710,4,2,0,11001,84.0,0,4,0,0,16,61.2,68.2,70.7,"Minnesota Epilepsy Group with Children's Minnesota, St. Paul and Minneapolis",4.8,7,15,5970,83,17.2,19,3.9,7.9,28.8,15B Paul Torkelson (R); 18A Erica Schwartz (R); 18B Luke Frederick (DFL); 22A Bjorn Olson (R); 22B Terry Stier (R),15 Gary H. Dahms (R); 18 Nick A. Frentz (DFL); 22 Rich Draheim (R)
Brown County,27015,Nonmetro-Large Town,25517,5382,4068,20135,6475,221,185,260,32,24,27,254,250,4,2,0,3435,79.6,1,0,0,0,9,85.5,92.8,91.6,"Minnesota Epilepsy Group with Children's Minnesota, St. Paul and Minneapolis",0.4,6,16,1442,34,19.1,Suppressed,Suppressed,8.1,30.2,15B Paul Torkelson (R),15 Gary H. Dahms (R)
Carlton County,27017,Metropolitan,36711,7642,5868,29069,7630,320,267,375,46,35,39,366,370,7,2,0,6089,64.0,3,0,0,0,8,18.6,40.6,120.8,"University of Minnesota Medical Center / MINCEP, Minneapolis",5.6,8,18,1934,51,20.1,Suppressed,Suppressed,8.0,31.0,11A Jeff Dotseth (R),11 Jason Rarick (R)
Carver County,27019,Metropolitan,114379,27657,21021,86722,19051,954,798,1119,166,124,140,1120,1120,4,3,0,15662,94.0,0,2,0,0,20,24.0,29.6,28.1,"Minnesota Epilepsy Group with Children's Minnesota, St. Paul and Minneapolis",2.0,8,14,6682,75,9.9,19,2.5,5.8,23.3,17B Bobbie Harder (R); 48A Jim Nash (R); 48B Lucy Rehm (DFL),17 Glenn H. Gruenhagen (R); 48 Julia E. Coleman (R)
Cass County,27021,Rural,31430,5964,4595,25466,9364,280,234,329,36,27,31,316,320,5,1,0,4317,29.9,1,0,0,0,8,53.5,58.3,147.8,"University of Minnesota Medical Center / MINCEP, Minneapolis",5.3,12,24,4208,35,16.4,Suppressed,Suppressed,7.4,34.1,02B Matt Bliss (R); 05A Krista Knudsen (R); 05B Mike Wiener (R); 06A Ben Davis (R),02 Steve Green (R); 05 Paul J. Utke (R); 06 Keri Heintzeman (R)
Chippewa County,27023,Nonmetro-Large Town,12406,3078,2159,9328,2885,103,86,120,18,13,14,121,120,2,1,0,2154,64.8,0,0,0,0,4,77.8,84.8,111.2,"Minnesota Epilepsy Group with Children's Minnesota, St. Paul and Minneapolis",3.3,8,17,1110,13,15.4,Suppressed,Suppressed,9.9,32.6,15A Chris Swedzinski (R); 16A Scott Van Binsbergen (R),15 Gary H. Dahms (R); 16 Andrew R. Lang (R)
Chisago County,27025,Metropolitan,59142,12879,9773,46263,11509,509,426,597,77,57,65,586,590,3,1,0,6946,48.0,0,0,0,0,8,29.3,40.1,39.3,"University of Minnesota Medical Center / MINCEP, Minneapolis",1.6,10,19,4660,55,13.7,16,4.0,7.0,28.4,11B Nathan Nelson (R); 28A Jimmy Gordon (R); 28B Max Rymer (R),11 Jason Rarick (R); 28 Mark W. Koran (R)
Clay County,27027,Metropolitan,67734,16421,12535,51313,10339,564,472,662,99,74,84,663,660,5,1,0,11268,14.1,1,0,0,0,16,23.8,30.6,205.6,"Minnesota Epilepsy Group with Children's Minnesota, St. Paul and Minneapolis",1.1,7,15,5371,59,12.9,19,4.2,7.2,27.4,01B Steve Gander (R); 04A Heather Keeler (DFL); 04B Jim Joy (R),01 Mark T. Johnson (R); 04 Robert J. Kupec (DFL)
Clearwater County,27029,Rural,8647,2104,1588,6543,2057,72,60,84,13,9,11,85,85,2,1,0,1401,34.3,1,0,0,0,1,27.7,30.0,210.3,"University of Minnesota Medical Center / MINCEP, Minneapolis",12.2,9,23,737,Suppressed,Suppressed,Suppressed,Suppressed,8.9,33.2,02A Bidal Duran (R); 02B Matt Bliss (R),02 Steve Green (R)
Cook County,27031,Rural,5522,774,609,4748,1952,52,44,61,5,4,4,57,55,1,0,0,457,0.0,1,0,0,0,3,105.7,105.7,236.9,"University of Minnesota Medical Center / MINCEP, Minneapolis",17.6,15,32,332,Suppressed,Suppressed,0,,6.3,28.9,03A Roger Skraba (R),03 Grant Hauschild (DFL)
Cottonwood County,27033,Rural,11405,2841,2061,8564,2751,94,79,110,17,12,14,111,110,3,0,0,2158,0.0,2,0,0,0,6,83.8,94.8,118.4,"Minnesota Epilepsy Group with Children's Minnesota, St. Paul and Minneapolis",0.6,8,14,1032,24,30.3,Suppressed,Suppressed,10.2,32.9,21A Joe Schomacker (R); 21B Marj Fogelman (R),21 Bill Weber (R)
Crow Wing County,27035,Nonmetro-Urban,69132,13506,10302,55626,18539,612,512,718,81,61,69,693,690,3,2,0,8932,88.9,0,4,0,0,27,63.6,68.0,109.9,"University of Minnesota Medical Center / MINCEP, Minneapolis",4.1,9,19,6724,72,15.4,11,2.4,7.0,30.7,06A Ben Davis (R); 06B Josh Heintzeman (R); 10A Ron Kresha (R),06 Keri Heintzeman (R); 10 Nathan Wesenberg (R)
Dakota County,27037,Metropolitan,457710,105455,80095,352255,81252,3875,3241,4544,633,471,534,4508,4510,9,6,0,72045,84.7,0,8,1,0,88,7.6,21.3,16.8,"Minnesota Epilepsy Group with Children's Minnesota, St. Paul and Minneapolis",1.6,7,12,38364,399,13.0,107,3.5,7.1,25.8,20A Pam Altendorf (R); 41B Tom Dippel (R); 52A Liz Reyer (DFL); 52B Bianca Virnig (DFL); 53A Mary Frances Clardy (DFL); 53B Rick Hansen (DFL); 55A Jessica Hanson (DFL); 55B Kaela Berg (DFL); 56A Robert Bierman (DFL); 56B John Huot (DFL); 57A Jon Koznick (R); 57B Jeff Witte (R); 58A Kristi Pursell (DFL); 58B Drew Roach (R); 65B María Isa Pérez-Vega (DFL),20 Steve Drazkowski (R); 41 Judy Seeberger (DFL); 52 Jim Carlson (DFL); 53 Matt D. Klein (DFL); 55 Lindsey Port (DFL); 56 Erin K. Maye Quade (DFL); 57 Zach Duckworth (R); 58 Bill Lieske (R); 65 Sandra L. Pappas (DFL)
Dodge County,27039,Metropolitan,21376,5261,3924,16115,3804,177,148,208,32,23,26,209,210,3,0,2,3697,0.0,0,0,0,0,3,17.0,19.3,19.8,"Mayo Clinic, Rochester (adult and pediatric)",7.1,11,18,1506,21,14.3,10,6.8,7.1,26.1,24A Duane Quam (R),24 Carla J. Nelson (R)
Douglas County,27041,Nonmetro-Large Town,40120,8263,6254,31857,10643,350,293,411,50,37,42,400,400,3,1,1,5446,73.8,0,0,0,0,10,59.0,72.2,119.9,"Minnesota Epilepsy Group with Children's Minnesota, St. Paul and Minneapolis",11.4,7,18,2928,38,13.9,Suppressed,Suppressed,6.9,29.6,09B Tom Murphy (R); 12B Mary Franson (R),09 Jordan Rasmusson (R); 12 Torrey N. Westrom (R)
Faribault County,27043,Rural,13888,2954,2262,10934,3533,120,101,141,18,13,15,138,140,2,0,0,1872,0.0,0,0,0,0,4,73.8,83.5,75.9,"Mayo Clinic, Rochester (adult and pediatric)",1.2,8,17,1434,27,27.9,11,11.4,9.3,34.3,22A Bjorn Olson (R); 23A Peggy Bennett (R),22 Rich Draheim (R); 23 Gene Dornink (R)
Fillmore County,27045,Metropolitan,21540,4952,3778,16588,5265,182,153,214,30,22,25,212,210,5,0,0,2453,0.0,2,0,0,0,10,34.0,37.2,32.3,"Mayo Clinic, Rochester (adult and pediatric)",3.8,9,18,1948,26,17.5,Suppressed,Suppressed,7.6,31.6,26B Greg Davids (R),26 Jeremy R. Miller (R)
Freeborn County,27047,Nonmetro-Large Town,30440,6443,4897,23997,7727,264,221,310,39,29,33,303,300,3,1,0,4019,83.1,2,0,0,0,6,50.4,58.6,51.5,"Mayo Clinic, Rochester (adult and pediatric)",6.9,6,15,3185,36,16.9,Suppressed,Suppressed,9.8,32.7,23A Peggy Bennett (R); 23B Patricia Mueller (R),23 Gene Dornink (R)
Goodhue County,27049,Nonmetro-Large Town,48195,10223,7590,37972,11439,418,349,490,61,45,51,479,480,6,2,0,7451,30.6,0,0,0,0,12,22.9,33.1,26.2,"Mayo Clinic, Rochester (adult and pediatric)",2.1,7,16,4455,51,15.4,Suppressed,Suppressed,7.7,28.6,19A Keith Allen (R); 20A Pam Altendorf (R); 20B Steven Jacob (R); 58B Drew Roach (R),19 John R. Jasinski (R); 20 Steve Drazkowski (R); 58 Bill Lieske (R)
Grant County,27051,Rural,6085,1352,1046,4733,1521,52,44,61,8,6,7,60,60,3,0,0,1173,0.0,2,0,0,0,2,79.0,79.2,146.7,"Minnesota Epilepsy Group with Children's Minnesota, St. Paul and Minneapolis",7.0,12,25,394,Suppressed,Suppressed,Suppressed,Suppressed,8.0,32.3,09A Jeff Backer (R),09 Jordan Rasmusson (R)
Hennepin County,27053,Metropolitan,1284784,263666,192991,1021118,219826,11232,9394,13172,1582,1135,1287,12814,12810,15,10,1,137117,64.5,0,225,22,5,262,3.7,16.2,7.9,"Minnesota Epilepsy Group with Children's Minnesota, St. Paul and Minneapolis",1.2,7,13,153712,"1,527",17.2,334,3.8,7.5,25.0,29A Joe McDonald (R); 30A Walter Hudson (R); 34A Danny Nadeau (R); 34B Xp Lee (DFL); 37A Kristin Robbins (R); 37B Kristin Bahner (DFL); 38A Huldah Momanyi-Hiltsley (DFL); 38B Samantha Vang (DFL); 39B Sandra Feist (DFL); 42A Ned Carroll (DFL); 42B Ginny Klevorn (DFL); 43A Cedrick Frazier (DFL); 43B Mike Freiberg (DFL); 45A Andrew Myers (R); 45B Patty Acomb (DFL); 46A Larry Kraft (DFL); 46B Cheryl Youakim (DFL); 49A Alex Falconer (DFL); 49B Carlie Kotyza-Witthuhn (DFL); 50A Julie Greene (DFL); 50B Steve Elkins (DFL); 51A Michael Howard (DFL); 51B Nathan Coulter (DFL); 59A Fue Lee (DFL); 59B Esther Agbaje (DFL); 60A Sydney Jordan (DFL); 60B Mohamud Noor (DFL); 61A Katie Jones (DFL); 61B Jamie Long (DFL); 62A Aisha Gomez (DFL); 62B Anquam Mahamoud (DFL); 63A Samantha Sencer-Mura (DFL); 63B Emma Greenman (DFL),29 Michael W. Holmstrom (R); 30 Eric Lucero (R); 34 John A. Hoffman (DFL); 37 Warren Limmer (R); 38 Susan Pha (DFL); 39 Mary K. Kunesh (DFL); 42 Bonnie S. Westlin (DFL); 43 Ann H. Rest (DFL); 45 Ann M. Johnson Stewart (DFL); 46 Ron Latz (DFL); 49 Steve A. Cwodzinski (DFL); 50 Alice Mann (DFL); 51 Melissa H. Wiklund (DFL); 59 Bobby Joe Champion (DFL); 60 Doron Clark (DFL); 61 D. Scott Dibble (DFL); 62 Omar Fateh (DFL); 63 Zaynab Mohamed (DFL)
Houston County,27055,Metropolitan,18400,3781,3025,14619,4866,161,134,189,23,18,20,183,180,4,0,0,4078,0.0,1,0,0,0,8,21.6,30.1,53.5,"Mayo Clinic, Rochester (adult and pediatric)",2.2,10,19,1156,25,19.2,Suppressed,Suppressed,6.8,28.5,26B Greg Davids (R),26 Jeremy R. Miller (R)
Hubbard County,27057,Rural,22369,4506,3484,17863,6368,196,164,230,27,20,23,224,220,3,1,0,2651,63.2,1,0,0,0,7,37.8,41.8,161.1,"University of Minnesota Medical Center / MINCEP, Minneapolis",12.6,9,21,1926,19,12.5,Suppressed,Suppressed,6.9,30.1,02B Matt Bliss (R); 05A Krista Knudsen (R),02 Steve Green (R); 05 Paul J. Utke (R)
Isanti County,27059,Metropolitan,44386,10051,7572,34335,8530,378,316,443,60,45,50,438,440,2,1,0,5883,86.6,0,1,0,0,7,34.1,39.1,46.9,"University of Minnesota Medical Center / MINCEP, Minneapolis",6.8,10,20,3203,29,9.9,Suppressed,Suppressed,8.0,29.0,10B Isaac Schultz (R); 27B Bryan Lawrence (R); 28A Jimmy Gordon (R); 31B Peggy Scott (R),10 Nathan Wesenberg (R); 27 Andrew Mathews (R); 28 Mark W. Koran (R); 31 Calvin K. Bahr (R)
Itasca County,27061,Nonmetro-Large Town,45404,9008,6994,36396,12586,400,335,470,54,41,47,454,450,4,1,0,6491,62.0,0,0,0,0,13,64.5,68.5,162.8,"University of Minnesota Medical Center / MINCEP, Minneapolis",6.2,9,22,4603,62,19.6,12,3.8,7.1,32.7,02B Matt Bliss (R); 03A Roger Skraba (R); 06A Ben Davis (R); 07A Spencer Igo (R),02 Steve Green (R); 03 Grant Hauschild (DFL); 06 Keri Heintzeman (R); 07 Robert D. Farnsworth (R)
Jackson County,27063,Rural,9857,2060,1595,7797,2530,86,72,101,12,9,11,98,100,2,0,0,1394,0.0,1,0,0,0,7,79.9,87.2,128.6,"Minnesota Epilepsy Group with Children's Minnesota, St. Paul and Minneapolis",4.8,8,16,620,Suppressed,Suppressed,0,,7.7,30.5,21B Marj Fogelman (R),21 Bill Weber (R)
Kanabec County,27065,Rural,16628,3531,2691,13097,3988,144,120,169,21,16,18,165,170,2,0,0,2135,0.0,1,0,0,0,5,45.2,49.1,61.6,"University of Minnesota Medical Center / MINCEP, Minneapolis",6.1,8,18,1588,22,19.2,Suppressed,Suppressed,8.5,33.8,10A Ron Kresha (R); 10B Isaac Schultz (R); 11B Nathan Nelson (R),10 Nathan Wesenberg (R); 11 Jason Rarick (R)
Kandiyohi County,27067,Nonmetro-Urban,44720,10825,7966,33895,9608,373,312,437,65,47,53,438,440,3,0,0,5769,0.0,1,2,0,0,11,51.4,64.9,87.9,"Minnesota Epilepsy Group with Children's Minnesota, St. Paul and Minneapolis",2.2,7,15,3820,51,16.7,19,6.2,10.0,30.0,16A Scott Van Binsbergen (R); 16B Dave Baker (R),16 Andrew R. Lang (R)
Kittson County,27069,Rural,4031,901,677,3130,1165,34,29,40,5,4,5,40,40,3,0,1,619,0.0,3,0,0,0,3,129.0,130.2,316.2,"University of Minnesota Medical Center / MINCEP, Minneapolis",2.4,13,28.2,319,Suppressed,Suppressed,Suppressed,Suppressed,7.0,31.0,01A John Burkel (R),01 Mark T. Johnson (R)
Koochiching County,27071,Nonmetro-Large Town,11587,2056,1567,9531,3382,105,88,123,12,9,10,117,120,3,0,0,1439,0.0,2,0,0,0,4,86.0,99.8,237.3,"University of Minnesota Medical Center / MINCEP, Minneapolis",14.1,7,29,1282,15,17.9,Suppressed,Suppressed,7.3,32.7,03A Roger Skraba (R),03 Grant Hauschild (DFL)
Lac qui Parle County,27073,Rural,6704,1536,1104,5168,1858,57,48,67,9,6,7,66,65,2,1,0,1400,40.4,0,0,0,0,4,98.2,100.2,136.8,"Minnesota Epilepsy Group with Children's Minnesota, St. Paul and Minneapolis",4.2,8,21,421,Suppressed,Suppressed,Suppressed,Suppressed,7.3,31.4,15A Chris Swedzinski (R),15 Gary H. Dahms (R)
Lake County,27075,Rural,10746,1940,1482,8806,3373,97,81,114,12,9,10,109,110,1,0,0,1300,0.0,0,0,0,0,5,26.6,26.6,162.1,"University of Minnesota Medical Center / MINCEP, Minneapolis",9.7,8,30,1073,Suppressed,Suppressed,Suppressed,Suppressed,7.2,32.4,03A Roger Skraba (R); 03B Natalie Zeleznikar (R),03 Grant Hauschild (DFL)
Lake of the Woods County,27077,Rural,3770,663,492,3107,1144,34,29,40,4,3,3,38,40,1,0,0,458,0.0,1,0,0,0,2,83.3,83.3,266.6,"University of Minnesota Medical Center / MINCEP, Minneapolis",8.1,15,37,301,Suppressed,Suppressed,Suppressed,Suppressed,7.0,31.0,02A Bidal Duran (R),02 Steve Green (R)
Le Sueur County,27079,Metropolitan,29453,6622,5059,22831,6110,251,210,295,40,30,34,291,290,4,1,0,4206,18.1,1,0,0,0,5,39.7,41.8,49.1,"Minnesota Epilepsy Group with Children's Minnesota, St. Paul and Minneapolis",2.2,8,16,1695,21,10.4,Suppressed,Suppressed,7.7,27.0,18A Erica Schwartz (R); 22B Terry Stier (R),18 Nick A. Frentz (DFL); 22 Rich Draheim (R)
Lincoln County,27081,Rural,5583,1233,932,4350,1527,48,40,56,7,5,6,55,55,4,0,0,1049,0.0,3,0,0,0,3,64.7,69.9,153.3,"Minnesota Epilepsy Group with Children's Minnesota, St. Paul and Minneapolis",4.4,10,19,317,12,30.7,Suppressed,Suppressed,7.7,32.0,21A Joe Schomacker (R),21 Bill Weber (R)
Lyon County,27083,Nonmetro-Large Town,25684,6469,4848,19215,5127,211,177,248,39,29,32,250,250,5,1,0,4829,15.0,1,0,0,0,8,79.2,92.7,128.7,"Minnesota Epilepsy Group with Children's Minnesota, St. Paul and Minneapolis",7.7,6,14,1933,37,20.8,10,5.6,8.5,29.1,15A Chris Swedzinski (R),15 Gary H. Dahms (R)
Mahnomen County,27087,Nonmetro-Urban,5153,1505,1109,3648,1087,40,34,47,9,7,7,49,50,2,0,0,1391,0.0,0,0,0,0,1,49.1,51.0,204.2,"University of Minnesota Medical Center / MINCEP, Minneapolis",9.6,8,21,923,11,29.1,Suppressed,Suppressed,11.4,42.2,02B Matt Bliss (R),02 Steve Green (R)
Marshall County,27089,Rural,8798,2021,1557,6777,2134,75,62,87,12,9,10,87,85,4,0,0,1440,0.0,3,0,0,0,1,91.2,110.2,277.5,"University of Minnesota Medical Center / MINCEP, Minneapolis",17.9,11,29,537,11,17.3,Suppressed,Suppressed,8.2,31.9,01A John Burkel (R),01 Mark T. Johnson (R)
Martin County,27091,Rural,19440,4204,3133,15236,5177,168,140,197,25,18,21,193,190,4,0,0,2992,0.0,2,1,0,0,8,94.5,101.0,99.5,"Mayo Clinic, Rochester (adult and pediatric)",10.6,6,16,1953,28,20.3,Suppressed,Suppressed,8.4,31.8,21B Marj Fogelman (R); 22A Bjorn Olson (R),21 Bill Weber (R); 22 Rich Draheim (R)
McLeod County,27085,Nonmetro-Large Town,36631,7654,5712,28977,8143,319,267,374,46,34,38,365,360,3,1,0,4675,59.5,1,0,0,0,9,40.0,47.7,44.6,"Minnesota Epilepsy Group with Children's Minnesota, St. Paul and Minneapolis",2.1,6,16,2877,46,18.1,Suppressed,Suppressed,8.3,29.3,17A Dawn Gillman (R); 17B Bobbie Harder (R),17 Glenn H. Gruenhagen (R)
Meeker County,27093,Nonmetro-Large Town,23603,5394,4065,18209,5500,200,168,235,32,24,27,233,230,3,0,0,3338,0.0,0,0,0,0,5,34.1,37.6,67.5,"Minnesota Epilepsy Group with Children's Minnesota, St. Paul and Minneapolis",7.6,9,19,1585,24,14.7,Suppressed,Suppressed,7.8,29.1,16A Scott Van Binsbergen (R); 17A Dawn Gillman (R); 29A Joe McDonald (R),16 Andrew R. Lang (R); 17 Glenn H. Gruenhagen (R); 29 Michael W. Holmstrom (R)
Mille Lacs County,27095,Metropolitan,27753,6238,4659,21515,5799,237,198,278,37,27,31,274,270,4,3,0,5852,92.8,1,0,0,0,12,36.4,52.5,68.0,"University of Minnesota Medical Center / MINCEP, Minneapolis",2.6,10,20,3290,40,21.3,Suppressed,Suppressed,8.3,32.7,10A Ron Kresha (R); 10B Isaac Schultz (R); 27B Bryan Lawrence (R),10 Nathan Wesenberg (R); 27 Andrew Mathews (R)
Morrison County,27097,Nonmetro-Large Town,34620,7811,5920,26809,8089,295,247,346,47,35,39,342,340,5,1,0,5226,17.9,2,0,0,0,7,28.2,31.2,86.5,"University of Minnesota Medical Center / MINCEP, Minneapolis",11.7,8,23,2493,49,20.7,10,4.2,7.7,30.1,05B Mike Wiener (R); 10A Ron Kresha (R); 10B Isaac Schultz (R),05 Paul J. Utke (R); 10 Nathan Wesenberg (R)
Mower County,27099,Nonmetro-Urban,40971,10301,7747,30670,7823,337,282,396,62,46,52,399,400,5,2,1,6632,81.4,3,0,0,0,9,35.0,43.2,35.2,"Mayo Clinic, Rochester (adult and pediatric)",6.0,6,14,3583,48,17.1,16,5.7,10.6,30.9,23B Patricia Mueller (R); 26B Greg Davids (R),23 Gene Dornink (R); 26 Jeremy R. Miller (R)
Murray County,27101,Rural,7942,1649,1303,6293,2405,69,58,81,10,8,9,79,80,2,0,0,1065,0.0,1,0,0,0,6,60.0,61.5,138.7,"Minnesota Epilepsy Group with Children's Minnesota, St. Paul and Minneapolis",1.8,9,19,571,Suppressed,Suppressed,Suppressed,Suppressed,8.3,31.7,21A Joe Schomacker (R),21 Bill Weber (R)
Nicollet County,27103,Metropolitan,34273,7206,5614,27067,6676,298,249,349,43,33,37,341,340,2,0,0,2443,0.0,1,0,0,0,5,51.2,56.5,60.1,"Minnesota Epilepsy Group with Children's Minnesota, St. Paul and Minneapolis",5.2,7,14,1988,33,13.7,Suppressed,Suppressed,7.3,28.3,18A Erica Schwartz (R),18 Nick A. Frentz (DFL)
Nobles County,27105,Nonmetro-Large Town,22338,6382,4500,15956,3919,176,147,206,38,26,30,214,210,4,0,0,5117,0.0,2,0,0,0,10,49.0,64.7,153.9,"Minnesota Epilepsy Group with Children's Minnesota, St. Paul and Minneapolis",4.3,7,18,1264,10,6.6,Suppressed,Suppressed,16.5,33.2,21A Joe Schomacker (R); 21B Marj Fogelman (R),21 Bill Weber (R)
Norman County,27107,Rural,6336,1392,1044,4944,1523,54,45,64,8,6,7,63,65,2,0,0,900,0.0,1,0,0,0,4,36.0,38.4,219.9,"Minnesota Epilepsy Group with Children's Minnesota, St. Paul and Minneapolis",3.6,16,26,516,Suppressed,Suppressed,Suppressed,Suppressed,8.3,31.7,01B Steve Gander (R),01 Mark T. Johnson (R)
Olmsted County,27109,Metropolitan,166731,37281,27616,129450,30861,1424,1191,1670,224,162,184,1648,1650,5,2,0,23626,77.1,0,320,25,19,36,14.0,21.7,11.6,"Mayo Clinic, Rochester (adult and pediatric)",2.1,7,13,18373,130,11.5,44,3.9,6.7,24.9,20B Steven Jacob (R); 24A Duane Quam (R); 24B Tina Liebling (DFL); 25A Kim Hicks (DFL); 25B Andy Smith (DFL),20 Steve Drazkowski (R); 24 Carla J. Nelson (R); 25 Liz Boldon (DFL)
Otter Tail County,27111,Nonmetro-Large Town,61041,12688,9678,48353,16856,532,445,624,76,57,65,608,610,8,2,1,8142,40.3,2,0,0,0,15,63.5,75.1,153.1,"Minnesota Epilepsy Group with Children's Minnesota, St. Paul and Minneapolis",1.6,9,22,3890,64,15.3,18,4.3,7.5,30.6,09A Jeff Backer (R); 09B Tom Murphy (R),09 Jordan Rasmusson (R)
Pennington County,27113,Nonmetro-Large Town,13686,2945,2225,10741,2985,118,99,139,18,13,15,136,140,2,1,1,2075,87.3,1,0,0,0,5,68.2,74.2,254.7,"University of Minnesota Medical Center / MINCEP, Minneapolis",9.3,5,13,1069,18,18.5,Suppressed,Suppressed,7.9,30.7,01A John Burkel (R),01 Mark T. Johnson (R)
Pine County,27115,Rural,30472,5707,4390,24765,7328,272,228,319,34,26,29,307,310,4,0,0,3720,0.0,1,0,0,0,7,52.0,61.8,79.6,"University of Minnesota Medical Center / MINCEP, Minneapolis",8.8,12,24,3505,36,17.3,Suppressed,Suppressed,8.7,33.9,11A Jeff Dotseth (R); 11B Nathan Nelson (R),11 Jason Rarick (R)
Pipestone County,27117,Rural,9260,2392,1752,6868,2139,76,63,89,14,10,12,90,90,2,1,0,1517,71.7,1,0,0,0,7,38.7,39.0,162.6,"Minnesota Epilepsy Group with Children's Minnesota, St. Paul and Minneapolis",2.4,8,16,851,13,20.2,Suppressed,Suppressed,9.1,32.6,21A Joe Schomacker (R),21 Bill Weber (R)
Polk County,27119,Metropolitan,30545,7470,5737,23075,6264,254,212,298,45,34,38,299,300,7,2,0,5077,47.0,4,0,0,0,12,53.5,75.4,249.7,"University of Minnesota Medical Center / MINCEP, Minneapolis",4.4,8,17,2836,43,19.9,Suppressed,Suppressed,8.3,29.7,01B Steve Gander (R),01 Mark T. Johnson (R)
Pope County,27121,Rural,11420,2445,1881,8975,3144,99,83,116,15,11,13,113,110,1,1,0,1345,100.0,0,0,0,0,3,60.2,60.2,116.2,"Minnesota Epilepsy Group with Children's Minnesota, St. Paul and Minneapolis",6.0,5,14,1001,10,12.6,Suppressed,Suppressed,7.2,30.1,12A Paul Anderson (R); 12B Mary Franson (R),12 Torrey N. Westrom (R)
Ramsey County,27123,Metropolitan,541623,118295,86590,423328,94675,4657,3895,5461,710,509,577,5366,5370,5,4,0,70314,83.5,0,59,18,3,101,4.8,8.7,8.9,"University of Minnesota Medical Center / MINCEP, Minneapolis",0.3,6,10,66552,678,17.8,148,3.9,7.8,27.9,36A Elliott Engen (R); 36B Brion Curran (DFL); 39A Erin Koegel (DFL); 39B Sandra Feist (DFL); 40A Kelly Moller (DFL); 40B David Gottfried (DFL); 44A Peter Fischer (DFL); 44B Leon Lillie (DFL); 47A Shelley Buck (DFL); 64A Meg Luger-Nikolai (DFL); 64B Dave Pinto (DFL); 65A Samakab Hussein (DFL); 65B María Isa Pérez-Vega (DFL); 66A Leigh Finke (DFL); 66B Athena Hollins (DFL); 67A Liz Lee (DFL); 67B Jay Xiong (DFL),36 Heather Gustafson (DFL); 39 Mary K. Kunesh (DFL); 40 John Marty (DFL); 44 Tou Xiong (DFL); 47 Amanda H. Hemmingsen-Jaeger (DFL); 64 Erin P. Murphy (DFL); 65 Sandra L. Pappas (DFL); 66 Clare Oumou Verbeten (DFL); 67 Foung Hawj (DFL)
Red Lake County,27125,Rural,3940,966,703,2974,919,33,27,38,6,4,5,39,40,2,0,0,731,0.0,2,0,0,0,1,61.2,70.7,241.0,"University of Minnesota Medical Center / MINCEP, Minneapolis",10.9,8,22,197,Suppressed,Suppressed,Suppressed,Suppressed,7.6,30.9,01B Steve Gander (R),01 Mark T. Johnson (R)
Redwood County,27127,Rural,15265,3728,2806,11537,3540,127,106,149,22,17,19,149,150,5,2,0,2372,18.5,4,0,0,0,4,85.2,95.5,104.8,"Minnesota Epilepsy Group with Children's Minnesota, St. Paul and Minneapolis",10.3,8,18,1738,24,22.5,Suppressed,Suppressed,8.5,31.7,15B Paul Torkelson (R),15 Gary H. Dahms (R)
Renville County,27129,Rural,14356,3282,2430,11074,3437,122,102,143,20,14,16,142,140,3,1,0,1626,34.5,1,0,0,0,4,67.3,72.7,85.4,"Minnesota Epilepsy Group with Children's Minnesota, St. Paul and Minneapolis",0.5,12,21,1227,19,18.7,Suppressed,Suppressed,9.8,33.2,16A Scott Van Binsbergen (R),16 Andrew R. Lang (R)
Rice County,27131,Nonmetro-Urban,69939,14443,10944,55496,12937,610,511,716,87,64,73,697,700,2,0,0,6982,0.0,0,1,0,0,15,28.8,35.0,39.1,"Minnesota Epilepsy Group with Children's Minnesota, St. Paul and Minneapolis",1.6,7,16,4616,81,17.1,21,4.4,8.7,28.1,19A Keith Allen (R); 22B Terry Stier (R); 58A Kristi Pursell (DFL); 58B Drew Roach (R),19 John R. Jasinski (R); 22 Rich Draheim (R); 58 Bill Lieske (R)
Rock County,27133,Metropolitan,9524,2117,1663,7407,2248,81,68,96,13,10,11,94,95,2,0,0,1509,0.0,1,0,0,0,2,23.1,27.7,176.6,"Minnesota Epilepsy Group with Children's Minnesota, St. Paul and Minneapolis",5.9,10,20,730,Suppressed,Suppressed,Suppressed,Suppressed,8.0,30.8,21A Joe Schomacker (R),21 Bill Weber (R)
Roseau County,27135,Rural,15246,3460,2638,11786,3374,130,108,152,21,16,18,150,150,4,0,0,2621,0.0,2,0,0,0,7,101.7,102.7,292.9,"University of Minnesota Medical Center / MINCEP, Minneapolis",5.6,9,23,1022,Suppressed,Suppressed,Suppressed,Suppressed,7.8,30.7,01A John Burkel (R),01 Mark T. Johnson (R)
Scott County,27139,Metropolitan,159017,38360,29635,120657,23324,1327,1110,1556,230,174,198,1557,1560,5,3,0,23894,76.5,0,0,0,0,29,19.6,26.7,27.3,"Minnesota Epilepsy Group with Children's Minnesota, St. Paul and Minneapolis",2.0,8,15,9932,109,10.2,25,2.3,6.6,23.7,22B Terry Stier (R); 54A Brad Tabke (DFL); 54B Ben Bakeberg (R); 55A Jessica Hanson (DFL); 57A Jon Koznick (R); 58A Kristi Pursell (DFL),22 Rich Draheim (R); 54 Eric R. Pratt (R); 55 Lindsey Port (DFL); 57 Zach Duckworth (R); 58 Bill Lieske (R)
Sherburne County,27141,Metropolitan,104194,26209,19930,77985,15138,858,717,1006,157,117,133,1015,1020,3,1,0,20356,15.5,0,0,0,0,15,20.4,23.7,35.1,"University of Minnesota Medical Center / MINCEP, Minneapolis",3.0,10,17,7912,61,8.7,12,1.7,7.1,27.3,14B Dan Wolgamott (DFL); 27A Shane Mekeland (R); 27B Bryan Lawrence (R); 30B Paul Novotny (R),14 Aric Putnam (DFL); 27 Andrew Mathews (R); 30 Eric Lucero (R)
Sibley County,27143,Rural,15356,3524,2550,11832,3330,130,109,153,21,15,17,151,150,2,0,0,1678,0.0,0,0,0,0,4,51.8,62.8,57.4,"Minnesota Epilepsy Group with Children's Minnesota, St. Paul and Minneapolis",4.5,7,16,1031,16,15.3,Suppressed,Suppressed,9.0,30.4,17A Dawn Gillman (R); 17B Bobbie Harder (R),17 Glenn H. Gruenhagen (R)
St. Louis County,27137,Metropolitan,200518,35668,26974,164850,46919,1813,1517,2127,214,159,180,2027,2030,12,2,1,22065,50.3,2,12,2,0,59,53.0,91.6,175.6,"University of Minnesota Medical Center / MINCEP, Minneapolis",4.9,8,17,22286,283,20.3,58,4.2,6.8,30.8,03A Roger Skraba (R); 03B Natalie Zeleznikar (R); 07A Spencer Igo (R); 07B Cal Warwas (R); 08A Pete Johnson (DFL); 08B Liish Kozlowski (DFL); 11A Jeff Dotseth (R),03 Grant Hauschild (DFL); 07 Robert D. Farnsworth (R); 08 Jennifer A. McEwen (DFL); 11 Jason Rarick (R)
Stearns County,27145,Metropolitan,164110,38223,28217,125887,30003,1385,1158,1624,229,166,188,1614,1610,10,2,1,23573,6.6,0,16,1,0,39,17.9,39.3,77.8,"Minnesota Epilepsy Group with Children's Minnesota, St. Paul and Minneapolis",2.2,8,18,13919,132,11.7,35,3.1,7.9,27.6,12A Paul Anderson (R); 12B Mary Franson (R); 13A Lisa Demuth (R); 13B Tim O'Driscoll (R); 14A Bernie Perryman (R); 14B Dan Wolgamott (DFL),12 Torrey N. Westrom (R); 13 Jeff R. Howe (R); 14 Aric Putnam (DFL)
Steele County,27147,Nonmetro-Urban,37464,8554,6488,28910,7769,318,266,373,51,38,43,369,370,3,2,0,6749,26.0,0,1,0,0,8,35.4,36.0,38.5,"Mayo Clinic, Rochester (adult and pediatric)",7.9,6,13,3460,48,18.5,12,4.6,8.2,28.2,19B Tom Sexton (R); 23A Peggy Bennett (R); 23B Patricia Mueller (R),19 John R. Jasinski (R); 23 Gene Dornink (R)
Stevens County,27149,Nonmetro-Large Town,9747,2176,1633,7571,1860,83,70,98,13,10,11,96,95,3,2,0,1670,91.6,2,0,0,0,3,81.7,93.9,135.4,"Minnesota Epilepsy Group with Children's Minnesota, St. Paul and Minneapolis",9.1,9,17,498,Suppressed,Suppressed,Suppressed,Suppressed,9.7,29.5,12A Paul Anderson (R),12 Torrey N. Westrom (R)
Swift County,27151,Rural,9763,2189,1589,7574,2439,83,70,98,13,9,11,96,95,2,1,0,1571,50.7,0,0,0,0,5,64.7,69.5,109.2,"Minnesota Epilepsy Group with Children's Minnesota, St. Paul and Minneapolis",8.0,10,19,642,16,24.0,Suppressed,Suppressed,9.1,33.9,12A Paul Anderson (R),12 Torrey N. Westrom (R)
Todd County,27153,Rural,26060,6614,4901,19446,5967,214,179,251,40,29,33,254,250,4,1,0,2922,30.4,0,0,0,0,10,54.4,62.8,116.3,"Minnesota Epilepsy Group with Children's Minnesota, St. Paul and Minneapolis",3.1,9,20,1699,19,10.8,Suppressed,Suppressed,10.4,34.5,05B Mike Wiener (R),05 Paul J. Utke (R)
Traverse County,27155,Rural,3130,688,490,2442,875,27,22,32,4,3,3,31,30,2,0,0,565,0.0,2,0,0,0,3,80.9,87.3,173.5,"Minnesota Epilepsy Group with Children's Minnesota, St. Paul and Minneapolis",1.7,7,15.7,212,Suppressed,Suppressed,0,,8.5,33.8,09A Jeff Backer (R),09 Jordan Rasmusson (R)
Wabasha County,27157,Metropolitan,21537,4516,3433,17021,5480,187,157,220,27,20,23,214,210,3,1,0,3614,40.6,0,0,0,0,9,29.8,32.9,30.8,"Mayo Clinic, Rochester (adult and pediatric)",2.8,6,17,1681,19,12.6,Suppressed,Suppressed,7.0,28.5,20A Pam Altendorf (R); 20B Steven Jacob (R),20 Steve Drazkowski (R)
Wadena County,27159,Rural,14388,3636,2708,10752,3271,118,99,139,22,16,18,140,140,4,1,0,3048,15.8,2,0,0,0,10,65.2,75.0,141.4,"University of Minnesota Medical Center / MINCEP, Minneapolis",4.7,8,21,1372,14,14.2,Suppressed,Suppressed,8.8,34.4,05A Krista Knudsen (R); 05B Mike Wiener (R),05 Paul J. Utke (R)
Waseca County,27161,Nonmetro-Large Town,18688,3969,3028,14719,4015,162,135,190,24,18,20,186,190,3,1,0,3190,20.8,0,0,0,0,2,49.5,50.2,52.0,"Mayo Clinic, Rochester (adult and pediatric)",10.1,7,17.5,1343,19,14.5,Suppressed,Suppressed,8.9,30.7,19A Keith Allen (R); 19B Tom Sexton (R); 23A Peggy Bennett (R),19 John R. Jasinski (R); 23 Gene Dornink (R)
Washington County,27163,Metropolitan,286895,66419,51259,220476,53948,2425,2028,2844,399,302,342,2824,2820,5,3,0,36685,47.2,1,6,0,0,47,14.5,24.1,20.7,"University of Minnesota Medical Center / MINCEP, Minneapolis",1.7,6,12,20959,259,13.6,58,3.1,5.8,23.5,33A Patti Anderson (R); 33B Josiah Hill (DFL); 36B Brion Curran (DFL); 41A Wayne Johnson (R); 41B Tom Dippel (R); 44B Leon Lillie (DFL); 47A Shelley Buck (DFL); 47B Ethan Cha (DFL); 53B Rick Hansen (DFL),33 Karin Housley (R); 36 Heather Gustafson (DFL); 41 Judy Seeberger (DFL); 44 Tou Xiong (DFL); 47 Amanda H. Hemmingsen-Jaeger (DFL); 53 Matt D. Klein (DFL)
Watonwan County,27165,Rural,11459,3162,2180,8297,2384,91,76,107,19,13,15,110,110,3,0,1,1993,0.0,1,0,0,0,5,86.6,93.8,95.1,"Minnesota Epilepsy Group with Children's Minnesota, St. Paul and Minneapolis",0.8,9,19,736,16,20.7,Suppressed,Suppressed,13.4,33.0,21B Marj Fogelman (R); 22A Bjorn Olson (R),21 Bill Weber (R); 22 Rich Draheim (R)
Wilkin County,27167,Rural,6288,1436,1097,4852,1437,53,45,63,9,6,7,62,60,3,0,0,1017,0.0,2,0,0,0,2,42.1,56.2,180.0,"Minnesota Epilepsy Group with Children's Minnesota, St. Paul and Minneapolis",12.7,8,21,434,Suppressed,Suppressed,Suppressed,Suppressed,8.0,31.3,09A Jeff Backer (R),09 Jordan Rasmusson (R)
Winona County,27169,Nonmetro-Urban,50523,8840,6634,41683,10702,459,383,538,53,39,44,512,510,3,0,1,3992,0.0,0,0,0,0,11,30.9,33.5,30.4,"Mayo Clinic, Rochester (adult and pediatric)",4.5,6,14,3481,24,6.8,Suppressed,Suppressed,7.3,29.1,20B Steven Jacob (R); 26A Aaron Repinski (R),20 Steve Drazkowski (R); 26 Jeremy R. Miller (R)
Wright County,27171,Metropolitan,157559,41494,31102,116065,24527,1277,1068,1497,249,183,207,1526,1530,9,5,0,26304,64.1,0,0,0,0,27,24.7,35.5,35.0,"Minnesota Epilepsy Group with Children's Minnesota, St. Paul and Minneapolis",2.0,10,20,9329,112,11.1,26,2.6,6.8,26.0,17A Dawn Gillman (R); 29A Joe McDonald (R); 29B Marion Rarick (R); 30A Walter Hudson (R); 30B Paul Novotny (R); 34A Danny Nadeau (R),17 Glenn H. Gruenhagen (R); 29 Michael W. Holmstrom (R); 30 Eric Lucero (R); 34 John A. Hoffman (DFL)
Yellow Medicine County,27173,Rural,9477,2189,1582,7288,2311,80,67,94,13,9,11,93,95,2,1,0,1193,50.5,0,0,0,0,4,84.5,85.3,130.4,"Minnesota Epilepsy Group with Children's Minnesota, St. Paul and Minneapolis",1.8,8,18,617,Suppressed,Suppressed,Suppressed,Suppressed,8.5,31.3,15A Chris Swedzinski (R),15 Gary H. Dahms (R)
