chamber,district,member_2025_26,party,counties,population_2020,acs_under18,acs_age_5_17,acs_18plus,est_adults_active_epilepsy,est_adults_low,est_adults_high,est_children_under18_active_epilepsy,est_school_age_low_1in170,est_school_age_high_1in150,est_total_active_epilepsy,school_districts_serving,school_districts_posting_plan,school_districts_1pct_or_more,school_districts_1pct_posting_plan,pct_residents_in_district_posting_plan,avg_miles_child_neurologist,max_miles_child_neurologist,avg_miles_epilepsy_center,avg_miles_pharmacy,avg_ems_p90_min
House,01A,John Burkel,R,"Roseau (15,331); Pennington (13,992); Marshall (9,040); Kittson (4,207)",42570,9742,7389,32560,358,300,420,58,43,49,417,14,1,13,1,31.6,92.2,130.2,279.7,5.1,19.0
House,01B,Steve Gander,R,"Polk (31,192); Norman (6,441); Red Lake (3,935); Clay (1,037)",42605,10294,7655,32028,352,295,413,62,45,51,414,18,5,13,2,33.7,58.9,92.5,245.3,5.4,18.7
House,02A,Bidal Duran,R,"Beltrami (37,038); Lake of the Woods (3,763); Clearwater (2,070)",42871,11025,8092,32623,359,300,421,66,48,54,425,8,1,4,1,4.7,15.1,99.0,202.3,7.2,18.0
House,02B,Matt Bliss,R,"Cass (9,551); Beltrami (9,190); Clearwater (6,454); Mahnomen (5,411); Hubbard (5,113); Becker (3,609); Itasca (3,262)",42590,10186,7697,31267,344,288,403,61,45,51,405,19,4,15,3,6.0,28.8,64.8,187.7,7.6,21.9
House,03A,Roger Skraba,R,"St. Louis (15,090); Koochiching (12,062); Lake (5,619); Cook (5,600); Itasca (4,046)",42417,6751,5166,35499,390,327,458,41,30,34,431,14,1,11,1,6.5,71.5,105.7,205.4,10.4,24.6
House,03B,Natalie Zeleznikar,R,"St. Louis (37,051); Lake (5,286)",42337,9208,7203,32908,362,303,425,55,42,48,417,6,1,4,1,25.6,9.8,55.2,140.5,3.1,19.4
House,04A,Heather Keeler,DFL,"Clay (42,472)",42472,9955,7082,32741,360,301,422,60,42,47,420,1,0,1,0,0.0,3.1,3.1,212.9,1.1,15.0
House,04B,Jim Joy,R,"Clay (21,809); Becker (20,721)",42530,10583,8173,31935,351,294,412,63,48,54,415,9,2,8,2,49.8,27.9,46.2,193.9,2.8,17.5
House,05A,Krista Knudsen,R,"Hubbard (16,231); Cass (11,430); Becker (10,853); Wadena (4,039)",42553,9690,7430,33724,371,310,435,58,44,50,429,17,7,12,6,46.2,47.7,72.2,153.3,5.2,21.4
House,05B,Mike Wiener,R,"Todd (25,262); Wadena (10,026); Cass (5,116); Morrison (2,445)",42849,10263,7509,32886,362,303,424,62,44,50,423,15,3,11,3,35.6,55.4,75.0,117.6,3.7,20.5
House,06A,Ben Davis,R,"Itasca (19,546); Crow Wing (18,783); Cass (3,969)",42298,8239,6514,35059,386,323,452,49,38,43,435,11,4,9,3,60.2,62.5,70.5,136.2,3.9,21.1
House,06B,Josh Heintzeman,R,"Crow Wing (42,265)",42265,9213,6742,33515,369,308,432,55,40,45,424,4,2,3,2,98.2,56.1,68.0,109.0,3.9,19.0
House,07A,Spencer Igo,R,"St. Louis (18,421); Itasca (18,160); Aitkin (5,891)",42472,8292,6344,34389,378,316,444,50,37,42,428,11,1,10,1,14.2,61.3,70.5,158.1,5.5,20.4
House,07B,Cal Warwas,R,"St. Louis (42,258)",42258,8578,6715,33947,373,312,438,51,40,45,425,6,1,6,1,44.5,53.5,60.1,177.9,6.3,17.0
House,08A,Pete Johnson,DFL,"St. Louis (42,553)",42553,7043,4687,33822,372,311,436,42,28,31,414,2,1,2,1,95.7,1.4,7.8,136.8,1.1,17.0
House,08B,Liish Kozlowski,DFL,"St. Louis (42,602)",42602,7572,5382,37104,408,341,479,45,32,36,454,1,1,1,1,100.0,1.1,1.1,137.0,1.1,17.0
House,09A,Jeff Backer,R,"Otter Tail (26,405); Wilkin (6,506); Grant (6,074); Traverse (3,360)",42345,9693,7122,33097,364,304,427,58,42,47,422,16,1,12,1,46.7,55.5,98.0,165.9,3.5,21.8
House,09B,Tom Murphy,R,"Otter Tail (33,676); Douglas (8,791)",42467,8718,6587,33355,367,307,430,52,39,44,419,20,6,14,3,18.7,64.4,79.0,147.3,3.1,21.2
House,10A,Ron Kresha,R,"Morrison (19,612); Aitkin (9,806); Mille Lacs (6,296); Crow Wing (5,075); Kanabec (2,161)",42950,8879,6771,34137,376,314,440,53,40,45,429,15,4,9,2,22.9,44.0,70.5,91.3,3.1,22.4
House,10B,Isaac Schultz,R,"Benton (16,255); Morrison (11,953); Mille Lacs (11,870); Kanabec (2,010); Isanti (781)",42869,11562,8546,32401,356,298,418,69,50,57,426,15,6,10,4,56.2,21.9,49.1,64.8,4.6,20.7
House,11A,Jeff Dotseth,R,"Carlton (36,207); Pine (4,083); St. Louis (2,256)",42546,9219,7092,33271,366,306,429,55,42,47,421,11,2,10,2,47.5,26.5,55.6,120.5,6.1,18.4
House,11B,Nathan Nelson,R,"Pine (24,793); Kanabec (11,861); Chisago (5,950)",42604,8607,6581,34696,382,319,448,52,39,44,433,8,0,8,0,0.0,49.7,61.8,65.5,6.7,21.7
House,12A,Paul Anderson,R,"Swift (9,838); Pope (9,835); Stevens (9,671); Stearns (7,845); Big Stone (5,166)",42355,9811,7245,32387,356,298,418,59,43,48,415,17,7,13,7,62.4,68.8,108.5,121.2,4.6,17.9
House,12B,Mary Franson,R,"Douglas (30,215); Stearns (11,181); Pope (1,473)",42869,9789,7112,33938,373,312,438,59,42,47,432,6,2,5,2,67.7,51.9,66.8,112.6,2.4,17.9
House,13A,Lisa Demuth,R,"Stearns (42,773)",42773,9930,7557,33267,366,306,429,60,44,50,426,10,1,8,1,10.1,14.6,29.7,68.4,2.6,18.1
House,13B,Tim O'Driscoll,R,"Stearns (26,454); Benton (16,523)",42977,11790,8949,31600,348,291,408,71,53,60,418,6,2,4,1,37.9,5.0,17.9,65.1,2.8,18.8
House,14A,Bernie Perryman,R,"Stearns (42,844)",42844,10023,7017,34243,377,315,442,60,41,47,437,2,0,1,0,0.0,2.0,18.5,62.7,1.2,18.0
House,14B,Dan Wolgamott,DFL,"Stearns (27,195); Benton (8,601); Sherburne (6,636)",42432,8849,6278,32861,361,302,424,53,37,42,415,3,1,2,1,4.2,2.2,16.0,62.7,1.3,18.1
House,15A,Chris Swedzinski,R,"Lyon (25,269); Yellow Medicine (9,528); Lac qui Parle (6,719); Chippewa (946)",42462,10397,7542,32110,353,295,414,62,44,50,416,14,6,12,5,30.0,83.2,108.5,129.5,3.4,16.1
House,15B,Paul Torkelson,R,"Brown (25,912); Redwood (15,425); Blue Earth (1,054)",42391,9768,7288,32638,359,300,421,59,43,49,418,16,7,11,5,57.1,77.5,95.5,87.5,1.9,16.6
House,16A,Scott Van Binsbergen,R,"Meeker (15,188); Renville (14,723); Chippewa (11,652); Kandiyohi (1,119)",42682,9963,7528,32581,358,300,420,60,44,50,418,19,6,13,3,28.5,58.9,96.3,86.0,4.6,18.9
House,16B,Dave Baker,R,"Kandiyohi (42,613)",42613,10518,7698,32164,354,296,415,63,45,51,417,10,4,8,3,4.6,48.9,72.7,87.1,2.2,15.5
House,17A,Dawn Gillman,R,"McLeod (29,604); Meeker (6,770); Wright (5,154); Sibley (797)",42325,9878,7332,31834,350,293,411,59,43,49,409,8,3,6,2,66.0,42.7,62.8,51.6,2.0,20.6
House,17B,Bobbie Harder,R,"Carver (21,295); Sibley (14,039); McLeod (7,167)",42501,10143,7847,32880,362,302,424,61,46,52,423,11,4,11,4,41.2,32.0,62.8,36.9,2.5,15.9
House,18A,Erica Schwartz,R,"Nicollet (34,454); Blue Earth (7,176); Le Sueur (1,185)",42815,9769,7172,32848,361,302,424,59,42,48,420,7,2,4,2,59.0,53.0,67.1,62.4,3.1,14.7
House,18B,Luke Frederick,DFL,"Blue Earth (42,684)",42684,7030,5137,35736,393,329,461,42,30,34,435,2,1,1,1,100.0,55.5,56.0,65.5,2.7,15.0
House,19A,Keith Allen,R,"Rice (33,255); Goodhue (4,555); Waseca (4,490)",42300,9349,6953,33272,366,306,429,56,41,46,422,11,3,5,2,14.3,35.2,56.0,43.7,3.1,16.1
House,19B,Tom Sexton,R,"Steele (31,656); Waseca (10,916)",42572,10342,8052,32315,355,297,417,62,47,54,418,6,2,3,1,6.7,38.8,50.2,41.9,2.1,14.2
House,20A,Pam Altendorf,R,"Goodhue (31,903); Wabasha (9,770); Dakota (886)",42559,8808,6704,33587,369,309,433,53,39,45,422,10,3,6,2,9.3,30.3,33.1,33.4,2.9,16.2
House,20B,Steven Jacob,R,"Olmsted (13,902); Wabasha (11,617); Goodhue (9,177); Winona (7,502)",42198,10438,7756,32081,353,295,414,63,46,52,416,15,5,9,4,48.0,17.9,33.5,17.3,2.6,15.1
House,21A,Joe Schomacker,R,"Rock (9,704); Pipestone (9,424); Murray (8,179); Lincoln (5,640); Cottonwood (5,581); Nobles (3,935)",42463,10369,7726,31379,345,289,405,62,45,52,407,23,1,16,1,17.5,50.6,94.8,152.2,2.6,17.8
House,21B,Marj Fogelman,R,"Nobles (18,355); Jackson (9,989); Watonwan (6,991); Cottonwood (5,936); Martin (1,594)",42865,11117,8086,31629,348,291,408,67,48,54,415,13,0,10,0,0.0,74.2,101.0,128.4,1.9,17.1
House,22A,Bjorn Olson,R,"Martin (18,431); Blue Earth (13,384); Faribault (6,406); Watonwan (4,262)",42483,9705,7267,32788,361,302,423,58,43,48,419,13,3,12,3,17.4,82.9,101.0,89.6,5.0,16.1
House,22B,Terry Stier,R,"Le Sueur (27,489); Scott (9,158); Blue Earth (4,814); Rice (836)",42297,10494,8034,32440,357,298,418,63,47,54,420,13,4,10,3,18.4,33.8,56.0,43.4,2.3,15.5
House,23A,Peggy Bennett,R,"Freeborn (28,216); Faribault (7,515); Waseca (3,562); Steele (3,379)",42672,9499,7160,32839,361,302,424,57,42,48,418,12,3,11,3,56.4,53.2,83.5,55.2,4.2,15.7
House,23B,Patricia Mueller,R,"Mower (37,266); Freeborn (2,679); Steele (2,371)",42316,10614,7872,31536,347,290,407,64,46,52,411,10,4,8,3,79.4,34.2,50.4,34.5,2.9,14.1
House,24A,Duane Quam,R,"Olmsted (21,433); Dodge (20,867)",42300,11206,8843,31532,347,290,407,67,52,59,414,9,3,6,1,12.9,11.6,29.7,12.7,3.8,15.4
House,24B,Tina Liebling,DFL,"Olmsted (42,322)",42322,10817,7652,30868,340,284,398,65,45,51,404,2,1,1,1,99.7,3.8,6.8,0.5,4.0,13.0
House,25A,Kim Hicks,DFL,"Olmsted (42,869)",42869,11564,8333,31354,345,288,404,69,49,56,414,5,3,2,2,99.8,4.0,19.0,0.9,3.9,13.1
House,25B,Andy Smith,DFL,"Olmsted (42,321)",42321,8138,5868,35184,387,324,454,49,35,39,436,1,1,1,1,100.0,3.8,3.8,0.5,4.0,13.0
House,26A,Aaron Repinski,R,"Winona (42,169)",42169,6896,5148,35341,389,325,456,41,30,34,430,6,0,3,0,0.0,30.7,33.5,39.6,4.8,14.1
House,26B,Greg Davids,R,"Fillmore (21,228); Houston (18,843); Mower (2,763)",42834,10033,7733,32886,362,303,424,60,45,52,422,14,2,12,2,11.4,24.3,37.5,40.9,2.9,17.8
House,27A,Shane Mekeland,R,"Sherburne (42,685)",42685,11462,8759,31433,346,289,405,69,52,58,415,7,2,5,1,46.3,19.4,30.4,40.6,3.6,17.3
House,27B,Bryan Lawrence,R,"Sherburne (22,027); Anoka (8,618); Mille Lacs (8,293); Isanti (3,969)",42907,11432,8583,32487,357,299,419,69,50,57,426,5,4,4,3,71.2,22.9,30.4,36.6,1.0,17.9
House,28A,Jimmy Gordon,R,"Isanti (34,273); Chisago (8,438)",42711,9617,7281,32858,361,302,424,58,43,49,419,6,2,5,2,69.9,30.3,41.4,42.5,2.9,19.8
House,28B,Max Rymer,R,"Chisago (42,233)",42233,10159,7554,33270,366,306,429,61,44,50,427,5,2,3,2,68.8,25.1,40.1,32.9,1.5,17.7
House,29A,Joe McDonald,R,"Wright (41,104); Meeker (1,442); Hennepin (455)",43001,11548,8603,32408,356,298,418,69,51,57,426,12,5,11,5,46.1,24.0,35.5,37.8,2.3,19.7
House,29B,Marion Rarick,R,"Wright (42,733)",42733,11203,8338,32294,355,297,417,67,49,56,422,5,2,4,1,43.4,25.8,27.2,35.0,2.1,20.0
House,30A,Walter Hudson,R,"Wright (42,300); Hennepin (666)",42966,13138,10392,30829,339,284,398,79,61,69,418,6,3,5,3,72.2,18.6,27.2,28.5,1.5,19.3
House,30B,Paul Novotny,R,"Sherburne (25,835); Wright (9,996); Anoka (6,970)",42801,11386,8652,33293,366,306,429,68,51,58,435,4,3,4,3,13.3,15.9,17.2,28.7,1.1,16.8
House,31A,Harry Niska,R,"Anoka (42,896)",42896,11257,8797,31927,351,294,412,68,52,59,419,3,2,3,2,93.5,5.9,16.7,19.0,2.6,15.1
House,31B,Peggy Scott,R,"Anoka (40,855); Isanti (2,112)",42967,10078,7323,33291,366,306,429,60,43,49,427,4,4,4,4,100.0,13.0,29.2,25.1,1.9,14.7
House,32A,Nolan West,R,"Anoka (42,983)",42983,11465,8564,32449,357,299,419,69,50,57,426,3,3,3,3,100.0,6.3,17.5,18.1,2.5,14.7
House,32B,Matt Norris,DFL,"Anoka (42,976)",42976,11207,8621,32573,358,300,420,67,51,57,426,3,3,3,3,100.0,5.7,8.1,13.3,1.9,15.0
House,33A,Patti Anderson,R,"Washington (42,707)",42707,10479,7558,32565,358,300,420,63,44,50,421,4,4,4,4,100.0,12.9,17.5,17.9,1.1,11.4
House,33B,Josiah Hill,DFL,"Washington (42,335)",42335,8549,6985,33120,364,305,427,51,41,47,416,3,3,3,3,100.0,15.3,25.0,21.4,2.4,12.1
House,34A,Danny Nadeau,R,"Hennepin (42,119); Wright (50)",42169,11550,8780,31435,346,289,406,69,52,59,415,4,3,4,3,68.4,8.8,27.2,21.6,2.1,15.7
House,34B,Xp Lee,DFL,"Hennepin (39,512); Anoka (3,357)",42869,9597,7058,29233,322,269,377,58,42,47,379,2,2,2,2,100.0,5.4,5.8,16.0,1.9,14.0
House,35A,Zack Stephenson,DFL,"Anoka (42,891)",42891,9402,6800,33221,365,306,429,56,40,45,422,1,1,1,1,100.0,4.9,4.9,18.1,2.7,15.0
House,35B,Kari Rehrauer,DFL,"Anoka (42,517)",42517,9430,7348,33744,371,310,435,57,43,49,428,1,1,1,1,100.0,4.9,4.9,18.1,2.7,15.0
House,36A,Elliott Engen,R,"Anoka (30,320); Ramsey (12,628)",42948,10107,8033,33033,363,304,426,61,47,54,424,4,3,4,3,90.6,8.8,17.5,13.8,1.1,13.0
House,36B,Brion Curran,DFL,"Ramsey (41,619); Washington (1,260)",42879,9130,6464,32702,360,301,422,55,38,43,415,3,2,2,1,97.4,8.6,10.6,13.4,0.3,10.0
House,37A,Kristin Robbins,R,"Hennepin (42,851)",42851,12511,9443,31951,351,294,412,75,56,63,427,7,6,6,5,93.0,10.8,27.2,17.1,1.6,14.7
House,37B,Kristin Bahner,DFL,"Hennepin (42,986)",42986,9067,7080,34467,379,317,445,54,42,47,434,2,2,2,2,100.0,5.8,5.8,13.9,1.1,13.0
House,38A,Huldah Momanyi-Hiltsley,DFL,"Hennepin (42,860)",42860,11098,8077,31420,346,289,405,67,48,54,412,2,2,2,2,100.0,5.3,5.8,13.2,1.2,13.0
House,38B,Samantha Vang,DFL,"Hennepin (42,883)",42883,13810,10038,29843,328,275,385,83,59,67,411,4,3,4,3,76.9,4.7,5.8,12.3,1.4,13.4
House,39A,Erin Koegel,DFL,"Anoka (42,150); Ramsey (205)",42355,9797,6813,32866,362,302,424,59,40,45,420,5,2,4,2,33.7,5.5,6.3,8.1,1.4,15.0
House,39B,Sandra Feist,DFL,"Ramsey (19,287); Anoka (17,354); Hennepin (5,612)",42253,9719,6314,32354,356,298,417,58,37,42,414,3,0,3,0,0.0,4.4,5.0,6.3,0.8,12.8
House,40A,Kelly Moller,DFL,"Ramsey (42,860)",42860,9999,7057,32567,358,300,420,60,42,47,418,2,1,1,0,0.6,4.8,4.8,8.9,0.3,10.0
House,40B,David Gottfried,DFL,"Ramsey (42,183)",42183,8154,5840,33201,365,305,428,49,34,39,414,2,1,2,1,56.7,2.2,4.8,6.6,0.2,10.0
House,41A,Wayne Johnson,R,"Washington (42,351)",42351,11643,8443,32674,359,301,421,70,50,56,429,5,4,5,4,63.0,12.6,18.4,18.6,2.0,11.9
House,41B,Tom Dippel,R,"Dakota (23,017); Washington (19,376)",42393,10036,7757,32989,363,303,426,60,46,52,423,2,1,2,1,58.1,15.1,18.4,21.1,1.5,12.0
House,42A,Ned Carroll,DFL,"Hennepin (42,509)",42509,12023,8912,29395,323,270,379,72,52,59,395,2,2,2,2,100.0,5.6,5.8,9.8,1.4,13.0
House,42B,Ginny Klevorn,DFL,"Hennepin (42,547)",42547,9222,6772,32543,358,299,420,55,40,45,413,3,3,3,3,100.0,4.4,5.8,10.0,1.5,13.0
House,43A,Cedrick Frazier,DFL,"Hennepin (42,830)",42830,8589,6118,31979,352,294,413,52,36,41,403,1,1,1,1,100.0,2.5,2.5,7.9,1.8,13.0
House,43B,Mike Freiberg,DFL,"Hennepin (42,476)",42476,8646,6268,33543,369,309,433,52,37,42,421,3,3,2,2,100.0,2.8,5.6,7.8,1.7,13.0
House,44A,Peter Fischer,DFL,"Ramsey (42,823)",42823,10223,7258,31836,350,293,411,61,43,48,412,3,3,3,3,100.0,4.0,8.7,9.2,1.0,10.0
House,44B,Leon Lillie,DFL,"Washington (29,543); Ramsey (12,674)",42217,9079,6947,32295,355,297,417,54,41,46,410,2,2,2,2,100.0,6.6,10.6,12.0,1.5,10.0
House,45A,Andrew Myers,R,"Hennepin (42,943)",42943,9892,7696,32643,359,300,421,59,45,51,418,7,5,5,4,75.6,14.5,25.4,18.4,1.2,13.1
House,45B,Patty Acomb,DFL,"Hennepin (42,996)",42996,9036,6256,33873,373,312,437,54,37,42,427,5,3,3,2,68.2,5.8,12.6,9.6,1.5,13.0
House,46A,Larry Kraft,DFL,"Hennepin (42,479)",42479,7487,5459,34179,376,314,441,45,32,36,421,2,1,2,1,4.9,1.3,3.7,4.8,1.2,13.0
House,46B,Cheryl Youakim,DFL,"Hennepin (42,292)",42292,8071,5454,34120,375,314,440,48,32,36,424,3,2,3,2,81.5,2.8,3.7,6.4,1.3,13.0
House,47A,Shelley Buck,DFL,"Washington (32,457); Ramsey (9,774)",42231,9674,6757,33018,363,304,426,58,40,45,421,3,2,3,2,41.0,9.4,14.5,15.3,1.5,11.3
House,47B,Ethan Cha,DFL,"Washington (42,625)",42625,12863,10845,31318,344,288,404,77,64,72,422,2,1,2,1,18.5,11.3,14.5,17.4,1.6,12.0
House,48A,Jim Nash,R,"Carver (42,724)",42724,11924,9027,31782,350,292,410,72,53,60,421,5,3,5,3,92.1,18.5,29.6,23.2,2.1,14.0
House,48B,Lucy Rehm,DFL,"Carver (42,903)",42903,10656,8159,32490,357,299,419,64,48,54,421,2,1,2,1,81.7,12.2,13.0,17.0,2.3,13.8
House,49A,Alex Falconer,DFL,"Hennepin (42,615)",42615,9814,7256,33092,364,304,427,59,43,48,423,3,2,3,2,77.4,6.3,8.8,10.7,1.5,13.0
House,49B,Carlie Kotyza-Witthuhn,DFL,"Hennepin (42,719)",42719,10053,7818,30785,339,283,397,60,46,52,399,1,1,1,1,100.0,7.2,7.2,12.5,1.6,13.0
House,50A,Julie Greene,DFL,"Hennepin (42,333)",42333,9153,6714,31966,352,294,412,55,39,45,407,4,3,3,3,100.0,2.1,2.7,5.9,1.1,13.0
House,50B,Steve Elkins,DFL,"Hennepin (42,547)",42547,7880,5515,33624,370,309,434,47,32,37,417,3,3,1,1,100.0,2.7,7.2,9.8,1.2,13.0
House,51A,Michael Howard,DFL,"Hennepin (42,586)",42586,8319,6015,34563,380,318,446,50,35,40,430,2,1,2,1,87.9,2.4,2.4,5.2,0.2,14.6
House,51B,Nathan Coulter,DFL,"Hennepin (42,947)",42947,9401,6776,34319,378,316,443,56,40,45,434,1,1,1,1,100.0,2.7,2.7,9.8,1.2,13.0
House,52A,Liz Reyer,DFL,"Dakota (42,994)",42994,9680,6966,34288,377,315,442,58,41,46,435,3,3,3,3,100.0,3.0,7.6,12.7,1.3,12.0
House,52B,Bianca Virnig,DFL,"Dakota (42,343)",42343,9978,7745,32734,360,301,422,60,46,52,420,2,2,2,2,100.0,6.4,7.6,14.6,2.7,12.0
House,53A,Mary Frances Clardy,DFL,"Dakota (42,491)",42491,8318,6200,34072,375,313,440,50,36,41,425,3,2,3,2,47.8,6.3,7.8,12.3,1.1,12.0
House,53B,Rick Hansen,DFL,"Dakota (27,593); Washington (14,914)",42507,9176,6760,33757,371,311,435,55,40,45,426,3,1,3,1,48.3,7.4,10.6,13.4,0.7,12.0
House,54A,Brad Tabke,DFL,"Scott (42,992)",42992,11735,9166,32024,352,295,413,70,54,61,423,2,2,1,1,100.0,12.3,12.4,18.4,2.8,15.0
House,54B,Ben Bakeberg,R,"Scott (42,898)",42898,11803,9406,31795,350,293,410,71,55,63,421,4,4,3,3,100.0,11.7,19.6,20.6,2.2,15.0
House,55A,Jessica Hanson,DFL,"Scott (32,465); Dakota (10,366)",42831,10832,7953,32008,352,294,413,65,47,53,417,3,3,3,3,100.0,4.0,12.4,15.0,1.1,13.2
House,55B,Kaela Berg,DFL,"Dakota (42,359)",42359,8480,6201,32939,362,303,425,51,36,41,413,3,3,3,3,100.0,3.3,7.6,14.4,1.6,12.0
House,56A,Robert Bierman,DFL,"Dakota (42,750)",42750,10952,8296,31729,349,292,409,66,49,55,415,2,2,1,1,100.0,7.5,7.6,16.8,3.4,12.0
House,56B,John Huot,DFL,"Dakota (42,333)",42333,11025,8525,30789,339,283,397,66,50,57,405,1,1,1,1,100.0,7.6,7.6,16.8,3.4,12.0
House,57A,Jon Koznick,R,"Dakota (28,457); Scott (13,864)",42321,11598,8790,31598,348,291,408,70,52,59,417,5,2,4,2,88.4,7.4,22.6,19.3,2.5,12.4
House,57B,Jeff Witte,R,"Dakota (42,406)",42406,12045,8483,32519,358,299,419,72,50,57,430,3,2,3,2,81.2,7.1,9.4,18.2,3.1,12.0
House,58A,Kristi Pursell,DFL,"Rice (32,137); Scott (9,551); Dakota (1,261)",42949,9828,7309,33154,365,305,428,59,43,49,424,6,2,5,1,1.3,22.9,35.0,34.2,1.1,15.7
House,58B,Drew Roach,R,"Dakota (39,680); Goodhue (1,947); Rice (869)",42496,12195,9273,30488,335,280,393,73,55,62,409,9,2,6,2,18.3,12.7,35.0,23.2,3.5,12.4
House,59A,Fue Lee,DFL,"Hennepin (42,430)",42430,12367,9201,30540,336,281,394,74,54,61,410,1,0,1,0,0.0,2.2,2.2,3.6,0.1,26.0
House,59B,Esther Agbaje,DFL,"Hennepin (42,494)",42494,9571,6820,34038,374,313,439,57,40,45,432,1,0,1,0,0.0,2.2,2.2,3.6,0.1,26.0
House,60A,Sydney Jordan,DFL,"Hennepin (42,800)",42800,6412,4057,36151,398,333,466,38,24,27,436,1,0,1,0,0.0,2.2,2.2,3.6,0.1,26.0
House,60B,Mohamud Noor,DFL,"Hennepin (42,169)",42169,3632,2034,36346,400,334,469,22,12,14,422,1,0,1,0,0.0,2.2,2.2,3.6,0.1,26.0
House,61A,Katie Jones,DFL,"Hennepin (42,219)",42219,3568,2662,37866,417,348,488,21,16,18,438,1,0,1,0,0.0,2.2,2.2,3.6,0.1,26.0
House,61B,Jamie Long,DFL,"Hennepin (42,825)",42825,7687,5479,36179,398,333,467,46,32,37,444,1,0,1,0,0.0,2.2,2.2,3.6,0.1,26.0
House,62A,Aisha Gomez,DFL,"Hennepin (42,714)",42714,7655,5172,33479,368,308,432,46,30,34,414,1,0,1,0,0.0,2.2,2.2,3.6,0.1,26.0
House,62B,Anquam Mahamoud,DFL,"Hennepin (42,527)",42527,11310,8536,29724,327,273,383,68,50,57,395,1,0,1,0,0.0,2.2,2.2,3.6,0.1,26.0
House,63A,Samantha Sencer-Mura,DFL,"Hennepin (42,332)",42332,8120,5202,34773,383,320,449,49,31,35,431,1,0,1,0,0.0,2.2,2.2,3.6,0.1,26.0
House,63B,Emma Greenman,DFL,"Hennepin (42,292)",42292,9836,7123,31803,350,293,410,59,42,47,409,1,0,1,0,0.0,2.2,2.2,3.6,0.1,26.0
House,64A,Meg Luger-Nikolai,DFL,"Ramsey (42,372)",42372,6497,4743,34644,381,319,447,39,28,32,420,1,1,1,1,100.0,0.2,0.2,6.3,0.2,10.0
House,64B,Dave Pinto,DFL,"Ramsey (42,650)",42650,7775,5785,34088,375,314,440,47,34,39,422,1,1,1,1,100.0,0.2,0.2,6.3,0.2,10.0
House,65A,Samakab Hussein,DFL,"Ramsey (42,216)",42216,12487,9153,30356,334,279,392,75,54,61,409,1,1,1,1,100.0,0.2,0.2,6.3,0.2,10.0
House,65B,María Isa Pérez-Vega,DFL,"Ramsey (31,662); Dakota (10,946)",42608,8577,6189,34380,378,316,444,51,36,41,430,2,2,2,2,100.0,1.0,3.2,6.9,0.3,10.5
House,66A,Leigh Finke,DFL,"Ramsey (42,166)",42166,7343,5521,36017,396,331,465,44,32,37,440,2,2,2,2,100.0,0.2,0.2,5.7,0.2,10.0
House,66B,Athena Hollins,DFL,"Ramsey (42,184)",42184,11595,8752,29181,321,268,376,70,51,58,391,1,1,1,1,100.0,0.2,0.2,6.3,0.2,10.0
House,67A,Liz Lee,DFL,"Ramsey (42,235)",42235,12842,8976,27836,306,256,359,77,53,60,383,1,1,1,1,100.0,0.2,0.2,6.3,0.2,10.0
House,67B,Jay Xiong,DFL,"Ramsey (42,814)",42814,11946,8931,30220,332,278,390,72,53,60,404,1,1,1,1,100.0,0.2,0.2,6.3,0.2,10.0
Senate,01,Mark T. Johnson,R,"Polk (31,192); Roseau (15,331); Pennington (13,992); Marshall (9,040); Norman (6,441); Kittson (4,207); Red Lake (3,935); Clay (1,037)",85175,20036,15044,64588,710,594,833,120,88,100,831,29,5,22,3,32.7,75.5,130.2,262.5,5.3,18.8
Senate,02,Steve Green,R,"Beltrami (46,228); Cass (9,551); Clearwater (8,524); Mahnomen (5,411); Hubbard (5,113); Lake of the Woods (3,763); Becker (3,609); Itasca (3,262)",85461,21211,15789,63890,703,588,824,127,93,105,830,23,4,14,2,5.3,21.9,99.0,195.0,7.4,20.0
Senate,03,Grant Hauschild,DFL,"St. Louis (52,141); Koochiching (12,062); Lake (10,905); Cook (5,600); Itasca (4,046)",84754,15959,12369,68407,752,629,882,96,73,82,848,17,2,12,2,16.1,40.7,105.7,173.0,6.8,22.0
Senate,04,Robert J. Kupec,DFL,"Clay (64,281); Becker (20,721)",85002,20538,15255,64676,711,595,834,123,90,102,835,9,2,7,2,24.9,15.5,46.2,203.4,1.9,16.2
Senate,05,Paul J. Utke,R,"Todd (25,262); Cass (16,546); Hubbard (16,231); Wadena (14,065); Becker (10,853); Morrison (2,445)",85402,19953,14939,66610,733,613,859,120,88,100,852,27,7,21,7,40.9,51.6,75.0,135.4,4.4,21.0
Senate,06,Keri Heintzeman,R,"Crow Wing (61,048); Itasca (19,546); Cass (3,969)",84563,17452,13256,68574,754,631,885,105,78,88,859,11,4,7,3,79.2,59.3,70.5,122.6,3.9,20.0
Senate,07,Robert D. Farnsworth,R,"St. Louis (60,679); Itasca (18,160); Aitkin (5,891)",84730,16870,13059,68336,752,629,882,101,77,87,853,15,2,14,2,29.3,57.4,70.5,168.0,5.9,18.7
Senate,08,Jennifer A. McEwen,DFL,"St. Louis (85,155)",85155,14615,10069,70926,780,653,915,88,59,67,868,2,1,2,1,97.9,1.2,7.8,136.9,1.1,17.0
Senate,09,Jordan Rasmusson,R,"Otter Tail (60,081); Douglas (8,791); Wilkin (6,506); Grant (6,074); Traverse (3,360)",84812,18411,13709,66452,731,611,857,110,81,91,841,29,6,17,3,32.7,59.9,98.0,156.6,3.3,21.5
Senate,10,Nathan Wesenberg,R,"Morrison (31,565); Mille Lacs (18,166); Benton (16,255); Aitkin (9,806); Crow Wing (5,075); Kanabec (4,171); Isanti (781)",85819,20441,15317,66538,732,612,858,123,90,102,855,24,9,16,6,39.5,33.0,70.5,78.1,3.9,21.5
Senate,11,Jason Rarick,R,"Carlton (36,207); Pine (28,876); Kanabec (11,861); Chisago (5,950); St. Louis (2,256)",85150,17826,13673,67967,748,625,877,107,80,91,855,17,2,16,2,23.8,38.1,61.8,93.0,6.4,20.0
Senate,12,Torrey N. Westrom,R,"Douglas (30,215); Stearns (19,026); Pope (11,308); Swift (9,838); Stevens (9,671); Big Stone (5,166)",85224,19600,14357,66325,730,610,856,118,84,96,847,20,8,14,7,65.0,60.3,108.5,116.9,3.5,17.9
Senate,13,Jeff R. Howe,R,"Stearns (69,227); Benton (16,523)",85750,21720,16506,64867,714,597,837,130,97,110,844,13,3,10,2,24.0,9.8,29.7,66.7,2.7,18.4
Senate,14,Aric Putnam,DFL,"Stearns (70,039); Benton (8,601); Sherburne (6,636)",85276,18872,13295,67104,738,617,866,113,78,89,851,4,1,2,1,2.1,2.1,18.5,62.7,1.2,18.0
Senate,15,Gary H. Dahms,R,"Brown (25,912); Lyon (25,269); Redwood (15,425); Yellow Medicine (9,528); Lac qui Parle (6,719); Blue Earth (1,054); Chippewa (946)",84853,20165,14830,64748,712,596,835,121,87,99,833,26,11,18,6,43.5,80.4,108.5,108.5,2.7,16.3
Senate,16,Andrew R. Lang,R,"Kandiyohi (43,732); Meeker (15,188); Renville (14,723); Chippewa (11,652)",85295,20481,15226,64745,712,596,835,123,90,102,835,22,7,14,3,16.6,53.9,96.3,86.6,3.4,17.2
Senate,17,Glenn H. Gruenhagen,R,"McLeod (36,771); Carver (21,295); Sibley (14,836); Meeker (6,770); Wright (5,154)",84826,20021,15179,64714,712,595,835,120,89,101,832,15,6,15,6,53.6,37.3,62.8,44.3,2.3,18.2
Senate,18,Nick A. Frentz,DFL,"Blue Earth (49,860); Nicollet (34,454); Le Sueur (1,185)",85499,16799,12309,68584,754,631,885,101,72,82,855,8,2,4,2,79.4,54.3,67.1,64.0,2.9,14.8
Senate,19,John R. Jasinski,R,"Rice (33,255); Steele (31,656); Waseca (15,406); Goodhue (4,555)",84872,19691,15005,65587,721,603,846,118,88,100,840,11,3,7,3,10.5,37.0,56.0,42.8,2.6,15.1
Senate,20,Steve Drazkowski,R,"Goodhue (41,080); Wabasha (21,387); Olmsted (13,902); Winona (7,502); Dakota (886)",84757,19246,14460,65668,722,604,847,115,85,96,838,19,6,13,5,28.6,24.1,33.5,25.4,2.8,15.6
Senate,21,Bill Weber,R,"Nobles (22,290); Cottonwood (11,517); Jackson (9,989); Rock (9,704); Pipestone (9,424); Murray (8,179); Watonwan (6,991); Lincoln (5,640); Martin (1,594)",85328,21486,15812,63008,693,580,813,129,93,105,822,27,1,24,1,8.7,62.5,101.0,140.2,2.2,17.4
Senate,22,Rich Draheim,R,"Le Sueur (27,489); Martin (18,431); Blue Earth (18,198); Scott (9,158); Faribault (6,406); Watonwan (4,262); Rice (836)",84780,20199,15301,65228,718,600,841,121,90,102,839,23,5,17,3,17.9,58.4,101.0,66.6,3.6,15.8
Senate,23,Gene Dornink,R,"Mower (37,266); Freeborn (30,895); Faribault (7,515); Steele (5,750); Waseca (3,562)",84988,20113,15032,64375,708,592,830,121,88,100,829,19,5,15,4,67.8,43.8,83.5,44.9,3.5,14.9
Senate,24,Carla J. Nelson,R,"Olmsted (63,755); Dodge (20,867)",84622,22023,16495,62400,686,574,805,132,97,110,819,9,3,6,1,56.3,7.7,29.7,6.6,3.9,14.2
Senate,25,Liz Boldon,DFL,"Olmsted (85,190)",85190,19702,14201,66538,732,612,858,118,84,95,850,5,3,2,2,99.9,3.9,19.0,0.7,4.0,13.0
Senate,26,Jeremy R. Miller,R,"Winona (42,169); Fillmore (21,228); Houston (18,843); Mower (2,763)",85003,16929,12881,68227,750,628,880,102,76,86,852,16,2,14,2,5.7,27.5,37.5,40.3,3.8,16.0
Senate,27,Andrew Mathews,R,"Sherburne (64,712); Anoka (8,618); Mille Lacs (8,293); Isanti (3,969)",85592,22894,17342,63920,703,588,825,137,102,116,840,10,5,8,4,58.8,21.2,30.4,38.6,2.3,17.6
Senate,28,Mark W. Koran,R,"Chisago (50,671); Isanti (34,273)",84944,19776,14835,66128,727,608,853,119,87,99,846,9,4,7,4,69.4,27.7,41.4,37.8,2.2,18.8
Senate,29,Michael W. Holmstrom,R,"Wright (83,837); Meeker (1,442); Hennepin (455)",85734,22751,16941,64702,712,595,835,137,100,113,848,13,6,9,4,44.8,24.9,35.5,36.4,2.2,19.9
Senate,30,Eric Lucero,R,"Wright (52,296); Sherburne (25,835); Anoka (6,970); Hennepin (666)",85767,24524,19044,64122,705,590,827,147,112,127,852,8,5,6,4,42.8,17.3,27.2,28.6,1.3,18.0
Senate,31,Calvin K. Bahr,R,"Anoka (83,751); Isanti (2,112)",85863,21335,16120,65218,717,600,841,128,95,107,845,5,4,5,4,96.8,9.4,29.2,22.1,2.2,14.9
Senate,32,Michael E. Kreun,R,"Anoka (85,959)",85959,22672,17185,65022,715,598,839,136,101,115,851,4,4,4,4,100.0,6.0,17.5,15.7,2.2,14.8
Senate,33,Karin Housley,R,"Washington (85,042)",85042,19028,14543,65685,723,604,847,114,86,97,837,5,5,4,4,100.0,14.1,25.0,19.6,1.7,11.7
Senate,34,John A. Hoffman,DFL,"Hennepin (81,631); Anoka (3,357); Wright (50)",85038,21147,15838,60668,667,558,783,127,93,106,794,4,3,3,2,84.4,7.1,27.2,18.8,2.0,14.8
Senate,35,Jim Abeler,R,"Anoka (85,408)",85408,18832,14148,66965,737,616,864,113,83,94,850,1,1,1,1,100.0,4.9,4.9,18.1,2.7,15.0
Senate,36,Heather Gustafson,DFL,"Ramsey (54,247); Anoka (30,320); Washington (1,260)",85827,19237,14497,65735,723,605,848,115,85,97,839,5,4,4,3,94.0,8.7,17.5,13.6,0.7,11.5
Senate,37,Warren Limmer,R,"Hennepin (85,837)",85837,21578,16523,66418,731,611,857,129,97,110,860,7,6,6,5,96.5,8.3,27.2,15.5,1.3,13.9
Senate,38,Susan Pha,DFL,"Hennepin (85,743)",85743,24908,18115,61263,674,564,790,149,107,121,823,4,3,4,3,88.5,5.0,5.8,12.7,1.3,13.2
Senate,39,Mary K. Kunesh,DFL,"Anoka (59,504); Ramsey (19,492); Hennepin (5,612)",84608,19516,13127,65220,717,600,841,117,77,88,835,6,2,6,2,16.9,5.0,6.3,7.2,1.1,13.9
Senate,40,John Marty,DFL,"Ramsey (85,043)",85043,18153,12897,65768,723,605,848,109,76,86,832,2,1,2,1,28.4,3.5,4.8,7.8,0.3,10.0
Senate,41,Judy Seeberger,DFL,"Washington (61,727); Dakota (23,017)",84744,21679,16200,65663,722,604,847,130,95,108,852,5,4,5,4,60.6,13.8,18.4,19.9,1.7,12.0
Senate,42,Bonnie S. Westlin,DFL,"Hennepin (85,056)",85056,21245,15684,61938,681,570,799,127,92,105,809,3,3,3,3,100.0,5.0,5.8,9.9,1.4,13.0
Senate,43,Ann H. Rest,DFL,"Hennepin (85,306)",85306,17235,12386,65522,721,603,845,103,73,83,824,3,3,2,2,100.0,2.7,5.6,7.8,1.7,13.0
Senate,44,Tou Xiong,DFL,"Ramsey (55,497); Washington (29,543)",85040,19302,14205,64131,705,590,827,116,84,95,821,4,4,2,2,100.0,5.3,10.6,10.6,1.2,10.0
Senate,45,Ann M. Johnson Stewart,DFL,"Hennepin (85,939)",85939,18928,13952,66516,732,612,858,114,82,93,845,9,6,6,5,71.9,10.2,25.4,14.0,1.3,13.1
Senate,46,Ron Latz,DFL,"Hennepin (84,771)",84771,15558,10913,68299,751,628,881,93,64,73,845,3,2,3,2,43.1,2.0,3.7,5.6,1.3,13.0
Senate,47,Amanda H. Hemmingsen-Jaeger,DFL,"Washington (75,082); Ramsey (9,774)",84856,22537,17602,64336,708,592,830,135,104,117,843,3,2,3,2,29.7,10.3,14.5,16.4,1.6,11.6
Senate,48,Julia E. Coleman,R,"Carver (85,627)",85627,22580,17186,64272,707,591,829,135,101,115,842,5,3,5,3,86.9,15.3,29.6,20.1,2.2,13.9
Senate,49,Steve A. Cwodzinski,DFL,"Hennepin (85,334)",85334,19867,15074,63877,703,588,824,119,89,100,822,3,2,3,2,88.7,6.8,8.8,11.6,1.6,13.0
Senate,50,Alice Mann,DFL,"Hennepin (84,880)",84880,17033,12229,65590,721,603,846,102,72,82,824,5,4,3,3,100.0,2.4,7.2,7.9,1.2,13.0
Senate,51,Melissa H. Wiklund,DFL,"Hennepin (85,533)",85533,17720,12791,68882,758,634,889,106,75,85,864,3,2,3,2,94.0,2.5,2.7,7.5,0.7,13.8
Senate,52,Jim Carlson,DFL,"Dakota (85,337)",85337,19658,14711,67022,737,617,865,118,87,98,855,3,3,3,3,100.0,4.7,7.6,13.7,2.0,12.0
Senate,53,Matt D. Klein,DFL,"Dakota (70,084); Washington (14,914)",84998,17494,12960,67829,746,624,875,105,76,86,851,5,3,5,3,48.0,6.8,10.6,12.8,0.9,12.0
Senate,54,Eric R. Pratt,R,"Scott (85,890)",85890,23538,18572,63819,702,587,823,141,109,124,843,5,5,3,3,100.0,12.0,19.6,19.5,2.5,15.0
Senate,55,Lindsey Port,DFL,"Dakota (52,725); Scott (32,465)",85190,19312,14154,64947,714,598,838,116,83,94,830,5,5,5,5,100.0,3.7,12.4,14.7,1.3,12.6
Senate,56,Erin K. Maye Quade,DFL,"Dakota (85,083)",85083,21977,16821,62518,688,575,806,132,99,112,820,2,2,1,1,100.0,7.6,7.6,16.8,3.4,12.0
Senate,57,Zach Duckworth,R,"Dakota (70,863); Scott (13,864)",84727,23643,17273,64117,705,590,827,142,102,115,847,6,3,5,3,84.8,7.2,22.6,18.7,2.8,12.2
Senate,58,Bill Lieske,R,"Dakota (40,941); Rice (33,006); Scott (9,551); Goodhue (1,947)",85445,22023,16582,63642,700,586,821,132,98,111,832,13,4,8,2,9.8,17.8,35.0,28.7,2.3,14.1
Senate,59,Bobby Joe Champion,DFL,"Hennepin (84,924)",84924,21938,16021,64578,710,594,833,132,94,107,842,1,0,1,0,0.0,2.2,2.2,3.6,0.1,26.0
Senate,60,Doron Clark,DFL,"Hennepin (84,969)",84969,10044,6091,72497,797,667,935,60,36,41,858,1,0,1,0,0.0,2.2,2.2,3.6,0.1,26.0
Senate,61,D. Scott Dibble,DFL,"Hennepin (85,044)",85044,11255,8141,74045,814,681,955,68,48,54,882,1,0,1,0,0.0,2.2,2.2,3.6,0.1,26.0
Senate,62,Omar Fateh,DFL,"Hennepin (85,241)",85241,18965,13708,63203,695,581,815,114,81,91,809,1,0,1,0,0.0,2.2,2.2,3.6,0.1,26.0
Senate,63,Zaynab Mohamed,DFL,"Hennepin (84,624)",84624,17956,12325,66576,732,612,859,108,72,82,840,1,0,1,0,0.0,2.2,2.2,3.6,0.1,26.0
Senate,64,Erin P. Murphy,DFL,"Ramsey (85,022)",85022,14272,10528,68732,756,632,887,86,62,70,842,1,1,1,1,100.0,0.2,0.2,6.3,0.2,10.0
Senate,65,Sandra L. Pappas,DFL,"Ramsey (73,878); Dakota (10,946)",84824,21064,15342,64736,712,596,835,126,90,102,838,2,2,2,2,100.0,0.6,3.2,6.6,0.3,10.3
Senate,66,Clare Oumou Verbeten,DFL,"Ramsey (84,350)",84350,18938,14273,65198,717,600,841,114,84,95,831,2,2,2,2,100.0,0.2,0.2,6.0,0.2,10.0
Senate,67,Foung Hawj,DFL,"Ramsey (85,049)",85049,24788,17907,58056,639,534,749,149,105,119,787,1,1,1,1,100.0,0.2,0.2,6.3,0.2,10.0
